item_id,order_id,product_id,quantity,unit_price,line_total
1,ORD00001,PROD0160,2,12278.28,24556.56
2,ORD00001,PROD0085,4,89243.32,356973.28
3,ORD00001,PROD0102,2,45021.16,90042.32
4,ORD00002,PROD0247,1,5416.29,5416.29
5,ORD00003,PROD0247,4,5416.29,21665.16
6,ORD00003,PROD0011,1,314229.61,314229.61
7,ORD00003,PROD0196,3,2511.26,7533.78
8,ORD00004,PROD0193,1,9954.82,9954.82
9,ORD00004,PROD0247,3,5416.29,16248.87
10,ORD00005,PROD0257,3,2248.73,6746.19
11,ORD00006,PROD0037,5,266180.98,1330904.90
12,ORD00006,PROD0210,2,14712.50,29425.00
13,ORD00006,PROD0020,2,293010.61,586021.22
14,ORD00006,PROD0064,4,34644.88,138579.52
15,ORD00006,PROD0198,3,57432.47,172297.41
16,ORD00007,PROD0189,4,96833.78,387335.12
17,ORD00007,PROD0030,4,253935.11,1015740.44
18,ORD00008,PROD0015,3,222324.51,666973.53
19,ORD00008,PROD0076,5,27116.85,135584.25
20,ORD00009,PROD0007,4,290642.30,1162569.20
21,ORD00009,PROD0060,4,10877.79,43511.16
22,ORD00009,PROD0048,5,10843.12,54215.60
23,ORD00010,PROD0130,5,1182.88,5914.40
24,ORD00010,PROD0155,4,17522.15,70088.60
25,ORD00010,PROD0257,5,2248.73,11243.65
26,ORD00011,PROD0177,3,102403.06,307209.18
27,ORD00011,PROD0074,2,13460.87,26921.74
28,ORD00012,PROD0036,4,78738.41,314953.64
29,ORD00013,PROD0069,2,39168.98,78337.96
30,ORD00014,PROD0031,2,290316.23,580632.46
31,ORD00015,PROD0086,4,49202.47,196809.88
32,ORD00015,PROD0041,1,14461.31,14461.31
33,ORD00015,PROD0151,3,24271.64,72814.92
34,ORD00015,PROD0044,1,32574.27,32574.27
35,ORD00016,PROD0137,1,2019.05,2019.05
36,ORD00017,PROD0267,3,6230.11,18690.33
37,ORD00018,PROD0185,5,112356.62,561783.10
38,ORD00018,PROD0205,1,,
39,ORD00018,PROD0194,3,24802.59,74407.77
40,ORD00019,PROD0072,5,43142.24,215711.20
41,ORD00019,PROD0014,3,289145.53,867436.59
42,ORD00019,PROD0063,2,35488.70,70977.40
43,ORD00020,PROD0165,1,22136.37,22136.37
44,ORD00021,PROD0120,4,35341.43,141365.72
45,ORD00021,PROD0249,5,774.24,3871.20
46,ORD00022,PROD0052,5,23501.69,117508.45
47,ORD00022,PROD0198,5,57432.47,287162.35
48,ORD00022,PROD0151,5,24271.64,121358.20
49,ORD00022,PROD0100,1,110269.71,110269.71
50,ORD00022,PROD0074,2,13460.87,26921.74
51,ORD00023,PROD0240,5,10219.29,51096.45
52,ORD00023,PROD0087,2,12717.02,25434.04
53,ORD00023,PROD0229,2,4112.45,8224.90
54,ORD00023,PROD0060,2,10877.79,21755.58
55,ORD00023,PROD0247,2,5416.29,10832.58
56,ORD00024,PROD0113,1,145706.19,145706.19
57,ORD00024,PROD0132,2,23990.67,47981.34
58,ORD00024,PROD0244,5,1664.99,8324.95
59,ORD00025,PROD0034,5,272513.12,1362565.60
60,ORD00025,PROD0176,4,30789.84,123159.36
61,ORD00025,PROD0194,2,24802.59,49605.18
62,ORD00025,PROD0196,2,2511.26,5022.52
63,ORD00026,PROD0060,4,10877.79,43511.16
64,ORD00026,PROD0189,5,96833.78,484168.90
65,ORD00026,PROD0066,1,36291.81,36291.81
66,ORD00026,PROD0161,3,25829.99,77489.97
67,ORD00027,PROD0065,1,30524.10,30524.10
68,ORD00027,PROD0267,4,6230.11,24920.44
69,ORD00027,PROD0114,1,7586.49,7586.49
70,ORD00028,PROD0075,5,5182.19,25910.95
71,ORD00028,PROD0018,3,120439.60,361318.80
72,ORD00029,PROD0193,3,9954.82,29864.46
73,ORD00029,PROD0031,2,290316.23,580632.46
74,ORD00030,PROD0027,4,26206.57,104826.28
75,ORD00030,PROD0092,3,140982.24,422946.72
76,ORD00030,PROD0250,2,4620.81,9241.62
77,ORD00031,PROD0271,3,1989.71,5969.13
78,ORD00032,PROD0028,2,316366.34,632732.68
79,ORD00032,PROD0156,5,21374.21,106871.05
80,ORD00032,PROD0235,2,1609.74,3219.48
81,ORD00033,PROD0053,2,43609.38,87218.76
82,ORD00034,PROD0243,2,10094.25,20188.50
83,ORD00035,PROD0077,2,20510.26,41020.52
84,ORD00035,PROD0207,1,11561.20,11561.20
85,ORD00036,PROD0046,3,5762.47,17287.41
86,ORD00036,PROD0238,4,6026.76,24107.04
87,ORD00036,PROD0196,3,2511.26,7533.78
88,ORD00037,PROD0246,4,5399.76,21599.04
89,ORD00037,PROD0141,4,11608.58,46434.32
90,ORD00037,PROD0049,3,27088.42,81265.26
91,ORD00037,PROD0093,5,8480.78,42403.90
92,ORD00037,PROD0197,2,113579.08,227158.16
93,ORD00038,PROD0275,5,10193.83,50969.15
94,ORD00039,PROD0107,1,97418.23,97418.23
95,ORD00040,PROD0066,5,36291.81,181459.05
96,ORD00041,PROD0279,2,962.48,1924.96
97,ORD00042,PROD0151,5,24271.64,121358.20
98,ORD00042,PROD0274,4,7846.95,31387.80
99,ORD00042,PROD0228,3,6170.81,18512.43
100,ORD00042,PROD0072,5,43142.24,215711.20
101,ORD00043,PROD0023,1,276589.43,276589.43
102,ORD00043,PROD0122,2,16203.67,32407.34
103,ORD00044,PROD0143,5,13171.72,65858.60
104,ORD00044,PROD0066,4,36291.81,145167.24
105,ORD00045,PROD0074,2,13460.87,26921.74
106,ORD00045,PROD0275,1,10193.83,10193.83
107,ORD00046,PROD0262,2,3172.89,6345.78
108,ORD00046,PROD0084,3,37258.14,111774.42
109,ORD00046,PROD0215,4,3385.48,13541.92
110,ORD00047,PROD0034,1,272513.12,272513.12
111,ORD00047,PROD0169,3,41598.42,124795.26
112,ORD00048,PROD0064,1,34644.88,34644.88
113,ORD00048,PROD0090,5,102715.97,513579.85
114,ORD00048,PROD0270,3,907.09,2721.27
115,ORD00048,PROD0157,5,10758.03,53790.15
116,ORD00048,PROD0251,3,5175.86,15527.58
117,ORD00049,PROD0273,5,1784.35,8921.75
118,ORD00050,PROD0263,2,8199.23,16398.46
119,ORD00051,PROD0190,2,22778.54,45557.08
120,ORD00051,PROD0128,4,24463.34,97853.36
121,ORD00051,PROD0215,3,3385.48,10156.44
122,ORD00051,PROD0235,4,1609.74,6438.96
123,ORD00052,PROD0045,3,15761.34,47284.02
124,ORD00053,PROD0048,1,10843.12,10843.12
125,ORD00053,PROD0085,3,89243.32,267729.96
126,ORD00053,PROD0030,5,253935.11,1269675.55
127,ORD00054,PROD0070,4,25905.43,103621.72
128,ORD00054,PROD0246,5,5399.76,26998.80
129,ORD00055,PROD0098,1,54814.26,54814.26
130,ORD00056,PROD0230,5,6077.64,30388.20
131,ORD00056,PROD0087,2,12717.02,25434.04
132,ORD00057,PROD0058,3,14691.81,44075.43
133,ORD00058,PROD0151,3,24271.64,72814.92
134,ORD00059,PROD0019,5,339524.65,1697623.25
135,ORD00059,PROD0238,4,6026.76,24107.04
136,ORD00060,PROD0096,4,179864.29,719457.16
137,ORD00061,PROD0250,2,4620.81,9241.62
138,ORD00061,PROD0004,3,39811.79,119435.37
139,ORD00062,PROD0056,2,6299.62,12599.24
140,ORD00062,PROD0225,3,9270.30,27810.90
141,ORD00062,PROD0083,4,160848.97,643395.88
142,ORD00063,PROD0102,4,45021.16,180084.64
143,ORD00064,PROD0205,5,,
144,ORD00065,PROD0177,5,102403.06,512015.30
145,ORD00066,PROD0149,4,8124.11,32496.44
146,ORD00066,PROD0145,1,22657.06,22657.06
147,ORD00067,PROD0059,3,35594.97,106784.91
148,ORD00068,PROD0258,5,4792.40,23962.00
149,ORD00068,PROD0093,2,8480.78,16961.56
150,ORD00068,PROD0097,2,9141.77,18283.54
151,ORD00069,PROD0103,1,83304.08,83304.08
152,ORD00069,PROD0047,4,5512.81,22051.24
153,ORD00070,PROD0219,1,14849.13,14849.13
154,ORD00071,PROD0025,2,330590.39,661180.78
155,ORD00072,PROD0130,3,1182.88,3548.64
156,ORD00072,PROD0252,3,8223.52,24670.56
157,ORD00073,PROD0186,5,17418.14,87090.70
158,ORD00074,PROD0055,2,42567.03,85134.06
159,ORD00075,PROD0099,1,130788.21,130788.21
160,ORD00075,PROD0229,5,4112.45,20562.25
161,ORD00075,PROD0051,5,33329.69,166648.45
162,ORD00076,PROD0099,4,130788.21,523152.84
163,ORD00077,PROD0061,1,6821.26,6821.26
164,ORD00077,PROD0224,4,607.93,2431.72
165,ORD00078,PROD0067,1,11627.77,11627.77
166,ORD00078,PROD0149,5,8124.11,40620.55
167,ORD00079,PROD0273,1,1784.35,1784.35
168,ORD00079,PROD0263,2,8199.23,16398.46
169,ORD00080,PROD0106,1,137481.28,137481.28
170,ORD00080,PROD0095,2,49921.23,99842.46
171,ORD00081,PROD0269,3,2989.48,8968.44
172,ORD00081,PROD0133,2,23616.92,47233.84
173,ORD00082,PROD0021,2,34405.68,68811.36
174,ORD00083,PROD0128,5,24463.34,122316.70
175,ORD00083,PROD0108,1,121332.02,121332.02
176,ORD00084,PROD0069,4,39168.98,156675.92
177,ORD00085,PROD0113,3,145706.19,437118.57
178,ORD00085,PROD0144,1,801.07,801.07
179,ORD00085,PROD0091,5,141135.80,705679.00
180,ORD00086,PROD0132,5,23990.67,119953.35
181,ORD00087,PROD0119,4,47472.78,189891.12
182,ORD00088,PROD0091,2,141135.80,282271.60
183,ORD00088,PROD0097,3,9141.77,27425.31
184,ORD00088,PROD0252,1,8223.52,8223.52
185,ORD00089,PROD0207,1,11561.20,11561.20
186,ORD00090,PROD0057,1,24240.82,24240.82
187,ORD00091,PROD0007,1,290642.30,290642.30
188,ORD00092,PROD0084,2,37258.14,74516.28
189,ORD00092,PROD0158,2,12650.30,25300.60
190,ORD00092,PROD0170,1,45302.42,45302.42
191,ORD00092,PROD0246,5,5399.76,26998.80
192,ORD00093,PROD0053,4,43609.38,174437.52
193,ORD00093,PROD0262,2,3172.89,6345.78
194,ORD00094,PROD0197,1,113579.08,113579.08
195,ORD00095,PROD0171,1,105588.96,105588.96
196,ORD00096,PROD0220,5,11275.57,56377.85
197,ORD00097,PROD0147,3,5055.12,15165.36
198,ORD00098,PROD0077,2,20510.26,41020.52
199,ORD00098,PROD0076,4,27116.85,108467.40
200,ORD00098,PROD0164,4,6702.72,26810.88
201,ORD00099,PROD0143,1,13171.72,13171.72
202,ORD00099,PROD0075,3,5182.19,15546.57
203,ORD00100,PROD0171,5,105588.96,527944.80
204,ORD00100,PROD0071,4,9870.56,39482.24
205,ORD00100,PROD0126,5,13544.05,67720.25
206,ORD00100,PROD0197,5,113579.08,567895.40
207,ORD00100,PROD0215,4,3385.48,13541.92
208,ORD00101,PROD0113,2,145706.19,291412.38
209,ORD00101,PROD0045,3,15761.34,47284.02
210,ORD00102,PROD0185,2,112356.62,224713.24
211,ORD00102,PROD0072,5,43142.24,215711.20
212,ORD00102,PROD0151,4,24271.64,97086.56
213,ORD00102,PROD0236,2,7038.57,14077.14
214,ORD00103,PROD0218,1,5238.20,5238.20
215,ORD00103,PROD0191,5,44052.51,220262.55
216,ORD00103,PROD0028,1,316366.34,316366.34
217,ORD00104,PROD0040,1,47715.49,47715.49
218,ORD00105,PROD0173,1,39177.27,39177.27
219,ORD00105,PROD0228,3,6170.81,18512.43
220,ORD00106,PROD0006,4,308912.61,1235650.44
221,ORD00106,PROD0203,4,3538.98,14155.92
222,ORD00107,PROD0140,2,2847.84,5695.68
223,ORD00107,PROD0048,2,10843.12,21686.24
224,ORD00107,PROD0268,4,2944.75,11779.00
225,ORD00107,PROD0194,5,24802.59,124012.95
226,ORD00108,PROD0240,4,10219.29,40877.16
227,ORD00108,PROD0245,4,,
228,ORD00108,PROD0161,2,25829.99,51659.98
229,ORD00109,PROD0172,1,95695.43,95695.43
230,ORD00110,PROD0104,1,,
231,ORD00111,PROD0162,1,2672.21,2672.21
232,ORD00112,PROD0162,3,2672.21,8016.63
233,ORD00112,PROD0201,2,10976.40,21952.80
234,ORD00113,PROD0077,1,20510.26,20510.26
235,ORD00114,PROD0048,2,10843.12,21686.24
236,ORD00114,PROD0119,2,47472.78,94945.56
237,ORD00115,PROD0068,3,43176.46,129529.38
238,ORD00115,PROD0174,3,110640.11,331920.33
239,ORD00116,PROD0107,5,97418.23,487091.15
240,ORD00117,PROD0008,2,121518.49,243036.98
241,ORD00118,PROD0152,2,1904.28,3808.56
242,ORD00119,PROD0243,3,10094.25,30282.75
243,ORD00120,PROD0187,4,28776.04,115104.16
244,ORD00120,PROD0147,4,5055.12,20220.48
245,ORD00121,PROD0192,3,94625.99,283877.97
246,ORD00121,PROD0043,1,16739.67,16739.67
247,ORD00121,PROD0212,5,8757.97,43789.85
248,ORD00121,PROD0260,1,5050.94,5050.94
249,ORD00121,PROD0231,2,6206.49,12412.98
250,ORD00122,PROD0237,1,7201.43,7201.43
251,ORD00123,PROD0204,3,5933.15,17799.45
252,ORD00123,PROD0222,1,2802.33,2802.33
253,ORD00123,PROD0103,3,83304.08,249912.24
254,ORD00123,PROD0206,3,5427.42,16282.26
255,ORD00124,PROD0241,2,1174.07,2348.14
256,ORD00124,PROD0075,3,5182.19,15546.57
257,ORD00125,PROD0243,2,10094.25,20188.50
258,ORD00125,PROD0110,1,23332.73,23332.73
259,ORD00125,PROD0028,4,316366.34,1265465.36
260,ORD00126,PROD0232,4,4469.76,17879.04
261,ORD00127,PROD0153,2,10840.50,21681.00
262,ORD00128,PROD0200,5,29196.20,145981.00
263,ORD00128,PROD0006,5,308912.61,1544563.05
264,ORD00129,PROD0163,2,18374.63,36749.26
265,ORD00129,PROD0008,4,121518.49,486073.96
266,ORD00130,PROD0002,4,102447.74,409790.96
267,ORD00131,PROD0097,4,9141.77,36567.08
268,ORD00132,PROD0008,3,121518.49,364555.47
269,ORD00132,PROD0190,1,22778.54,22778.54
270,ORD00133,PROD0234,4,6463.53,25854.12
271,ORD00133,PROD0212,3,8757.97,26273.91
272,ORD00134,PROD0091,5,141135.80,705679.00
273,ORD00134,PROD0084,4,37258.14,149032.56
274,ORD00135,PROD0051,1,33329.69,33329.69
275,ORD00136,PROD0279,4,962.48,3849.92
276,ORD00136,PROD0052,5,23501.69,117508.45
277,ORD00137,PROD0233,5,10621.64,53108.20
278,ORD00138,PROD0203,3,3538.98,10616.94
279,ORD00138,PROD0004,2,39811.79,79623.58
280,ORD00139,PROD0003,1,49538.31,49538.31
281,ORD00139,PROD0213,1,2985.64,2985.64
282,ORD00140,PROD0221,2,13121.51,26243.02
283,ORD00141,PROD0220,2,11275.57,22551.14
284,ORD00141,PROD0066,4,36291.81,145167.24
285,ORD00141,PROD0200,3,29196.20,87588.60
286,ORD00142,PROD0201,5,10976.40,54882.00
287,ORD00142,PROD0134,2,19220.41,38440.82
288,ORD00143,PROD0279,1,962.48,962.48
289,ORD00144,PROD0275,2,10193.83,20387.66
290,ORD00145,PROD0043,2,16739.67,33479.34
291,ORD00146,PROD0145,3,22657.06,67971.18
292,ORD00147,PROD0252,1,8223.52,8223.52
293,ORD00148,PROD0231,1,6206.49,6206.49
294,ORD00148,PROD0083,2,160848.97,321697.94
295,ORD00148,PROD0093,5,8480.78,42403.90
296,ORD00148,PROD0153,5,10840.50,54202.50
297,ORD00149,PROD0082,3,54346.36,163039.08
298,ORD00149,PROD0268,1,2944.75,2944.75
299,ORD00150,PROD0016,1,256280.50,256280.50
300,ORD00150,PROD0168,2,100026.32,200052.64
301,ORD00150,PROD0071,3,9870.56,29611.68
302,ORD00150,PROD0113,3,145706.19,437118.57
303,ORD00151,PROD0254,4,9824.37,39297.48
304,ORD00152,PROD0160,2,12278.28,24556.56
305,ORD00152,PROD0085,4,89243.32,356973.28
306,ORD00153,PROD0197,2,113579.08,227158.16
307,ORD00153,PROD0220,5,11275.57,56377.85
308,ORD00154,PROD0210,3,14712.50,44137.50
309,ORD00155,PROD0166,4,101932.80,407731.20
310,ORD00156,PROD0161,1,25829.99,25829.99
311,ORD00157,PROD0034,5,272513.12,1362565.60
312,ORD00157,PROD0198,2,57432.47,114864.94
313,ORD00157,PROD0146,1,9207.08,9207.08
314,ORD00157,PROD0109,5,70228.44,351142.20
315,ORD00158,PROD0223,3,7785.89,23357.67
316,ORD00158,PROD0163,2,18374.63,36749.26
317,ORD00159,PROD0232,2,4469.76,8939.52
318,ORD00160,PROD0003,4,49538.31,198153.24
319,ORD00161,PROD0009,1,198883.60,198883.60
320,ORD00162,PROD0178,4,87684.88,350739.52
321,ORD00163,PROD0063,5,35488.70,177443.50
5788,ORD02716,PROD0205,3,,
322,ORD00163,PROD0192,1,94625.99,94625.99
323,ORD00164,PROD0116,2,20859.43,41718.86
324,ORD00164,PROD0088,3,,
325,ORD00164,PROD0046,5,5762.47,28812.35
326,ORD00165,PROD0195,3,24091.13,72273.39
327,ORD00166,PROD0212,5,8757.97,43789.85
328,ORD00166,PROD0229,2,4112.45,8224.90
329,ORD00166,PROD0063,5,35488.70,177443.50
330,ORD00166,PROD0268,4,2944.75,11779.00
331,ORD00167,PROD0136,3,8175.35,24526.05
332,ORD00168,PROD0039,1,257535.23,257535.23
333,ORD00168,PROD0254,2,9824.37,19648.74
334,ORD00169,PROD0271,3,1989.71,5969.13
335,ORD00169,PROD0264,4,4118.15,16472.60
336,ORD00169,PROD0161,2,25829.99,51659.98
337,ORD00170,PROD0263,3,8199.23,24597.69
338,ORD00170,PROD0104,4,,
339,ORD00170,PROD0205,2,,
340,ORD00170,PROD0097,3,9141.77,27425.31
341,ORD00170,PROD0036,5,78738.41,393692.05
342,ORD00171,PROD0236,2,7038.57,14077.14
343,ORD00172,PROD0109,2,70228.44,140456.88
344,ORD00173,PROD0196,4,2511.26,10045.04
345,ORD00174,PROD0266,1,408.26,408.26
346,ORD00174,PROD0222,1,2802.33,2802.33
347,ORD00175,PROD0034,5,272513.12,1362565.60
348,ORD00176,PROD0138,2,15463.10,30926.20
349,ORD00176,PROD0254,2,9824.37,19648.74
350,ORD00176,PROD0106,3,137481.28,412443.84
351,ORD00177,PROD0245,3,,
352,ORD00178,PROD0234,2,6463.53,12927.06
353,ORD00179,PROD0088,5,,
354,ORD00179,PROD0005,1,85978.02,85978.02
355,ORD00179,PROD0181,4,63768.87,255075.48
356,ORD00179,PROD0243,2,10094.25,20188.50
357,ORD00180,PROD0269,2,2989.48,5978.96
358,ORD00180,PROD0258,1,4792.40,4792.40
359,ORD00180,PROD0086,1,49202.47,49202.47
360,ORD00181,PROD0250,3,4620.81,13862.43
361,ORD00182,PROD0248,1,4809.30,4809.30
362,ORD00182,PROD0058,2,14691.81,29383.62
363,ORD00182,PROD0139,4,14201.82,56807.28
364,ORD00182,PROD0266,2,408.26,816.52
365,ORD00183,PROD0185,1,112356.62,112356.62
366,ORD00183,PROD0106,3,137481.28,412443.84
367,ORD00183,PROD0046,5,5762.47,28812.35
368,ORD00183,PROD0100,4,110269.71,441078.84
369,ORD00183,PROD0194,5,24802.59,124012.95
370,ORD00184,PROD0022,5,222156.94,1110784.70
371,ORD00185,PROD0178,2,87684.88,175369.76
372,ORD00185,PROD0148,4,3628.18,14512.72
373,ORD00185,PROD0057,2,24240.82,48481.64
374,ORD00185,PROD0005,5,85978.02,429890.10
375,ORD00185,PROD0256,3,1625.49,4876.47
376,ORD00186,PROD0021,2,34405.68,68811.36
377,ORD00187,PROD0001,1,279610.57,279610.57
378,ORD00188,PROD0045,3,15761.34,47284.02
379,ORD00189,PROD0017,4,257730.40,1030921.60
380,ORD00190,PROD0155,3,17522.15,52566.45
381,ORD00190,PROD0160,5,12278.28,61391.40
382,ORD00190,PROD0089,2,45090.58,90181.16
383,ORD00190,PROD0224,2,607.93,1215.86
384,ORD00191,PROD0193,1,9954.82,9954.82
385,ORD00191,PROD0224,2,607.93,1215.86
386,ORD00192,PROD0211,1,8250.11,8250.11
387,ORD00192,PROD0237,5,7201.43,36007.15
388,ORD00193,PROD0263,5,8199.23,40996.15
389,ORD00193,PROD0192,5,94625.99,473129.95
390,ORD00193,PROD0066,5,36291.81,181459.05
391,ORD00194,PROD0266,4,408.26,1633.04
392,ORD00195,PROD0050,3,26917.21,80751.63
393,ORD00196,PROD0028,5,316366.34,1581831.70
394,ORD00196,PROD0105,2,162358.65,324717.30
395,ORD00197,PROD0103,1,83304.08,83304.08
396,ORD00197,PROD0059,2,35594.97,71189.94
397,ORD00197,PROD0035,5,190414.55,952072.75
398,ORD00198,PROD0228,1,6170.81,6170.81
399,ORD00198,PROD0201,3,10976.40,32929.20
400,ORD00198,PROD0029,4,149660.33,598641.32
401,ORD00199,PROD0225,5,9270.30,46351.50
402,ORD00200,PROD0262,5,3172.89,15864.45
403,ORD00201,PROD0141,4,11608.58,46434.32
404,ORD00201,PROD0201,1,10976.40,10976.40
405,ORD00202,PROD0006,1,308912.61,308912.61
406,ORD00202,PROD0156,5,21374.21,106871.05
407,ORD00203,PROD0235,3,1609.74,4829.22
408,ORD00203,PROD0142,5,8820.60,44103.00
409,ORD00203,PROD0005,5,85978.02,429890.10
410,ORD00203,PROD0082,2,54346.36,108692.72
411,ORD00204,PROD0181,4,63768.87,255075.48
412,ORD00204,PROD0174,2,110640.11,221280.22
413,ORD00205,PROD0093,3,8480.78,25442.34
414,ORD00205,PROD0260,5,5050.94,25254.70
415,ORD00205,PROD0270,5,907.09,4535.45
416,ORD00205,PROD0133,3,23616.92,70850.76
417,ORD00205,PROD0067,5,11627.77,58138.85
418,ORD00206,PROD0244,2,1664.99,3329.98
419,ORD00206,PROD0166,2,101932.80,203865.60
420,ORD00207,PROD0032,1,246601.80,246601.80
421,ORD00207,PROD0129,4,5323.48,21293.92
422,ORD00207,PROD0059,3,35594.97,106784.91
423,ORD00207,PROD0020,5,293010.61,1465053.05
424,ORD00208,PROD0101,4,114695.41,458781.64
425,ORD00208,PROD0130,4,1182.88,4731.52
426,ORD00209,PROD0013,1,337113.25,337113.25
427,ORD00210,PROD0037,2,266180.98,532361.96
428,ORD00210,PROD0175,5,102750.60,513753.00
429,ORD00211,PROD0071,1,9870.56,9870.56
430,ORD00212,PROD0153,4,10840.50,43362.00
431,ORD00212,PROD0052,2,23501.69,47003.38
432,ORD00212,PROD0061,1,6821.26,6821.26
433,ORD00213,PROD0129,2,5323.48,10646.96
434,ORD00213,PROD0200,3,29196.20,87588.60
435,ORD00213,PROD0184,1,48414.15,48414.15
436,ORD00213,PROD0035,5,190414.55,952072.75
437,ORD00214,PROD0280,5,7685.53,38427.65
438,ORD00214,PROD0057,4,24240.82,96963.28
439,ORD00215,PROD0031,1,290316.23,290316.23
440,ORD00215,PROD0072,2,43142.24,86284.48
441,ORD00215,PROD0105,4,162358.65,649434.60
442,ORD00215,PROD0169,1,41598.42,41598.42
443,ORD00216,PROD0042,2,44258.35,88516.70
444,ORD00216,PROD0246,3,5399.76,16199.28
445,ORD00217,PROD0245,3,,
446,ORD00218,PROD0010,1,270434.00,270434.00
447,ORD00218,PROD0247,4,5416.29,21665.16
448,ORD00219,PROD0225,1,9270.30,9270.30
449,ORD00220,PROD0122,2,16203.67,32407.34
450,ORD00220,PROD0119,4,47472.78,189891.12
451,ORD00220,PROD0048,5,10843.12,54215.60
452,ORD00220,PROD0006,5,308912.61,1544563.05
453,ORD00221,PROD0065,4,30524.10,122096.40
454,ORD00222,PROD0067,1,11627.77,11627.77
455,ORD00222,PROD0204,3,5933.15,17799.45
456,ORD00222,PROD0246,5,5399.76,26998.80
457,ORD00222,PROD0063,2,35488.70,70977.40
458,ORD00222,PROD0040,4,47715.49,190861.96
459,ORD00223,PROD0150,3,12003.33,36009.99
460,ORD00223,PROD0126,3,13544.05,40632.15
461,ORD00223,PROD0270,5,907.09,4535.45
462,ORD00224,PROD0041,2,14461.31,28922.62
463,ORD00224,PROD0105,5,162358.65,811793.25
464,ORD00225,PROD0121,4,17176.67,68706.68
465,ORD00226,PROD0197,3,113579.08,340737.24
466,ORD00227,PROD0196,4,2511.26,10045.04
467,ORD00227,PROD0197,1,113579.08,113579.08
468,ORD00228,PROD0278,3,6353.37,19060.11
469,ORD00229,PROD0111,5,2676.03,13380.15
470,ORD00229,PROD0015,4,222324.51,889298.04
471,ORD00229,PROD0175,4,102750.60,411002.40
472,ORD00230,PROD0148,5,3628.18,18140.90
473,ORD00231,PROD0122,3,16203.67,48611.01
474,ORD00231,PROD0068,3,43176.46,129529.38
475,ORD00231,PROD0008,1,121518.49,121518.49
476,ORD00232,PROD0186,3,17418.14,52254.42
477,ORD00232,PROD0138,5,15463.10,77315.50
478,ORD00233,PROD0226,4,7172.97,28691.88
479,ORD00233,PROD0005,1,85978.02,85978.02
480,ORD00234,PROD0161,3,25829.99,77489.97
481,ORD00234,PROD0033,3,245627.48,736882.44
482,ORD00234,PROD0226,3,7172.97,21518.91
483,ORD00234,PROD0093,4,8480.78,33923.12
484,ORD00235,PROD0059,1,35594.97,35594.97
485,ORD00236,PROD0117,3,31515.40,94546.20
486,ORD00236,PROD0032,3,246601.80,739805.40
487,ORD00237,PROD0056,1,6299.62,6299.62
488,ORD00238,PROD0213,1,2985.64,2985.64
489,ORD00239,PROD0209,3,2728.52,8185.56
490,ORD00240,PROD0109,3,70228.44,210685.32
491,ORD00241,PROD0194,1,24802.59,24802.59
492,ORD00241,PROD0017,1,257730.40,257730.40
493,ORD00241,PROD0077,2,20510.26,41020.52
494,ORD00241,PROD0196,5,2511.26,12556.30
495,ORD00242,PROD0271,5,1989.71,9948.55
496,ORD00242,PROD0027,5,26206.57,131032.85
497,ORD00242,PROD0242,4,5755.30,23021.20
498,ORD00243,PROD0186,2,17418.14,34836.28
499,ORD00244,PROD0181,5,63768.87,318844.35
500,ORD00245,PROD0065,2,30524.10,61048.20
501,ORD00245,PROD0276,4,6563.88,26255.52
502,ORD00246,PROD0076,2,27116.85,54233.70
503,ORD00246,PROD0254,2,9824.37,19648.74
504,ORD00247,PROD0241,1,1174.07,1174.07
505,ORD00247,PROD0052,4,23501.69,94006.76
506,ORD00247,PROD0065,1,30524.10,30524.10
507,ORD00248,PROD0217,5,7092.62,35463.10
508,ORD00248,PROD0182,2,33297.75,66595.50
509,ORD00248,PROD0066,3,36291.81,108875.43
510,ORD00248,PROD0206,1,5427.42,5427.42
511,ORD00249,PROD0024,1,321716.92,321716.92
512,ORD00250,PROD0245,2,,
513,ORD00251,PROD0004,5,39811.79,199058.95
514,ORD00252,PROD0050,2,26917.21,53834.42
515,ORD00253,PROD0219,3,14849.13,44547.39
516,ORD00253,PROD0147,4,5055.12,20220.48
517,ORD00254,PROD0143,1,13171.72,13171.72
518,ORD00254,PROD0161,3,25829.99,77489.97
519,ORD00255,PROD0133,2,23616.92,47233.84
520,ORD00255,PROD0055,1,42567.03,42567.03
521,ORD00255,PROD0119,2,47472.78,94945.56
522,ORD00255,PROD0143,5,13171.72,65858.60
523,ORD00256,PROD0277,1,9657.13,9657.13
524,ORD00256,PROD0276,3,6563.88,19691.64
525,ORD00256,PROD0100,2,110269.71,220539.42
526,ORD00256,PROD0004,3,39811.79,119435.37
527,ORD00256,PROD0251,5,5175.86,25879.30
528,ORD00257,PROD0222,3,2802.33,8406.99
529,ORD00257,PROD0253,1,8743.34,8743.34
530,ORD00258,PROD0168,3,100026.32,300078.96
531,ORD00258,PROD0081,3,110991.10,332973.30
532,ORD00258,PROD0260,4,5050.94,20203.76
533,ORD00259,PROD0020,3,293010.61,879031.83
534,ORD00259,PROD0222,2,2802.33,5604.66
535,ORD00259,PROD0052,5,23501.69,117508.45
536,ORD00259,PROD0267,1,6230.11,6230.11
537,ORD00260,PROD0136,2,8175.35,16350.70
538,ORD00260,PROD0241,4,1174.07,4696.28
539,ORD00261,PROD0110,5,23332.73,116663.65
540,ORD00261,PROD0002,5,102447.74,512238.70
541,ORD00261,PROD0223,2,7785.89,15571.78
542,ORD00261,PROD0035,2,190414.55,380829.10
543,ORD00261,PROD0252,1,8223.52,8223.52
544,ORD00262,PROD0248,2,4809.30,9618.60
545,ORD00262,PROD0272,3,11096.23,33288.69
546,ORD00263,PROD0050,1,26917.21,26917.21
547,ORD00263,PROD0113,3,145706.19,437118.57
548,ORD00264,PROD0164,1,6702.72,6702.72
549,ORD00265,PROD0121,3,17176.67,51530.01
550,ORD00265,PROD0015,3,222324.51,666973.53
551,ORD00266,PROD0227,4,9871.34,39485.36
552,ORD00267,PROD0024,4,321716.92,1286867.68
553,ORD00267,PROD0158,4,12650.30,50601.20
554,ORD00268,PROD0169,1,41598.42,41598.42
555,ORD00268,PROD0067,4,11627.77,46511.08
556,ORD00268,PROD0277,1,9657.13,9657.13
557,ORD00268,PROD0011,3,314229.61,942688.83
558,ORD00269,PROD0275,2,10193.83,20387.66
559,ORD00270,PROD0111,5,2676.03,13380.15
560,ORD00271,PROD0204,4,5933.15,23732.60
561,ORD00272,PROD0068,1,43176.46,43176.46
562,ORD00272,PROD0139,1,14201.82,14201.82
563,ORD00273,PROD0049,3,27088.42,81265.26
564,ORD00273,PROD0201,4,10976.40,43905.60
565,ORD00273,PROD0100,5,110269.71,551348.55
566,ORD00273,PROD0160,1,12278.28,12278.28
567,ORD00274,PROD0048,2,10843.12,21686.24
568,ORD00275,PROD0009,4,198883.60,795534.40
569,ORD00276,PROD0119,4,47472.78,189891.12
570,ORD00277,PROD0049,1,27088.42,27088.42
571,ORD00277,PROD0087,2,12717.02,25434.04
572,ORD00277,PROD0107,4,97418.23,389672.92
573,ORD00277,PROD0251,5,5175.86,25879.30
574,ORD00277,PROD0128,4,24463.34,97853.36
575,ORD00278,PROD0160,3,12278.28,36834.84
576,ORD00279,PROD0138,4,15463.10,61852.40
577,ORD00279,PROD0108,3,121332.02,363996.06
578,ORD00279,PROD0251,2,5175.86,10351.72
579,ORD00279,PROD0280,3,7685.53,23056.59
580,ORD00280,PROD0218,1,5238.20,5238.20
581,ORD00280,PROD0040,2,47715.49,95430.98
582,ORD00280,PROD0193,5,9954.82,49774.10
583,ORD00280,PROD0066,1,36291.81,36291.81
584,ORD00281,PROD0269,4,2989.48,11957.92
585,ORD00282,PROD0151,5,24271.64,121358.20
586,ORD00282,PROD0139,3,14201.82,42605.46
587,ORD00283,PROD0191,4,44052.51,176210.04
588,ORD00283,PROD0266,4,408.26,1633.04
589,ORD00283,PROD0129,2,5323.48,10646.96
590,ORD00284,PROD0214,2,12483.89,24967.78
591,ORD00285,PROD0276,3,6563.88,19691.64
592,ORD00285,PROD0235,1,1609.74,1609.74
593,ORD00286,PROD0177,3,102403.06,307209.18
594,ORD00286,PROD0008,4,121518.49,486073.96
595,ORD00286,PROD0099,5,130788.21,653941.05
596,ORD00286,PROD0141,3,11608.58,34825.74
597,ORD00287,PROD0079,1,13912.80,13912.80
598,ORD00288,PROD0197,5,113579.08,567895.40
599,ORD00288,PROD0170,4,45302.42,181209.68
600,ORD00288,PROD0142,2,8820.60,17641.20
601,ORD00289,PROD0001,3,279610.57,838831.71
602,ORD00290,PROD0242,3,5755.30,17265.90
603,ORD00290,PROD0168,5,100026.32,500131.60
604,ORD00291,PROD0268,3,2944.75,8834.25
605,ORD00292,PROD0074,4,13460.87,53843.48
606,ORD00292,PROD0224,3,607.93,1823.79
607,ORD00292,PROD0227,1,9871.34,9871.34
608,ORD00293,PROD0178,5,87684.88,438424.40
609,ORD00293,PROD0218,5,5238.20,26191.00
610,ORD00293,PROD0110,2,23332.73,46665.46
611,ORD00294,PROD0159,3,17483.90,52451.70
612,ORD00295,PROD0018,4,120439.60,481758.40
613,ORD00295,PROD0141,4,11608.58,46434.32
614,ORD00296,PROD0242,2,5755.30,11510.60
615,ORD00296,PROD0233,4,10621.64,42486.56
616,ORD00296,PROD0252,5,8223.52,41117.60
617,ORD00297,PROD0032,1,246601.80,246601.80
618,ORD00297,PROD0161,5,25829.99,129149.95
619,ORD00298,PROD0087,4,12717.02,50868.08
620,ORD00298,PROD0188,4,51993.13,207972.52
621,ORD00298,PROD0265,1,11740.65,11740.65
622,ORD00298,PROD0008,1,121518.49,121518.49
623,ORD00299,PROD0023,3,276589.43,829768.29
624,ORD00300,PROD0180,1,60582.65,60582.65
625,ORD00301,PROD0096,2,179864.29,359728.58
626,ORD00301,PROD0163,1,18374.63,18374.63
627,ORD00301,PROD0011,2,314229.61,628459.22
628,ORD00302,PROD0195,3,24091.13,72273.39
629,ORD00303,PROD0091,3,141135.80,423407.40
630,ORD00303,PROD0152,1,1904.28,1904.28
631,ORD00303,PROD0133,4,23616.92,94467.68
632,ORD00303,PROD0226,3,7172.97,21518.91
633,ORD00304,PROD0088,5,,
634,ORD00304,PROD0019,4,339524.65,1358098.60
635,ORD00305,PROD0258,5,4792.40,23962.00
636,ORD00306,PROD0240,3,10219.29,30657.87
637,ORD00307,PROD0194,5,24802.59,124012.95
638,ORD00308,PROD0244,3,1664.99,4994.97
639,ORD00309,PROD0280,2,7685.53,15371.06
640,ORD00310,PROD0243,3,10094.25,30282.75
641,ORD00310,PROD0125,5,22153.16,110765.80
642,ORD00310,PROD0130,3,1182.88,3548.64
643,ORD00311,PROD0260,4,5050.94,20203.76
644,ORD00311,PROD0056,3,6299.62,18898.86
645,ORD00311,PROD0216,5,3485.44,17427.20
646,ORD00312,PROD0269,1,2989.48,2989.48
647,ORD00312,PROD0102,1,45021.16,45021.16
648,ORD00312,PROD0072,3,43142.24,129426.72
649,ORD00312,PROD0067,2,11627.77,23255.54
650,ORD00312,PROD0171,3,105588.96,316766.88
651,ORD00313,PROD0105,4,162358.65,649434.60
652,ORD00314,PROD0202,4,12764.12,51056.48
653,ORD00314,PROD0109,4,70228.44,280913.76
654,ORD00315,PROD0069,4,39168.98,156675.92
655,ORD00316,PROD0274,3,7846.95,23540.85
656,ORD00316,PROD0037,4,266180.98,1064723.92
657,ORD00317,PROD0189,5,96833.78,484168.90
658,ORD00317,PROD0186,1,17418.14,17418.14
659,ORD00317,PROD0175,5,102750.60,513753.00
660,ORD00318,PROD0023,3,276589.43,829768.29
661,ORD00318,PROD0109,4,70228.44,280913.76
662,ORD00319,PROD0216,2,3485.44,6970.88
663,ORD00320,PROD0052,1,23501.69,23501.69
664,ORD00320,PROD0208,2,9010.85,18021.70
665,ORD00321,PROD0206,1,5427.42,5427.42
666,ORD00321,PROD0217,3,7092.62,21277.86
667,ORD00322,PROD0243,5,10094.25,50471.25
668,ORD00322,PROD0172,3,95695.43,287086.29
669,ORD00323,PROD0041,5,14461.31,72306.55
670,ORD00323,PROD0077,3,20510.26,61530.78
671,ORD00323,PROD0004,2,39811.79,79623.58
672,ORD00323,PROD0173,5,39177.27,195886.35
673,ORD00324,PROD0251,4,5175.86,20703.44
674,ORD00325,PROD0013,3,337113.25,1011339.75
675,ORD00325,PROD0278,2,6353.37,12706.74
676,ORD00326,PROD0019,5,339524.65,1697623.25
677,ORD00327,PROD0253,3,8743.34,26230.02
678,ORD00327,PROD0221,4,13121.51,52486.04
679,ORD00327,PROD0141,5,11608.58,58042.90
680,ORD00328,PROD0191,1,44052.51,44052.51
681,ORD00329,PROD0155,2,17522.15,35044.30
682,ORD00329,PROD0217,3,7092.62,21277.86
683,ORD00329,PROD0206,1,5427.42,5427.42
684,ORD00329,PROD0012,4,248709.70,994838.80
685,ORD00330,PROD0125,3,22153.16,66459.48
686,ORD00330,PROD0026,5,34248.48,171242.40
687,ORD00331,PROD0024,2,321716.92,643433.84
688,ORD00331,PROD0205,3,,
689,ORD00332,PROD0137,4,2019.05,8076.20
690,ORD00333,PROD0114,5,7586.49,37932.45
691,ORD00333,PROD0033,4,245627.48,982509.92
692,ORD00333,PROD0148,5,3628.18,18140.90
693,ORD00334,PROD0164,3,6702.72,20108.16
694,ORD00335,PROD0207,1,11561.20,11561.20
695,ORD00336,PROD0043,3,16739.67,50219.01
696,ORD00336,PROD0107,3,97418.23,292254.69
697,ORD00336,PROD0272,4,11096.23,44384.92
698,ORD00336,PROD0190,4,22778.54,91114.16
699,ORD00336,PROD0156,1,21374.21,21374.21
700,ORD00337,PROD0252,4,8223.52,32894.08
701,ORD00337,PROD0121,5,17176.67,85883.35
702,ORD00338,PROD0092,4,140982.24,563928.96
703,ORD00338,PROD0082,5,54346.36,271731.80
704,ORD00339,PROD0186,1,17418.14,17418.14
705,ORD00340,PROD0273,2,1784.35,3568.70
706,ORD00340,PROD0201,4,10976.40,43905.60
707,ORD00341,PROD0091,5,141135.80,705679.00
708,ORD00341,PROD0205,3,,
709,ORD00341,PROD0148,4,3628.18,14512.72
710,ORD00341,PROD0002,2,102447.74,204895.48
711,ORD00342,PROD0015,2,222324.51,444649.02
712,ORD00342,PROD0115,5,2277.24,11386.20
713,ORD00343,PROD0167,1,22365.17,22365.17
714,ORD00343,PROD0128,3,24463.34,73390.02
715,ORD00343,PROD0086,1,49202.47,49202.47
716,ORD00343,PROD0242,5,5755.30,28776.50
717,ORD00344,PROD0123,4,11097.43,44389.72
718,ORD00344,PROD0090,2,102715.97,205431.94
719,ORD00345,PROD0228,2,6170.81,12341.62
720,ORD00346,PROD0082,1,54346.36,54346.36
721,ORD00346,PROD0126,1,13544.05,13544.05
722,ORD00346,PROD0237,1,7201.43,7201.43
723,ORD00347,PROD0276,4,6563.88,26255.52
724,ORD00347,PROD0062,4,22431.17,89724.68
725,ORD00347,PROD0274,1,7846.95,7846.95
726,ORD00347,PROD0013,3,337113.25,1011339.75
727,ORD00348,PROD0220,1,11275.57,11275.57
728,ORD00348,PROD0064,2,34644.88,69289.76
729,ORD00349,PROD0188,2,51993.13,103986.26
730,ORD00349,PROD0212,2,8757.97,17515.94
731,ORD00349,PROD0174,4,110640.11,442560.44
732,ORD00350,PROD0252,3,8223.52,24670.56
733,ORD00350,PROD0126,4,13544.05,54176.20
734,ORD00350,PROD0134,3,19220.41,57661.23
735,ORD00350,PROD0176,4,30789.84,123159.36
736,ORD00351,PROD0014,3,289145.53,867436.59
737,ORD00351,PROD0114,5,7586.49,37932.45
738,ORD00352,PROD0226,2,7172.97,14345.94
739,ORD00352,PROD0151,2,24271.64,48543.28
740,ORD00353,PROD0156,3,21374.21,64122.63
741,ORD00353,PROD0076,5,27116.85,135584.25
742,ORD00353,PROD0007,5,290642.30,1453211.50
743,ORD00353,PROD0133,4,23616.92,94467.68
744,ORD00354,PROD0161,4,25829.99,103319.96
745,ORD00354,PROD0268,2,2944.75,5889.50
746,ORD00354,PROD0192,5,94625.99,473129.95
747,ORD00354,PROD0194,4,24802.59,99210.36
748,ORD00355,PROD0159,2,17483.90,34967.80
749,ORD00356,PROD0183,4,26053.15,104212.60
750,ORD00356,PROD0256,5,1625.49,8127.45
751,ORD00357,PROD0104,1,,
752,ORD00357,PROD0187,3,28776.04,86328.12
753,ORD00357,PROD0017,5,257730.40,1288652.00
754,ORD00357,PROD0205,1,,
755,ORD00358,PROD0029,3,149660.33,448980.99
756,ORD00358,PROD0229,2,4112.45,8224.90
757,ORD00358,PROD0268,2,2944.75,5889.50
758,ORD00358,PROD0127,2,8700.29,17400.58
759,ORD00358,PROD0126,4,13544.05,54176.20
760,ORD00359,PROD0033,3,245627.48,736882.44
761,ORD00359,PROD0068,1,43176.46,43176.46
762,ORD00359,PROD0268,2,2944.75,5889.50
763,ORD00360,PROD0027,4,26206.57,104826.28
764,ORD00360,PROD0164,1,6702.72,6702.72
765,ORD00360,PROD0038,4,88262.22,353048.88
766,ORD00360,PROD0101,1,114695.41,114695.41
767,ORD00361,PROD0221,4,13121.51,52486.04
768,ORD00361,PROD0058,2,14691.81,29383.62
769,ORD00362,PROD0091,3,141135.80,423407.40
770,ORD00363,PROD0141,5,11608.58,58042.90
771,ORD00364,PROD0164,4,6702.72,26810.88
772,ORD00364,PROD0261,4,8607.87,34431.48
773,ORD00365,PROD0227,2,9871.34,19742.68
774,ORD00365,PROD0176,1,30789.84,30789.84
775,ORD00365,PROD0276,2,6563.88,13127.76
776,ORD00365,PROD0094,2,117897.53,235795.06
777,ORD00366,PROD0108,3,121332.02,363996.06
778,ORD00366,PROD0080,2,14845.55,29691.10
779,ORD00367,PROD0214,2,12483.89,24967.78
780,ORD00367,PROD0138,3,15463.10,46389.30
781,ORD00368,PROD0162,4,2672.21,10688.84
782,ORD00368,PROD0231,5,6206.49,31032.45
783,ORD00368,PROD0158,4,12650.30,50601.20
784,ORD00369,PROD0072,3,43142.24,129426.72
785,ORD00369,PROD0234,1,6463.53,6463.53
786,ORD00370,PROD0196,3,2511.26,7533.78
787,ORD00371,PROD0055,3,42567.03,127701.09
788,ORD00371,PROD0039,4,257535.23,1030140.92
789,ORD00371,PROD0125,5,22153.16,110765.80
790,ORD00371,PROD0083,4,160848.97,643395.88
791,ORD00372,PROD0193,1,9954.82,9954.82
792,ORD00373,PROD0057,3,24240.82,72722.46
793,ORD00373,PROD0242,4,5755.30,23021.20
794,ORD00373,PROD0069,2,39168.98,78337.96
795,ORD00373,PROD0038,2,88262.22,176524.44
796,ORD00374,PROD0134,3,19220.41,57661.23
797,ORD00374,PROD0272,1,11096.23,11096.23
798,ORD00375,PROD0229,4,4112.45,16449.80
799,ORD00375,PROD0110,2,23332.73,46665.46
800,ORD00375,PROD0095,4,49921.23,199684.92
801,ORD00375,PROD0165,3,22136.37,66409.11
802,ORD00376,PROD0211,4,8250.11,33000.44
803,ORD00377,PROD0263,1,8199.23,8199.23
804,ORD00377,PROD0192,5,94625.99,473129.95
805,ORD00377,PROD0009,3,198883.60,596650.80
806,ORD00377,PROD0224,5,607.93,3039.65
807,ORD00378,PROD0058,5,14691.81,73459.05
808,ORD00379,PROD0098,4,54814.26,219257.04
809,ORD00379,PROD0038,3,88262.22,264786.66
810,ORD00380,PROD0174,4,110640.11,442560.44
811,ORD00381,PROD0004,1,39811.79,39811.79
812,ORD00381,PROD0200,1,29196.20,29196.20
813,ORD00382,PROD0168,4,100026.32,400105.28
814,ORD00382,PROD0273,2,1784.35,3568.70
815,ORD00383,PROD0093,1,8480.78,8480.78
816,ORD00384,PROD0162,2,2672.21,5344.42
817,ORD00385,PROD0112,4,35280.59,141122.36
818,ORD00385,PROD0182,1,33297.75,33297.75
819,ORD00385,PROD0014,4,289145.53,1156582.12
820,ORD00385,PROD0071,1,9870.56,9870.56
821,ORD00386,PROD0106,4,137481.28,549925.12
822,ORD00387,PROD0108,1,121332.02,121332.02
823,ORD00388,PROD0108,5,121332.02,606660.10
824,ORD00388,PROD0047,3,5512.81,16538.43
825,ORD00389,PROD0052,3,23501.69,70505.07
826,ORD00389,PROD0182,3,33297.75,99893.25
827,ORD00390,PROD0200,1,29196.20,29196.20
828,ORD00390,PROD0242,3,5755.30,17265.90
829,ORD00391,PROD0066,2,36291.81,72583.62
830,ORD00391,PROD0266,2,408.26,816.52
831,ORD00392,PROD0151,4,24271.64,97086.56
832,ORD00392,PROD0191,2,44052.51,88105.02
833,ORD00392,PROD0213,2,2985.64,5971.28
834,ORD00392,PROD0081,5,110991.10,554955.50
835,ORD00393,PROD0105,3,162358.65,487075.95
836,ORD00394,PROD0241,1,1174.07,1174.07
837,ORD00395,PROD0087,1,12717.02,12717.02
838,ORD00395,PROD0081,3,110991.10,332973.30
839,ORD00395,PROD0052,2,23501.69,47003.38
840,ORD00396,PROD0275,4,10193.83,40775.32
841,ORD00396,PROD0226,4,7172.97,28691.88
842,ORD00396,PROD0069,3,39168.98,117506.94
843,ORD00396,PROD0001,2,279610.57,559221.14
844,ORD00396,PROD0160,3,12278.28,36834.84
845,ORD00397,PROD0101,2,114695.41,229390.82
846,ORD00397,PROD0065,5,30524.10,152620.50
847,ORD00398,PROD0145,2,22657.06,45314.12
848,ORD00398,PROD0054,3,31709.48,95128.44
849,ORD00398,PROD0128,2,24463.34,48926.68
850,ORD00399,PROD0265,2,11740.65,23481.30
851,ORD00399,PROD0137,3,2019.05,6057.15
852,ORD00400,PROD0008,4,121518.49,486073.96
853,ORD00400,PROD0074,3,13460.87,40382.61
854,ORD00400,PROD0018,1,120439.60,120439.60
855,ORD00400,PROD0122,5,16203.67,81018.35
856,ORD00400,PROD0083,4,160848.97,643395.88
857,ORD00401,PROD0110,5,23332.73,116663.65
858,ORD00401,PROD0233,3,10621.64,31864.92
859,ORD00402,PROD0173,4,39177.27,156709.08
860,ORD00402,PROD0096,5,179864.29,899321.45
861,ORD00402,PROD0131,4,21092.44,84369.76
862,ORD00402,PROD0175,1,102750.60,102750.60
863,ORD00403,PROD0279,1,962.48,962.48
864,ORD00403,PROD0065,2,30524.10,61048.20
865,ORD00404,PROD0178,3,87684.88,263054.64
866,ORD00405,PROD0262,2,3172.89,6345.78
867,ORD00406,PROD0078,5,18117.48,90587.40
868,ORD00406,PROD0272,1,11096.23,11096.23
869,ORD00407,PROD0082,1,54346.36,54346.36
870,ORD00408,PROD0218,3,5238.20,15714.60
871,ORD00408,PROD0104,1,,
872,ORD00409,PROD0240,1,10219.29,10219.29
873,ORD00409,PROD0165,1,22136.37,22136.37
874,ORD00409,PROD0070,3,25905.43,77716.29
875,ORD00409,PROD0154,5,19738.96,98694.80
876,ORD00410,PROD0072,2,43142.24,86284.48
877,ORD00410,PROD0074,2,13460.87,26921.74
878,ORD00410,PROD0247,4,5416.29,21665.16
879,ORD00411,PROD0037,2,266180.98,532361.96
880,ORD00411,PROD0116,4,20859.43,83437.72
881,ORD00411,PROD0142,1,8820.60,8820.60
882,ORD00412,PROD0168,1,100026.32,100026.32
883,ORD00413,PROD0153,5,10840.50,54202.50
884,ORD00413,PROD0064,5,34644.88,173224.40
885,ORD00414,PROD0131,1,21092.44,21092.44
886,ORD00415,PROD0046,2,5762.47,11524.94
887,ORD00415,PROD0186,4,17418.14,69672.56
888,ORD00416,PROD0142,3,8820.60,26461.80
889,ORD00416,PROD0129,4,5323.48,21293.92
890,ORD00416,PROD0261,3,8607.87,25823.61
891,ORD00417,PROD0254,2,9824.37,19648.74
892,ORD00418,PROD0193,4,9954.82,39819.28
893,ORD00418,PROD0266,1,408.26,408.26
894,ORD00419,PROD0123,3,11097.43,33292.29
895,ORD00419,PROD0185,4,112356.62,449426.48
896,ORD00419,PROD0216,4,3485.44,13941.76
897,ORD00419,PROD0202,5,12764.12,63820.60
898,ORD00419,PROD0021,5,34405.68,172028.40
899,ORD00420,PROD0093,1,8480.78,8480.78
900,ORD00421,PROD0130,3,1182.88,3548.64
901,ORD00421,PROD0184,2,48414.15,96828.30
902,ORD00421,PROD0177,3,102403.06,307209.18
903,ORD00422,PROD0083,2,160848.97,321697.94
904,ORD00423,PROD0089,3,45090.58,135271.74
905,ORD00423,PROD0256,3,1625.49,4876.47
906,ORD00423,PROD0046,5,5762.47,28812.35
907,ORD00424,PROD0047,2,5512.81,11025.62
908,ORD00424,PROD0208,4,9010.85,36043.40
909,ORD00424,PROD0161,2,25829.99,51659.98
910,ORD00424,PROD0255,3,7571.15,22713.45
911,ORD00425,PROD0087,1,12717.02,12717.02
912,ORD00425,PROD0166,2,101932.80,203865.60
913,ORD00425,PROD0009,5,198883.60,994418.00
914,ORD00426,PROD0204,2,5933.15,11866.30
915,ORD00426,PROD0039,1,257535.23,257535.23
916,ORD00427,PROD0273,2,1784.35,3568.70
917,ORD00427,PROD0182,4,33297.75,133191.00
918,ORD00427,PROD0204,1,5933.15,5933.15
919,ORD00428,PROD0116,4,20859.43,83437.72
920,ORD00429,PROD0115,2,2277.24,4554.48
921,ORD00430,PROD0125,1,22153.16,22153.16
922,ORD00431,PROD0096,5,179864.29,899321.45
923,ORD00432,PROD0135,3,2595.60,7786.80
924,ORD00432,PROD0221,2,13121.51,26243.02
925,ORD00432,PROD0190,3,22778.54,68335.62
926,ORD00433,PROD0050,4,26917.21,107668.84
927,ORD00433,PROD0260,5,5050.94,25254.70
928,ORD00434,PROD0115,5,2277.24,11386.20
929,ORD00434,PROD0239,4,1047.73,4190.92
930,ORD00434,PROD0138,4,15463.10,61852.40
931,ORD00434,PROD0028,5,316366.34,1581831.70
932,ORD00434,PROD0236,4,7038.57,28154.28
933,ORD00435,PROD0178,2,87684.88,175369.76
934,ORD00435,PROD0245,1,,
935,ORD00436,PROD0252,4,8223.52,32894.08
936,ORD00436,PROD0221,2,13121.51,26243.02
937,ORD00436,PROD0069,4,39168.98,156675.92
938,ORD00437,PROD0074,5,13460.87,67304.35
939,ORD00437,PROD0277,1,9657.13,9657.13
940,ORD00437,PROD0162,3,2672.21,8016.63
941,ORD00437,PROD0004,5,39811.79,199058.95
942,ORD00438,PROD0128,1,24463.34,24463.34
943,ORD00438,PROD0092,4,140982.24,563928.96
944,ORD00438,PROD0093,1,8480.78,8480.78
945,ORD00439,PROD0071,2,9870.56,19741.12
946,ORD00439,PROD0176,1,30789.84,30789.84
947,ORD00440,PROD0134,4,19220.41,76881.64
948,ORD00441,PROD0011,5,314229.61,1571148.05
949,ORD00441,PROD0032,1,246601.80,246601.80
950,ORD00442,PROD0168,4,100026.32,400105.28
951,ORD00443,PROD0256,2,1625.49,3250.98
952,ORD00444,PROD0091,2,141135.80,282271.60
953,ORD00444,PROD0226,5,7172.97,35864.85
954,ORD00445,PROD0062,3,22431.17,67293.51
955,ORD00445,PROD0160,2,12278.28,24556.56
956,ORD00445,PROD0150,5,12003.33,60016.65
957,ORD00445,PROD0056,5,6299.62,31498.10
958,ORD00446,PROD0200,1,29196.20,29196.20
959,ORD00446,PROD0230,5,6077.64,30388.20
960,ORD00447,PROD0207,1,11561.20,11561.20
961,ORD00448,PROD0267,1,6230.11,6230.11
962,ORD00449,PROD0202,2,12764.12,25528.24
963,ORD00449,PROD0280,3,7685.53,23056.59
964,ORD00450,PROD0194,4,24802.59,99210.36
965,ORD00450,PROD0043,1,16739.67,16739.67
966,ORD00451,PROD0148,5,3628.18,18140.90
967,ORD00451,PROD0029,1,149660.33,149660.33
968,ORD00452,PROD0161,5,25829.99,129149.95
969,ORD00452,PROD0025,1,330590.39,330590.39
970,ORD00453,PROD0223,2,7785.89,15571.78
971,ORD00453,PROD0261,5,8607.87,43039.35
972,ORD00453,PROD0269,3,2989.48,8968.44
973,ORD00454,PROD0038,2,88262.22,176524.44
974,ORD00454,PROD0105,5,162358.65,811793.25
975,ORD00454,PROD0254,5,9824.37,49121.85
976,ORD00455,PROD0170,3,45302.42,135907.26
977,ORD00455,PROD0091,4,141135.80,564543.20
978,ORD00455,PROD0200,1,29196.20,29196.20
979,ORD00455,PROD0117,2,31515.40,63030.80
980,ORD00456,PROD0159,3,17483.90,52451.70
981,ORD00456,PROD0105,4,162358.65,649434.60
982,ORD00457,PROD0250,4,4620.81,18483.24
983,ORD00457,PROD0130,1,1182.88,1182.88
984,ORD00457,PROD0006,4,308912.61,1235650.44
985,ORD00458,PROD0132,3,23990.67,71972.01
986,ORD00458,PROD0204,3,5933.15,17799.45
987,ORD00458,PROD0146,5,9207.08,46035.40
988,ORD00458,PROD0275,3,10193.83,30581.49
989,ORD00459,PROD0103,1,83304.08,83304.08
990,ORD00459,PROD0066,4,36291.81,145167.24
991,ORD00459,PROD0266,4,408.26,1633.04
992,ORD00460,PROD0124,4,17164.25,68657.00
993,ORD00460,PROD0224,2,607.93,1215.86
994,ORD00460,PROD0190,4,22778.54,91114.16
995,ORD00461,PROD0163,2,18374.63,36749.26
996,ORD00461,PROD0023,3,276589.43,829768.29
997,ORD00461,PROD0008,3,121518.49,364555.47
998,ORD00462,PROD0079,3,13912.80,41738.40
999,ORD00463,PROD0226,1,7172.97,7172.97
1000,ORD00464,PROD0163,1,18374.63,18374.63
1001,ORD00464,PROD0030,1,253935.11,253935.11
1002,ORD00465,PROD0074,1,13460.87,13460.87
1003,ORD00466,PROD0062,5,22431.17,112155.85
1004,ORD00466,PROD0115,5,2277.24,11386.20
1005,ORD00466,PROD0019,1,339524.65,339524.65
1006,ORD00467,PROD0122,5,16203.67,81018.35
1007,ORD00467,PROD0252,3,8223.52,24670.56
1008,ORD00468,PROD0185,2,112356.62,224713.24
1009,ORD00468,PROD0115,3,2277.24,6831.72
1010,ORD00469,PROD0011,4,314229.61,1256918.44
1011,ORD00470,PROD0065,4,30524.10,122096.40
1012,ORD00470,PROD0181,4,63768.87,255075.48
1013,ORD00470,PROD0107,4,97418.23,389672.92
1014,ORD00470,PROD0208,4,9010.85,36043.40
1015,ORD00470,PROD0216,4,3485.44,13941.76
1016,ORD00471,PROD0187,5,28776.04,143880.20
1017,ORD00471,PROD0238,4,6026.76,24107.04
1018,ORD00472,PROD0154,1,19738.96,19738.96
1019,ORD00472,PROD0212,2,8757.97,17515.94
1020,ORD00473,PROD0227,2,9871.34,19742.68
1021,ORD00473,PROD0013,4,337113.25,1348453.00
1022,ORD00474,PROD0102,4,45021.16,180084.64
1023,ORD00474,PROD0078,3,18117.48,54352.44
1024,ORD00475,PROD0019,1,339524.65,339524.65
1025,ORD00475,PROD0050,1,26917.21,26917.21
1026,ORD00476,PROD0183,3,26053.15,78159.45
1027,ORD00476,PROD0104,1,,
1028,ORD00476,PROD0078,3,18117.48,54352.44
1029,ORD00476,PROD0110,5,23332.73,116663.65
1030,ORD00477,PROD0052,5,23501.69,117508.45
1031,ORD00478,PROD0241,2,1174.07,2348.14
1032,ORD00478,PROD0144,1,801.07,801.07
1033,ORD00479,PROD0243,1,10094.25,10094.25
1034,ORD00479,PROD0195,5,24091.13,120455.65
1035,ORD00479,PROD0245,3,,
1036,ORD00479,PROD0088,4,,
1037,ORD00480,PROD0174,3,110640.11,331920.33
1038,ORD00480,PROD0044,1,32574.27,32574.27
1039,ORD00481,PROD0101,5,114695.41,573477.05
1040,ORD00481,PROD0165,4,22136.37,88545.48
1041,ORD00481,PROD0150,1,12003.33,12003.33
1042,ORD00481,PROD0043,5,16739.67,83698.35
1043,ORD00481,PROD0182,5,33297.75,166488.75
1044,ORD00482,PROD0013,1,337113.25,337113.25
1045,ORD00482,PROD0251,2,5175.86,10351.72
1046,ORD00482,PROD0164,3,6702.72,20108.16
1047,ORD00482,PROD0086,3,49202.47,147607.41
1048,ORD00483,PROD0067,5,11627.77,58138.85
1049,ORD00483,PROD0006,1,308912.61,308912.61
1050,ORD00484,PROD0193,3,9954.82,29864.46
1051,ORD00484,PROD0172,5,95695.43,478477.15
1052,ORD00485,PROD0251,3,5175.86,15527.58
1053,ORD00485,PROD0145,1,22657.06,22657.06
1054,ORD00486,PROD0059,2,35594.97,71189.94
1055,ORD00486,PROD0012,1,248709.70,248709.70
1056,ORD00486,PROD0066,2,36291.81,72583.62
1057,ORD00486,PROD0055,3,42567.03,127701.09
1058,ORD00487,PROD0007,3,290642.30,871926.90
1059,ORD00488,PROD0063,1,35488.70,35488.70
1060,ORD00489,PROD0047,1,5512.81,5512.81
1061,ORD00490,PROD0272,2,11096.23,22192.46
1062,ORD00491,PROD0032,2,246601.80,493203.60
1063,ORD00491,PROD0227,5,9871.34,49356.70
1064,ORD00492,PROD0064,2,34644.88,69289.76
1065,ORD00492,PROD0039,2,257535.23,515070.46
1066,ORD00492,PROD0097,4,9141.77,36567.08
1067,ORD00492,PROD0096,5,179864.29,899321.45
1068,ORD00492,PROD0165,3,22136.37,66409.11
1069,ORD00493,PROD0272,3,11096.23,33288.69
1070,ORD00493,PROD0004,2,39811.79,79623.58
1071,ORD00493,PROD0129,1,5323.48,5323.48
1072,ORD00494,PROD0229,1,4112.45,4112.45
1073,ORD00494,PROD0007,3,290642.30,871926.90
1074,ORD00495,PROD0034,3,272513.12,817539.36
1075,ORD00495,PROD0135,4,2595.60,10382.40
1076,ORD00496,PROD0088,1,,
1077,ORD00497,PROD0238,2,6026.76,12053.52
1078,ORD00497,PROD0232,2,4469.76,8939.52
1079,ORD00498,PROD0077,4,20510.26,82041.04
1080,ORD00499,PROD0009,4,198883.60,795534.40
1081,ORD00500,PROD0143,2,13171.72,26343.44
1082,ORD00501,PROD0031,1,290316.23,290316.23
1083,ORD00501,PROD0181,1,63768.87,63768.87
1084,ORD00502,PROD0111,3,2676.03,8028.09
1085,ORD00502,PROD0214,2,12483.89,24967.78
1086,ORD00502,PROD0252,3,8223.52,24670.56
1087,ORD00502,PROD0007,3,290642.30,871926.90
1088,ORD00503,PROD0192,2,94625.99,189251.98
1089,ORD00504,PROD0168,2,100026.32,200052.64
1090,ORD00505,PROD0100,5,110269.71,551348.55
1091,ORD00505,PROD0066,2,36291.81,72583.62
1092,ORD00505,PROD0165,5,22136.37,110681.85
1093,ORD00506,PROD0049,4,27088.42,108353.68
1094,ORD00507,PROD0137,4,2019.05,8076.20
1095,ORD00507,PROD0035,4,190414.55,761658.20
1096,ORD00508,PROD0031,2,290316.23,580632.46
1097,ORD00508,PROD0243,1,10094.25,10094.25
1098,ORD00508,PROD0127,3,8700.29,26100.87
1099,ORD00509,PROD0161,2,25829.99,51659.98
1100,ORD00509,PROD0275,2,10193.83,20387.66
1101,ORD00510,PROD0193,4,9954.82,39819.28
1102,ORD00511,PROD0216,1,3485.44,3485.44
1103,ORD00512,PROD0161,3,25829.99,77489.97
1104,ORD00512,PROD0056,4,6299.62,25198.48
1105,ORD00513,PROD0009,1,198883.60,198883.60
1106,ORD00514,PROD0223,4,7785.89,31143.56
1107,ORD00514,PROD0166,2,101932.80,203865.60
1108,ORD00515,PROD0021,1,34405.68,34405.68
1109,ORD00515,PROD0262,2,3172.89,6345.78
1110,ORD00516,PROD0121,3,17176.67,51530.01
1111,ORD00516,PROD0048,1,10843.12,10843.12
1112,ORD00516,PROD0185,4,112356.62,449426.48
1113,ORD00516,PROD0183,3,26053.15,78159.45
1114,ORD00517,PROD0080,4,14845.55,59382.20
1115,ORD00517,PROD0046,2,5762.47,11524.94
1116,ORD00517,PROD0107,1,97418.23,97418.23
1117,ORD00518,PROD0027,4,26206.57,104826.28
1118,ORD00518,PROD0116,1,20859.43,20859.43
1119,ORD00519,PROD0166,4,101932.80,407731.20
1120,ORD00519,PROD0199,1,28468.05,28468.05
1121,ORD00520,PROD0035,2,190414.55,380829.10
1122,ORD00520,PROD0021,5,34405.68,172028.40
1123,ORD00521,PROD0261,2,8607.87,17215.74
1124,ORD00521,PROD0085,5,89243.32,446216.60
1125,ORD00521,PROD0204,1,5933.15,5933.15
1126,ORD00521,PROD0109,5,70228.44,351142.20
1127,ORD00522,PROD0132,3,23990.67,71972.01
1128,ORD00522,PROD0172,3,95695.43,287086.29
1129,ORD00522,PROD0101,4,114695.41,458781.64
1130,ORD00523,PROD0208,2,9010.85,18021.70
1131,ORD00523,PROD0105,1,162358.65,162358.65
1132,ORD00524,PROD0110,4,23332.73,93330.92
1133,ORD00524,PROD0156,1,21374.21,21374.21
1134,ORD00524,PROD0185,2,112356.62,224713.24
1135,ORD00525,PROD0171,4,105588.96,422355.84
1136,ORD00525,PROD0106,3,137481.28,412443.84
1137,ORD00525,PROD0256,4,1625.49,6501.96
1138,ORD00526,PROD0128,1,24463.34,24463.34
1139,ORD00526,PROD0040,1,47715.49,47715.49
1140,ORD00526,PROD0055,5,42567.03,212835.15
1141,ORD00527,PROD0050,4,26917.21,107668.84
1142,ORD00527,PROD0028,3,316366.34,949099.02
1143,ORD00527,PROD0189,1,96833.78,96833.78
1144,ORD00527,PROD0111,3,2676.03,8028.09
1145,ORD00527,PROD0098,4,54814.26,219257.04
1146,ORD00528,PROD0244,1,1664.99,1664.99
1147,ORD00528,PROD0090,1,102715.97,102715.97
1148,ORD00528,PROD0008,2,121518.49,243036.98
1149,ORD00529,PROD0079,2,13912.80,27825.60
1150,ORD00530,PROD0007,1,290642.30,290642.30
1151,ORD00530,PROD0023,3,276589.43,829768.29
1152,ORD00531,PROD0097,4,9141.77,36567.08
1153,ORD00531,PROD0121,1,17176.67,17176.67
1154,ORD00532,PROD0251,1,5175.86,5175.86
1155,ORD00532,PROD0119,3,47472.78,142418.34
1156,ORD00533,PROD0191,5,44052.51,220262.55
1157,ORD00534,PROD0178,2,87684.88,175369.76
1158,ORD00534,PROD0150,4,12003.33,48013.32
1159,ORD00535,PROD0184,4,48414.15,193656.60
1160,ORD00536,PROD0075,5,5182.19,25910.95
1161,ORD00536,PROD0175,2,102750.60,205501.20
1162,ORD00537,PROD0215,1,3385.48,3385.48
1163,ORD00538,PROD0117,3,31515.40,94546.20
1164,ORD00538,PROD0172,3,95695.43,287086.29
1165,ORD00538,PROD0251,5,5175.86,25879.30
1166,ORD00538,PROD0060,4,10877.79,43511.16
1167,ORD00539,PROD0055,4,42567.03,170268.12
1168,ORD00539,PROD0116,2,20859.43,41718.86
1169,ORD00540,PROD0254,3,9824.37,29473.11
1170,ORD00540,PROD0074,2,13460.87,26921.74
1171,ORD00540,PROD0037,4,266180.98,1064723.92
1172,ORD00541,PROD0016,3,256280.50,768841.50
1173,ORD00542,PROD0217,3,7092.62,21277.86
1174,ORD00542,PROD0184,4,48414.15,193656.60
1175,ORD00542,PROD0207,3,11561.20,34683.60
1176,ORD00542,PROD0006,2,308912.61,617825.22
1177,ORD00542,PROD0154,3,19738.96,59216.88
1178,ORD00543,PROD0017,3,257730.40,773191.20
1179,ORD00543,PROD0256,3,1625.49,4876.47
1180,ORD00544,PROD0180,1,60582.65,60582.65
1181,ORD00544,PROD0252,4,8223.52,32894.08
1182,ORD00545,PROD0233,5,10621.64,53108.20
1183,ORD00545,PROD0195,4,24091.13,96364.52
1184,ORD00545,PROD0173,1,39177.27,39177.27
1185,ORD00545,PROD0124,3,17164.25,51492.75
1186,ORD00546,PROD0066,5,36291.81,181459.05
1187,ORD00547,PROD0199,5,28468.05,142340.25
1188,ORD00548,PROD0232,3,4469.76,13409.28
1189,ORD00549,PROD0040,2,47715.49,95430.98
1190,ORD00550,PROD0193,2,9954.82,19909.64
1191,ORD00550,PROD0023,3,276589.43,829768.29
1192,ORD00550,PROD0155,5,17522.15,87610.75
1193,ORD00550,PROD0094,4,117897.53,471590.12
1194,ORD00551,PROD0072,2,43142.24,86284.48
1195,ORD00552,PROD0221,3,13121.51,39364.53
1196,ORD00552,PROD0011,5,314229.61,1571148.05
1197,ORD00552,PROD0269,1,2989.48,2989.48
1198,ORD00553,PROD0045,3,15761.34,47284.02
1199,ORD00554,PROD0083,1,160848.97,160848.97
1200,ORD00555,PROD0135,4,2595.60,10382.40
1201,ORD00556,PROD0119,2,47472.78,94945.56
1202,ORD00556,PROD0104,3,,
1203,ORD00557,PROD0137,5,2019.05,10095.25
1204,ORD00558,PROD0097,4,9141.77,36567.08
1205,ORD00558,PROD0244,2,1664.99,3329.98
1206,ORD00558,PROD0245,1,,
1207,ORD00559,PROD0066,5,36291.81,181459.05
1208,ORD00560,PROD0127,3,8700.29,26100.87
1209,ORD00560,PROD0212,2,8757.97,17515.94
1210,ORD00561,PROD0192,4,94625.99,378503.96
1211,ORD00562,PROD0261,2,8607.87,17215.74
1212,ORD00562,PROD0209,2,2728.52,5457.04
1213,ORD00563,PROD0044,2,32574.27,65148.54
1214,ORD00564,PROD0275,5,10193.83,50969.15
1215,ORD00565,PROD0071,1,9870.56,9870.56
1216,ORD00565,PROD0241,4,1174.07,4696.28
1217,ORD00565,PROD0173,3,39177.27,117531.81
1218,ORD00566,PROD0166,2,101932.80,203865.60
1219,ORD00567,PROD0143,5,13171.72,65858.60
1220,ORD00567,PROD0136,4,8175.35,32701.40
1221,ORD00568,PROD0186,5,17418.14,87090.70
1222,ORD00569,PROD0150,2,12003.33,24006.66
1223,ORD00570,PROD0201,4,10976.40,43905.60
1224,ORD00571,PROD0193,5,9954.82,49774.10
1225,ORD00572,PROD0233,2,10621.64,21243.28
1226,ORD00572,PROD0142,3,8820.60,26461.80
1227,ORD00572,PROD0262,1,3172.89,3172.89
1228,ORD00572,PROD0216,4,3485.44,13941.76
1229,ORD00573,PROD0028,3,316366.34,949099.02
1230,ORD00573,PROD0022,1,222156.94,222156.94
1231,ORD00573,PROD0036,5,78738.41,393692.05
1232,ORD00574,PROD0021,1,34405.68,34405.68
1233,ORD00574,PROD0031,1,290316.23,290316.23
1234,ORD00575,PROD0137,5,2019.05,10095.25
1235,ORD00576,PROD0197,5,113579.08,567895.40
1236,ORD00576,PROD0105,1,162358.65,162358.65
1237,ORD00576,PROD0278,2,6353.37,12706.74
1238,ORD00577,PROD0209,2,2728.52,5457.04
1239,ORD00578,PROD0223,4,7785.89,31143.56
1240,ORD00578,PROD0198,2,57432.47,114864.94
1241,ORD00579,PROD0197,5,113579.08,567895.40
1242,ORD00580,PROD0269,1,2989.48,2989.48
1243,ORD00580,PROD0176,4,30789.84,123159.36
1244,ORD00580,PROD0165,5,22136.37,110681.85
1245,ORD00581,PROD0194,2,24802.59,49605.18
1246,ORD00581,PROD0087,2,12717.02,25434.04
1247,ORD00581,PROD0207,3,11561.20,34683.60
1248,ORD00582,PROD0241,5,1174.07,5870.35
1249,ORD00582,PROD0013,2,337113.25,674226.50
1250,ORD00583,PROD0252,4,8223.52,32894.08
1251,ORD00584,PROD0134,4,19220.41,76881.64
1252,ORD00585,PROD0196,2,2511.26,5022.52
1253,ORD00585,PROD0187,1,28776.04,28776.04
1254,ORD00585,PROD0025,2,330590.39,661180.78
1255,ORD00586,PROD0096,2,179864.29,359728.58
1256,ORD00587,PROD0121,1,17176.67,17176.67
1257,ORD00587,PROD0009,1,198883.60,198883.60
1258,ORD00587,PROD0101,3,114695.41,344086.23
1259,ORD00587,PROD0040,2,47715.49,95430.98
1260,ORD00588,PROD0096,1,179864.29,179864.29
1261,ORD00588,PROD0126,3,13544.05,40632.15
1262,ORD00589,PROD0086,1,49202.47,49202.47
1263,ORD00590,PROD0143,2,13171.72,26343.44
1264,ORD00590,PROD0237,4,7201.43,28805.72
1265,ORD00591,PROD0070,4,25905.43,103621.72
1266,ORD00591,PROD0001,4,279610.57,1118442.28
1267,ORD00591,PROD0148,5,3628.18,18140.90
1268,ORD00591,PROD0236,5,7038.57,35192.85
1269,ORD00591,PROD0271,4,1989.71,7958.84
1270,ORD00592,PROD0208,4,9010.85,36043.40
1271,ORD00592,PROD0129,2,5323.48,10646.96
1272,ORD00592,PROD0269,5,2989.48,14947.40
1273,ORD00593,PROD0060,4,10877.79,43511.16
1274,ORD00593,PROD0212,3,8757.97,26273.91
1275,ORD00593,PROD0196,3,2511.26,7533.78
1276,ORD00594,PROD0072,4,43142.24,172568.96
1277,ORD00594,PROD0155,2,17522.15,35044.30
1278,ORD00595,PROD0105,4,162358.65,649434.60
1279,ORD00596,PROD0152,4,1904.28,7617.12
1280,ORD00596,PROD0192,4,94625.99,378503.96
1281,ORD00596,PROD0028,4,316366.34,1265465.36
1282,ORD00596,PROD0180,1,60582.65,60582.65
1283,ORD00597,PROD0246,2,5399.76,10799.52
1284,ORD00597,PROD0035,3,190414.55,571243.65
1285,ORD00597,PROD0181,5,63768.87,318844.35
1286,ORD00597,PROD0170,2,45302.42,90604.84
1287,ORD00598,PROD0267,3,6230.11,18690.33
1288,ORD00599,PROD0265,5,11740.65,58703.25
1289,ORD00600,PROD0260,2,5050.94,10101.88
1290,ORD00600,PROD0035,4,190414.55,761658.20
1291,ORD00601,PROD0101,1,114695.41,114695.41
1292,ORD00602,PROD0100,5,110269.71,551348.55
1293,ORD00602,PROD0215,5,3385.48,16927.40
1294,ORD00602,PROD0214,3,12483.89,37451.67
1295,ORD00602,PROD0078,2,18117.48,36234.96
1296,ORD00602,PROD0219,1,14849.13,14849.13
1297,ORD00603,PROD0041,3,14461.31,43383.93
1298,ORD00603,PROD0236,5,7038.57,35192.85
1299,ORD00604,PROD0170,5,45302.42,226512.10
1300,ORD00604,PROD0168,2,100026.32,200052.64
1301,ORD00605,PROD0126,4,13544.05,54176.20
1302,ORD00605,PROD0116,4,20859.43,83437.72
1303,ORD00605,PROD0012,3,248709.70,746129.10
1304,ORD00606,PROD0154,3,19738.96,59216.88
1305,ORD00607,PROD0128,5,24463.34,122316.70
1306,ORD00607,PROD0238,5,6026.76,30133.80
1307,ORD00607,PROD0079,3,13912.80,41738.40
1308,ORD00607,PROD0051,4,33329.69,133318.76
1309,ORD00608,PROD0161,1,25829.99,25829.99
1310,ORD00609,PROD0250,4,4620.81,18483.24
1311,ORD00610,PROD0168,5,100026.32,500131.60
1312,ORD00611,PROD0220,4,11275.57,45102.28
1313,ORD00612,PROD0017,3,257730.40,773191.20
1314,ORD00612,PROD0069,3,39168.98,117506.94
1315,ORD00613,PROD0159,3,17483.90,52451.70
1316,ORD00614,PROD0099,2,130788.21,261576.42
1317,ORD00615,PROD0270,5,907.09,4535.45
1318,ORD00615,PROD0037,3,266180.98,798542.94
1319,ORD00616,PROD0255,3,7571.15,22713.45
1320,ORD00616,PROD0115,1,2277.24,2277.24
1321,ORD00617,PROD0206,4,5427.42,21709.68
1322,ORD00618,PROD0077,2,20510.26,41020.52
1323,ORD00619,PROD0038,3,88262.22,264786.66
1324,ORD00620,PROD0155,4,17522.15,70088.60
1325,ORD00620,PROD0108,1,121332.02,121332.02
1326,ORD00621,PROD0255,4,7571.15,30284.60
1327,ORD00622,PROD0168,4,100026.32,400105.28
1328,ORD00623,PROD0085,3,89243.32,267729.96
1329,ORD00624,PROD0254,2,9824.37,19648.74
1330,ORD00624,PROD0143,2,13171.72,26343.44
1331,ORD00625,PROD0002,1,102447.74,102447.74
1332,ORD00626,PROD0259,5,7869.35,39346.75
1333,ORD00626,PROD0141,4,11608.58,46434.32
1334,ORD00627,PROD0021,5,34405.68,172028.40
1335,ORD00627,PROD0233,5,10621.64,53108.20
1336,ORD00628,PROD0033,4,245627.48,982509.92
1337,ORD00628,PROD0243,4,10094.25,40377.00
1338,ORD00629,PROD0136,3,8175.35,24526.05
1339,ORD00630,PROD0021,4,34405.68,137622.72
1340,ORD00630,PROD0114,2,7586.49,15172.98
1341,ORD00631,PROD0280,1,7685.53,7685.53
1342,ORD00631,PROD0214,5,12483.89,62419.45
1343,ORD00632,PROD0255,5,7571.15,37855.75
1344,ORD00632,PROD0110,5,23332.73,116663.65
1345,ORD00633,PROD0169,5,41598.42,207992.10
1346,ORD00633,PROD0091,2,141135.80,282271.60
1347,ORD00634,PROD0133,2,23616.92,47233.84
1348,ORD00635,PROD0186,3,17418.14,52254.42
1349,ORD00635,PROD0050,5,26917.21,134586.05
1350,ORD00635,PROD0148,5,3628.18,18140.90
1351,ORD00636,PROD0034,3,272513.12,817539.36
1352,ORD00636,PROD0139,1,14201.82,14201.82
1353,ORD00636,PROD0092,5,140982.24,704911.20
1354,ORD00636,PROD0059,5,35594.97,177974.85
1355,ORD00636,PROD0232,4,4469.76,17879.04
1356,ORD00637,PROD0181,2,63768.87,127537.74
1357,ORD00637,PROD0091,5,141135.80,705679.00
1358,ORD00637,PROD0199,3,28468.05,85404.15
1359,ORD00638,PROD0274,4,7846.95,31387.80
1360,ORD00638,PROD0100,3,110269.71,330809.13
1361,ORD00639,PROD0098,5,54814.26,274071.30
1362,ORD00640,PROD0254,3,9824.37,29473.11
1363,ORD00640,PROD0235,3,1609.74,4829.22
1364,ORD00640,PROD0199,2,28468.05,56936.10
1365,ORD00641,PROD0004,3,39811.79,119435.37
1366,ORD00642,PROD0070,5,25905.43,129527.15
1367,ORD00642,PROD0243,5,10094.25,50471.25
1368,ORD00642,PROD0254,3,9824.37,29473.11
1369,ORD00643,PROD0151,1,24271.64,24271.64
1370,ORD00643,PROD0020,3,293010.61,879031.83
1371,ORD00643,PROD0055,2,42567.03,85134.06
1372,ORD00644,PROD0187,4,28776.04,115104.16
1373,ORD00644,PROD0039,1,257535.23,257535.23
1374,ORD00644,PROD0256,1,1625.49,1625.49
1375,ORD00644,PROD0158,3,12650.30,37950.90
1376,ORD00644,PROD0154,3,19738.96,59216.88
1377,ORD00645,PROD0052,1,23501.69,23501.69
1378,ORD00645,PROD0186,1,17418.14,17418.14
1379,ORD00646,PROD0041,1,14461.31,14461.31
1380,ORD00646,PROD0119,3,47472.78,142418.34
1381,ORD00647,PROD0280,4,7685.53,30742.12
1382,ORD00647,PROD0153,1,10840.50,10840.50
1383,ORD00647,PROD0052,3,23501.69,70505.07
1384,ORD00648,PROD0049,5,27088.42,135442.10
1385,ORD00649,PROD0127,1,8700.29,8700.29
1386,ORD00650,PROD0009,2,198883.60,397767.20
1387,ORD00650,PROD0241,2,1174.07,2348.14
1388,ORD00651,PROD0268,3,2944.75,8834.25
1389,ORD00652,PROD0199,5,28468.05,142340.25
1390,ORD00652,PROD0099,3,130788.21,392364.63
1391,ORD00653,PROD0064,4,34644.88,138579.52
1392,ORD00654,PROD0130,5,1182.88,5914.40
1393,ORD00654,PROD0066,2,36291.81,72583.62
1394,ORD00655,PROD0128,1,24463.34,24463.34
1395,ORD00656,PROD0002,1,102447.74,102447.74
1396,ORD00656,PROD0108,3,121332.02,363996.06
1397,ORD00656,PROD0057,2,24240.82,48481.64
1398,ORD00656,PROD0008,4,121518.49,486073.96
1399,ORD00656,PROD0212,2,8757.97,17515.94
1400,ORD00657,PROD0141,2,11608.58,23217.16
1401,ORD00657,PROD0228,2,6170.81,12341.62
1402,ORD00658,PROD0002,4,102447.74,409790.96
1403,ORD00659,PROD0212,1,8757.97,8757.97
1404,ORD00660,PROD0272,3,11096.23,33288.69
1405,ORD00660,PROD0034,3,272513.12,817539.36
1406,ORD00660,PROD0233,2,10621.64,21243.28
1407,ORD00661,PROD0246,2,5399.76,10799.52
1408,ORD00662,PROD0261,2,8607.87,17215.74
1409,ORD00663,PROD0265,1,11740.65,11740.65
1410,ORD00663,PROD0159,5,17483.90,87419.50
1411,ORD00663,PROD0207,1,11561.20,11561.20
1412,ORD00663,PROD0011,2,314229.61,628459.22
1413,ORD00664,PROD0272,4,11096.23,44384.92
1414,ORD00664,PROD0094,5,117897.53,589487.65
1415,ORD00665,PROD0096,3,179864.29,539592.87
1416,ORD00665,PROD0056,4,6299.62,25198.48
1417,ORD00666,PROD0183,4,26053.15,104212.60
1418,ORD00666,PROD0050,5,26917.21,134586.05
1419,ORD00666,PROD0195,2,24091.13,48182.26
1420,ORD00667,PROD0117,4,31515.40,126061.60
1421,ORD00668,PROD0023,4,276589.43,1106357.72
1422,ORD00668,PROD0105,4,162358.65,649434.60
1423,ORD00669,PROD0112,1,35280.59,35280.59
1424,ORD00669,PROD0190,3,22778.54,68335.62
1425,ORD00669,PROD0050,1,26917.21,26917.21
1426,ORD00670,PROD0048,1,10843.12,10843.12
1427,ORD00670,PROD0175,3,102750.60,308251.80
1428,ORD00670,PROD0122,5,16203.67,81018.35
1429,ORD00670,PROD0061,5,6821.26,34106.30
1430,ORD00671,PROD0004,2,39811.79,79623.58
1431,ORD00671,PROD0251,4,5175.86,20703.44
1432,ORD00672,PROD0219,3,14849.13,44547.39
1433,ORD00673,PROD0011,2,314229.61,628459.22
1434,ORD00673,PROD0141,2,11608.58,23217.16
1435,ORD00673,PROD0099,2,130788.21,261576.42
1436,ORD00674,PROD0236,1,7038.57,7038.57
1437,ORD00675,PROD0154,4,19738.96,78955.84
1438,ORD00676,PROD0273,2,1784.35,3568.70
1439,ORD00677,PROD0213,1,2985.64,2985.64
1440,ORD00678,PROD0272,5,11096.23,55481.15
1441,ORD00678,PROD0169,5,41598.42,207992.10
1442,ORD00678,PROD0232,5,4469.76,22348.80
1443,ORD00678,PROD0081,2,110991.10,221982.20
1444,ORD00679,PROD0134,5,19220.41,96102.05
1445,ORD00680,PROD0193,4,9954.82,39819.28
1446,ORD00680,PROD0275,1,10193.83,10193.83
1447,ORD00681,PROD0058,1,14691.81,14691.81
1448,ORD00681,PROD0246,5,5399.76,26998.80
1449,ORD00681,PROD0203,2,3538.98,7077.96
1450,ORD00681,PROD0070,5,25905.43,129527.15
1451,ORD00682,PROD0279,5,962.48,4812.40
1452,ORD00682,PROD0038,1,88262.22,88262.22
1453,ORD00682,PROD0124,3,17164.25,51492.75
1454,ORD00682,PROD0276,5,6563.88,32819.40
1455,ORD00683,PROD0252,2,8223.52,16447.04
1456,ORD00684,PROD0217,1,7092.62,7092.62
1457,ORD00684,PROD0280,3,7685.53,23056.59
1458,ORD00685,PROD0013,3,337113.25,1011339.75
1459,ORD00685,PROD0016,2,256280.50,512561.00
1460,ORD00685,PROD0043,5,16739.67,83698.35
1461,ORD00686,PROD0276,1,6563.88,6563.88
1462,ORD00686,PROD0191,5,44052.51,220262.55
1463,ORD00687,PROD0150,2,12003.33,24006.66
1464,ORD00687,PROD0134,1,19220.41,19220.41
1465,ORD00688,PROD0268,1,2944.75,2944.75
1466,ORD00689,PROD0241,1,1174.07,1174.07
1467,ORD00690,PROD0126,3,13544.05,40632.15
1468,ORD00690,PROD0194,3,24802.59,74407.77
1469,ORD00691,PROD0063,2,35488.70,70977.40
1470,ORD00692,PROD0188,2,51993.13,103986.26
1471,ORD00692,PROD0159,5,17483.90,87419.50
1472,ORD00693,PROD0124,5,17164.25,85821.25
1473,ORD00693,PROD0211,5,8250.11,41250.55
1474,ORD00694,PROD0270,3,907.09,2721.27
1475,ORD00694,PROD0095,1,49921.23,49921.23
1476,ORD00694,PROD0065,1,30524.10,30524.10
1477,ORD00694,PROD0034,4,272513.12,1090052.48
1478,ORD00694,PROD0032,3,246601.80,739805.40
1479,ORD00695,PROD0133,2,23616.92,47233.84
1480,ORD00696,PROD0097,4,9141.77,36567.08
1481,ORD00696,PROD0271,3,1989.71,5969.13
1482,ORD00696,PROD0033,2,245627.48,491254.96
1483,ORD00697,PROD0158,3,12650.30,37950.90
1484,ORD00697,PROD0209,2,2728.52,5457.04
1485,ORD00698,PROD0054,3,31709.48,95128.44
1486,ORD00698,PROD0159,1,17483.90,17483.90
1487,ORD00699,PROD0192,3,94625.99,283877.97
1488,ORD00700,PROD0279,2,962.48,1924.96
1489,ORD00701,PROD0211,3,8250.11,24750.33
1490,ORD00702,PROD0056,5,6299.62,31498.10
1491,ORD00702,PROD0189,5,96833.78,484168.90
1492,ORD00702,PROD0124,5,17164.25,85821.25
1493,ORD00703,PROD0032,1,246601.80,246601.80
1494,ORD00703,PROD0175,3,102750.60,308251.80
1495,ORD00704,PROD0182,1,33297.75,33297.75
1496,ORD00704,PROD0100,4,110269.71,441078.84
1497,ORD00704,PROD0270,2,907.09,1814.18
1498,ORD00704,PROD0132,2,23990.67,47981.34
1499,ORD00704,PROD0162,1,2672.21,2672.21
1500,ORD00705,PROD0102,5,45021.16,225105.80
1501,ORD00705,PROD0124,1,17164.25,17164.25
1502,ORD00706,PROD0021,5,34405.68,172028.40
1503,ORD00706,PROD0209,5,2728.52,13642.60
1504,ORD00706,PROD0018,4,120439.60,481758.40
1505,ORD00706,PROD0040,3,47715.49,143146.47
1506,ORD00706,PROD0043,4,16739.67,66958.68
1507,ORD00707,PROD0006,1,308912.61,308912.61
1508,ORD00707,PROD0095,5,49921.23,249606.15
1509,ORD00707,PROD0107,1,97418.23,97418.23
1510,ORD00707,PROD0014,3,289145.53,867436.59
1511,ORD00708,PROD0126,4,13544.05,54176.20
1512,ORD00708,PROD0194,3,24802.59,74407.77
1513,ORD00708,PROD0171,3,105588.96,316766.88
1514,ORD00708,PROD0242,5,5755.30,28776.50
1515,ORD00709,PROD0189,5,96833.78,484168.90
1516,ORD00710,PROD0270,5,907.09,4535.45
1517,ORD00710,PROD0147,3,5055.12,15165.36
1518,ORD00710,PROD0056,2,6299.62,12599.24
1519,ORD00711,PROD0081,2,110991.10,221982.20
1520,ORD00712,PROD0019,3,339524.65,1018573.95
1521,ORD00713,PROD0203,4,3538.98,14155.92
1522,ORD00714,PROD0066,4,36291.81,145167.24
1523,ORD00715,PROD0105,4,162358.65,649434.60
1524,ORD00715,PROD0185,4,112356.62,449426.48
1525,ORD00716,PROD0109,1,70228.44,70228.44
1526,ORD00717,PROD0221,5,13121.51,65607.55
1527,ORD00718,PROD0074,5,13460.87,67304.35
1528,ORD00718,PROD0108,3,121332.02,363996.06
1529,ORD00719,PROD0230,3,6077.64,18232.92
1530,ORD00719,PROD0100,2,110269.71,220539.42
1531,ORD00719,PROD0176,4,30789.84,123159.36
1532,ORD00720,PROD0192,5,94625.99,473129.95
1533,ORD00721,PROD0025,3,330590.39,991771.17
1534,ORD00721,PROD0260,5,5050.94,25254.70
1535,ORD00722,PROD0232,4,4469.76,17879.04
1536,ORD00722,PROD0131,5,21092.44,105462.20
1537,ORD00722,PROD0085,5,89243.32,446216.60
1538,ORD00723,PROD0234,1,6463.53,6463.53
1539,ORD00724,PROD0128,2,24463.34,48926.68
1540,ORD00725,PROD0115,3,2277.24,6831.72
1541,ORD00726,PROD0012,2,248709.70,497419.40
1542,ORD00726,PROD0243,4,10094.25,40377.00
1543,ORD00727,PROD0090,3,102715.97,308147.91
1544,ORD00727,PROD0111,5,2676.03,13380.15
1545,ORD00728,PROD0186,5,17418.14,87090.70
1546,ORD00728,PROD0125,2,22153.16,44306.32
1547,ORD00729,PROD0177,2,102403.06,204806.12
1548,ORD00729,PROD0209,5,2728.52,13642.60
1549,ORD00729,PROD0061,5,6821.26,34106.30
1550,ORD00730,PROD0076,3,27116.85,81350.55
1551,ORD00730,PROD0223,1,7785.89,7785.89
1552,ORD00731,PROD0111,1,2676.03,2676.03
1553,ORD00731,PROD0008,2,121518.49,243036.98
1554,ORD00731,PROD0247,2,5416.29,10832.58
1555,ORD00731,PROD0219,5,14849.13,74245.65
1556,ORD00732,PROD0077,2,20510.26,41020.52
1557,ORD00733,PROD0085,1,89243.32,89243.32
1558,ORD00733,PROD0245,5,,
1559,ORD00733,PROD0115,4,2277.24,9108.96
1560,ORD00733,PROD0001,5,279610.57,1398052.85
1561,ORD00734,PROD0199,1,28468.05,28468.05
1562,ORD00734,PROD0258,1,4792.40,4792.40
1563,ORD00734,PROD0104,2,,
1564,ORD00735,PROD0143,3,13171.72,39515.16
1565,ORD00735,PROD0042,5,44258.35,221291.75
1566,ORD00736,PROD0268,2,2944.75,5889.50
1567,ORD00736,PROD0101,1,114695.41,114695.41
1568,ORD00736,PROD0227,3,9871.34,29614.02
1569,ORD00736,PROD0211,2,8250.11,16500.22
1570,ORD00737,PROD0030,4,253935.11,1015740.44
1571,ORD00738,PROD0010,5,270434.00,1352170.00
1572,ORD00739,PROD0083,4,160848.97,643395.88
1573,ORD00739,PROD0035,5,190414.55,952072.75
1574,ORD00739,PROD0135,5,2595.60,12978.00
1575,ORD00739,PROD0012,3,248709.70,746129.10
1576,ORD00740,PROD0161,4,25829.99,103319.96
1577,ORD00740,PROD0184,1,48414.15,48414.15
1578,ORD00740,PROD0088,4,,
1579,ORD00740,PROD0104,5,,
1580,ORD00740,PROD0177,1,102403.06,102403.06
1581,ORD00741,PROD0113,4,145706.19,582824.76
1582,ORD00742,PROD0177,1,102403.06,102403.06
1583,ORD00742,PROD0193,2,9954.82,19909.64
1584,ORD00743,PROD0087,5,12717.02,63585.10
1585,ORD00744,PROD0146,2,9207.08,18414.16
1586,ORD00744,PROD0028,4,316366.34,1265465.36
1587,ORD00745,PROD0238,2,6026.76,12053.52
1588,ORD00745,PROD0256,1,1625.49,1625.49
1589,ORD00745,PROD0263,1,8199.23,8199.23
1590,ORD00745,PROD0088,2,,
1591,ORD00746,PROD0134,4,19220.41,76881.64
1592,ORD00746,PROD0266,2,408.26,816.52
1593,ORD00747,PROD0120,2,35341.43,70682.86
1594,ORD00747,PROD0219,5,14849.13,74245.65
1595,ORD00748,PROD0174,5,110640.11,553200.55
1596,ORD00748,PROD0118,4,12699.55,50798.20
1597,ORD00749,PROD0061,4,6821.26,27285.04
1598,ORD00749,PROD0233,1,10621.64,10621.64
1599,ORD00750,PROD0076,1,27116.85,27116.85
1600,ORD00750,PROD0008,4,121518.49,486073.96
1601,ORD00750,PROD0187,5,28776.04,143880.20
1602,ORD00751,PROD0082,1,54346.36,54346.36
1603,ORD00752,PROD0054,5,31709.48,158547.40
1604,ORD00752,PROD0136,2,8175.35,16350.70
1605,ORD00752,PROD0208,1,9010.85,9010.85
1606,ORD00752,PROD0077,5,20510.26,102551.30
1607,ORD00752,PROD0038,2,88262.22,176524.44
1608,ORD00753,PROD0138,4,15463.10,61852.40
1609,ORD00753,PROD0121,5,17176.67,85883.35
1610,ORD00754,PROD0020,3,293010.61,879031.83
1611,ORD00755,PROD0129,3,5323.48,15970.44
1612,ORD00755,PROD0260,2,5050.94,10101.88
1613,ORD00756,PROD0044,3,32574.27,97722.81
1614,ORD00757,PROD0047,2,5512.81,11025.62
1615,ORD00757,PROD0183,2,26053.15,52106.30
1616,ORD00758,PROD0232,3,4469.76,13409.28
1617,ORD00759,PROD0077,5,20510.26,102551.30
1618,ORD00760,PROD0067,5,11627.77,58138.85
1619,ORD00760,PROD0164,2,6702.72,13405.44
1620,ORD00760,PROD0265,4,11740.65,46962.60
1621,ORD00761,PROD0096,2,179864.29,359728.58
1622,ORD00762,PROD0200,4,29196.20,116784.80
1623,ORD00762,PROD0196,5,2511.26,12556.30
1624,ORD00762,PROD0170,1,45302.42,45302.42
1625,ORD00763,PROD0138,4,15463.10,61852.40
1626,ORD00763,PROD0129,4,5323.48,21293.92
1627,ORD00763,PROD0094,5,117897.53,589487.65
1628,ORD00763,PROD0269,4,2989.48,11957.92
1629,ORD00764,PROD0273,5,1784.35,8921.75
1630,ORD00764,PROD0138,5,15463.10,77315.50
1631,ORD00764,PROD0201,1,10976.40,10976.40
1632,ORD00764,PROD0114,3,7586.49,22759.47
1633,ORD00764,PROD0100,4,110269.71,441078.84
1634,ORD00765,PROD0173,2,39177.27,78354.54
1635,ORD00765,PROD0248,3,4809.30,14427.90
1636,ORD00766,PROD0114,1,7586.49,7586.49
1637,ORD00766,PROD0176,2,30789.84,61579.68
1638,ORD00766,PROD0272,5,11096.23,55481.15
1639,ORD00766,PROD0190,1,22778.54,22778.54
1640,ORD00767,PROD0198,1,57432.47,57432.47
1641,ORD00767,PROD0167,5,22365.17,111825.85
1642,ORD00768,PROD0157,5,10758.03,53790.15
1643,ORD00769,PROD0058,1,14691.81,14691.81
1644,ORD00769,PROD0247,2,5416.29,10832.58
1645,ORD00769,PROD0248,5,4809.30,24046.50
1646,ORD00769,PROD0085,3,89243.32,267729.96
1647,ORD00770,PROD0046,3,5762.47,17287.41
1648,ORD00771,PROD0110,4,23332.73,93330.92
1649,ORD00771,PROD0215,5,3385.48,16927.40
1650,ORD00772,PROD0137,2,2019.05,4038.10
1651,ORD00773,PROD0182,2,33297.75,66595.50
1652,ORD00774,PROD0031,4,290316.23,1161264.92
1653,ORD00774,PROD0068,1,43176.46,43176.46
1654,ORD00775,PROD0071,5,9870.56,49352.80
1655,ORD00775,PROD0170,4,45302.42,181209.68
1656,ORD00776,PROD0144,2,801.07,1602.14
1657,ORD00776,PROD0153,2,10840.50,21681.00
1658,ORD00777,PROD0187,5,28776.04,143880.20
1659,ORD00777,PROD0163,3,18374.63,55123.89
1660,ORD00778,PROD0171,2,105588.96,211177.92
1661,ORD00778,PROD0014,1,289145.53,289145.53
1662,ORD00779,PROD0119,2,47472.78,94945.56
1663,ORD00779,PROD0038,2,88262.22,176524.44
1664,ORD00780,PROD0003,3,49538.31,148614.93
1665,ORD00781,PROD0094,3,117897.53,353692.59
1666,ORD00781,PROD0052,3,23501.69,70505.07
1667,ORD00782,PROD0114,4,7586.49,30345.96
1668,ORD00783,PROD0077,2,20510.26,41020.52
1669,ORD00783,PROD0004,3,39811.79,119435.37
1670,ORD00784,PROD0036,5,78738.41,393692.05
1671,ORD00785,PROD0098,2,54814.26,109628.52
1672,ORD00785,PROD0033,5,245627.48,1228137.40
1673,ORD00785,PROD0065,2,30524.10,61048.20
1674,ORD00786,PROD0267,4,6230.11,24920.44
1675,ORD00786,PROD0126,2,13544.05,27088.10
1676,ORD00786,PROD0213,2,2985.64,5971.28
1677,ORD00786,PROD0135,5,2595.60,12978.00
1678,ORD00787,PROD0045,2,15761.34,31522.68
1679,ORD00787,PROD0234,2,6463.53,12927.06
1680,ORD00788,PROD0248,4,4809.30,19237.20
1681,ORD00788,PROD0070,2,25905.43,51810.86
1682,ORD00789,PROD0233,1,10621.64,10621.64
1683,ORD00789,PROD0196,4,2511.26,10045.04
1684,ORD00789,PROD0124,1,17164.25,17164.25
1685,ORD00790,PROD0111,2,2676.03,5352.06
1686,ORD00791,PROD0096,3,179864.29,539592.87
1687,ORD00791,PROD0015,2,222324.51,444649.02
1688,ORD00792,PROD0039,5,257535.23,1287676.15
1689,ORD00792,PROD0156,5,21374.21,106871.05
1690,ORD00792,PROD0121,2,17176.67,34353.34
1691,ORD00793,PROD0277,5,9657.13,48285.65
1692,ORD00793,PROD0105,3,162358.65,487075.95
1693,ORD00793,PROD0164,3,6702.72,20108.16
1694,ORD00794,PROD0202,3,12764.12,38292.36
1695,ORD00795,PROD0256,4,1625.49,6501.96
1696,ORD00795,PROD0060,5,10877.79,54388.95
1697,ORD00795,PROD0093,5,8480.78,42403.90
1698,ORD00796,PROD0240,5,10219.29,51096.45
1699,ORD00797,PROD0266,2,408.26,816.52
1700,ORD00798,PROD0028,1,316366.34,316366.34
1701,ORD00798,PROD0097,1,9141.77,9141.77
1702,ORD00798,PROD0089,3,45090.58,135271.74
1703,ORD00799,PROD0225,2,9270.30,18540.60
1704,ORD00799,PROD0179,3,21340.87,64022.61
1705,ORD00800,PROD0021,3,34405.68,103217.04
1706,ORD00800,PROD0104,2,,
1707,ORD00800,PROD0009,4,198883.60,795534.40
1708,ORD00800,PROD0143,1,13171.72,13171.72
1709,ORD00801,PROD0084,2,37258.14,74516.28
1710,ORD00802,PROD0179,1,21340.87,21340.87
1711,ORD00802,PROD0013,3,337113.25,1011339.75
1712,ORD00803,PROD0213,5,2985.64,14928.20
1713,ORD00803,PROD0241,4,1174.07,4696.28
1714,ORD00803,PROD0043,1,16739.67,16739.67
1715,ORD00803,PROD0108,5,121332.02,606660.10
1716,ORD00804,PROD0081,1,110991.10,110991.10
1717,ORD00805,PROD0059,5,35594.97,177974.85
1718,ORD00806,PROD0093,1,8480.78,8480.78
1719,ORD00807,PROD0271,2,1989.71,3979.42
1720,ORD00807,PROD0225,5,9270.30,46351.50
1721,ORD00807,PROD0128,2,24463.34,48926.68
1722,ORD00808,PROD0155,5,17522.15,87610.75
1723,ORD00809,PROD0203,5,3538.98,17694.90
1724,ORD00810,PROD0188,3,51993.13,155979.39
1725,ORD00811,PROD0066,1,36291.81,36291.81
1726,ORD00811,PROD0255,1,7571.15,7571.15
1727,ORD00812,PROD0277,4,9657.13,38628.52
1728,ORD00812,PROD0188,3,51993.13,155979.39
1729,ORD00813,PROD0247,1,5416.29,5416.29
1730,ORD00814,PROD0086,5,49202.47,246012.35
1731,ORD00815,PROD0065,3,30524.10,91572.30
1732,ORD00816,PROD0004,1,39811.79,39811.79
1733,ORD00816,PROD0114,2,7586.49,15172.98
1734,ORD00816,PROD0147,1,5055.12,5055.12
1735,ORD00817,PROD0232,4,4469.76,17879.04
1736,ORD00817,PROD0189,3,96833.78,290501.34
1737,ORD00818,PROD0218,2,5238.20,10476.40
1738,ORD00819,PROD0057,5,24240.82,121204.10
1739,ORD00819,PROD0023,1,276589.43,276589.43
1740,ORD00820,PROD0231,4,6206.49,24825.96
1741,ORD00821,PROD0265,3,11740.65,35221.95
1742,ORD00821,PROD0050,4,26917.21,107668.84
1743,ORD00822,PROD0101,1,114695.41,114695.41
1744,ORD00822,PROD0261,4,8607.87,34431.48
1745,ORD00823,PROD0272,3,11096.23,33288.69
1746,ORD00824,PROD0223,2,7785.89,15571.78
1747,ORD00825,PROD0016,2,256280.50,512561.00
1748,ORD00826,PROD0081,3,110991.10,332973.30
1749,ORD00826,PROD0226,4,7172.97,28691.88
1750,ORD00827,PROD0071,4,9870.56,39482.24
1751,ORD00828,PROD0013,1,337113.25,337113.25
1752,ORD00828,PROD0035,1,190414.55,190414.55
1753,ORD00829,PROD0279,5,962.48,4812.40
1754,ORD00829,PROD0035,3,190414.55,571243.65
1755,ORD00830,PROD0257,1,2248.73,2248.73
1756,ORD00831,PROD0271,1,1989.71,1989.71
1757,ORD00831,PROD0253,2,8743.34,17486.68
1758,ORD00831,PROD0115,4,2277.24,9108.96
1759,ORD00832,PROD0196,1,2511.26,2511.26
1760,ORD00833,PROD0090,3,102715.97,308147.91
1761,ORD00834,PROD0149,5,8124.11,40620.55
1762,ORD00834,PROD0059,4,35594.97,142379.88
1763,ORD00835,PROD0110,4,23332.73,93330.92
1764,ORD00836,PROD0029,2,149660.33,299320.66
1765,ORD00837,PROD0280,1,7685.53,7685.53
1766,ORD00838,PROD0076,1,27116.85,27116.85
1767,ORD00838,PROD0058,4,14691.81,58767.24
1768,ORD00839,PROD0261,3,8607.87,25823.61
1769,ORD00839,PROD0016,3,256280.50,768841.50
1770,ORD00839,PROD0037,5,266180.98,1330904.90
1771,ORD00839,PROD0280,2,7685.53,15371.06
1772,ORD00839,PROD0205,2,,
1773,ORD00840,PROD0226,3,7172.97,21518.91
1774,ORD00840,PROD0260,4,5050.94,20203.76
1775,ORD00841,PROD0215,3,3385.48,10156.44
1776,ORD00841,PROD0243,4,10094.25,40377.00
1777,ORD00842,PROD0154,1,19738.96,19738.96
1778,ORD00842,PROD0207,1,11561.20,11561.20
1779,ORD00843,PROD0085,5,89243.32,446216.60
1780,ORD00844,PROD0245,3,,
1781,ORD00844,PROD0026,1,34248.48,34248.48
1782,ORD00845,PROD0217,4,7092.62,28370.48
1783,ORD00845,PROD0058,1,14691.81,14691.81
1784,ORD00845,PROD0182,4,33297.75,133191.00
1785,ORD00846,PROD0115,4,2277.24,9108.96
1786,ORD00846,PROD0171,3,105588.96,316766.88
1787,ORD00847,PROD0204,3,5933.15,17799.45
1788,ORD00847,PROD0094,1,117897.53,117897.53
1789,ORD00848,PROD0128,3,24463.34,73390.02
1790,ORD00849,PROD0174,1,110640.11,110640.11
1791,ORD00850,PROD0278,2,6353.37,12706.74
1792,ORD00850,PROD0280,1,7685.53,7685.53
1793,ORD00851,PROD0117,4,31515.40,126061.60
1794,ORD00851,PROD0022,2,222156.94,444313.88
1795,ORD00852,PROD0035,1,190414.55,190414.55
1796,ORD00852,PROD0218,5,5238.20,26191.00
1797,ORD00853,PROD0128,4,24463.34,97853.36
1798,ORD00853,PROD0184,1,48414.15,48414.15
1799,ORD00853,PROD0084,2,37258.14,74516.28
1800,ORD00853,PROD0105,2,162358.65,324717.30
1801,ORD00854,PROD0165,3,22136.37,66409.11
1802,ORD00854,PROD0262,1,3172.89,3172.89
1803,ORD00854,PROD0049,2,27088.42,54176.84
1804,ORD00854,PROD0206,3,5427.42,16282.26
1805,ORD00855,PROD0220,1,11275.57,11275.57
1806,ORD00855,PROD0163,2,18374.63,36749.26
1807,ORD00856,PROD0248,2,4809.30,9618.60
1808,ORD00856,PROD0034,3,272513.12,817539.36
1809,ORD00856,PROD0265,5,11740.65,58703.25
1810,ORD00857,PROD0237,1,7201.43,7201.43
1811,ORD00857,PROD0075,4,5182.19,20728.76
1812,ORD00857,PROD0050,3,26917.21,80751.63
1813,ORD00857,PROD0140,4,2847.84,11391.36
1814,ORD00858,PROD0202,4,12764.12,51056.48
1815,ORD00859,PROD0128,3,24463.34,73390.02
1816,ORD00859,PROD0203,5,3538.98,17694.90
1817,ORD00859,PROD0226,4,7172.97,28691.88
1818,ORD00860,PROD0026,5,34248.48,171242.40
1819,ORD00860,PROD0057,2,24240.82,48481.64
1820,ORD00860,PROD0064,5,34644.88,173224.40
1821,ORD00861,PROD0196,1,2511.26,2511.26
1822,ORD00862,PROD0276,5,6563.88,32819.40
1823,ORD00863,PROD0264,5,4118.15,20590.75
1824,ORD00864,PROD0070,5,25905.43,129527.15
1825,ORD00864,PROD0153,5,10840.50,54202.50
1826,ORD00865,PROD0223,1,7785.89,7785.89
1827,ORD00865,PROD0221,3,13121.51,39364.53
1828,ORD00865,PROD0255,4,7571.15,30284.60
1829,ORD00865,PROD0211,3,8250.11,24750.33
1830,ORD00866,PROD0175,5,102750.60,513753.00
1831,ORD00866,PROD0276,4,6563.88,26255.52
1832,ORD00866,PROD0015,3,222324.51,666973.53
1833,ORD00867,PROD0067,2,11627.77,23255.54
1834,ORD00868,PROD0095,1,49921.23,49921.23
1835,ORD00868,PROD0215,1,3385.48,3385.48
1836,ORD00868,PROD0173,4,39177.27,156709.08
1837,ORD00868,PROD0149,3,8124.11,24372.33
1838,ORD00869,PROD0096,1,179864.29,179864.29
1839,ORD00870,PROD0245,3,,
1840,ORD00870,PROD0243,5,10094.25,50471.25
1841,ORD00870,PROD0160,1,12278.28,12278.28
1842,ORD00870,PROD0206,4,5427.42,21709.68
1843,ORD00870,PROD0069,1,39168.98,39168.98
1844,ORD00871,PROD0258,3,4792.40,14377.20
1845,ORD00872,PROD0275,4,10193.83,40775.32
1846,ORD00872,PROD0008,5,121518.49,607592.45
1847,ORD00872,PROD0056,5,6299.62,31498.10
1848,ORD00873,PROD0041,2,14461.31,28922.62
1849,ORD00874,PROD0140,3,2847.84,8543.52
1850,ORD00874,PROD0229,2,4112.45,8224.90
1851,ORD00874,PROD0070,4,25905.43,103621.72
1852,ORD00874,PROD0210,1,14712.50,14712.50
1853,ORD00875,PROD0246,3,5399.76,16199.28
1854,ORD00876,PROD0180,2,60582.65,121165.30
1855,ORD00877,PROD0258,3,4792.40,14377.20
1856,ORD00877,PROD0167,3,22365.17,67095.51
1857,ORD00877,PROD0130,1,1182.88,1182.88
1858,ORD00878,PROD0101,2,114695.41,229390.82
1859,ORD00878,PROD0040,2,47715.49,95430.98
1860,ORD00878,PROD0058,2,14691.81,29383.62
1861,ORD00879,PROD0252,4,8223.52,32894.08
1862,ORD00879,PROD0044,4,32574.27,130297.08
1863,ORD00879,PROD0231,2,6206.49,12412.98
1864,ORD00880,PROD0276,4,6563.88,26255.52
1865,ORD00880,PROD0195,3,24091.13,72273.39
1866,ORD00880,PROD0087,1,12717.02,12717.02
1867,ORD00880,PROD0038,5,88262.22,441311.10
1868,ORD00881,PROD0100,1,110269.71,110269.71
1869,ORD00882,PROD0137,2,2019.05,4038.10
1870,ORD00882,PROD0118,3,12699.55,38098.65
1871,ORD00882,PROD0170,1,45302.42,45302.42
1872,ORD00883,PROD0203,4,3538.98,14155.92
1873,ORD00884,PROD0185,3,112356.62,337069.86
1874,ORD00885,PROD0244,4,1664.99,6659.96
1875,ORD00885,PROD0112,5,35280.59,176402.95
1876,ORD00886,PROD0258,3,4792.40,14377.20
1877,ORD00886,PROD0263,5,8199.23,40996.15
1878,ORD00887,PROD0080,3,14845.55,44536.65
1879,ORD00887,PROD0032,3,246601.80,739805.40
1880,ORD00888,PROD0193,2,9954.82,19909.64
1881,ORD00889,PROD0090,2,102715.97,205431.94
1882,ORD00889,PROD0138,5,15463.10,77315.50
1883,ORD00889,PROD0068,2,43176.46,86352.92
1884,ORD00890,PROD0256,2,1625.49,3250.98
1885,ORD00890,PROD0016,5,256280.50,1281402.50
1886,ORD00890,PROD0201,5,10976.40,54882.00
1887,ORD00890,PROD0081,1,110991.10,110991.10
1888,ORD00890,PROD0108,5,121332.02,606660.10
1889,ORD00891,PROD0090,1,102715.97,102715.97
1890,ORD00892,PROD0247,1,5416.29,5416.29
1891,ORD00892,PROD0198,5,57432.47,287162.35
1892,ORD00892,PROD0063,1,35488.70,35488.70
1893,ORD00893,PROD0121,5,17176.67,85883.35
1894,ORD00894,PROD0142,2,8820.60,17641.20
1895,ORD00894,PROD0216,3,3485.44,10456.32
1896,ORD00894,PROD0071,3,9870.56,29611.68
1897,ORD00895,PROD0207,1,11561.20,11561.20
1898,ORD00895,PROD0094,3,117897.53,353692.59
1899,ORD00896,PROD0170,4,45302.42,181209.68
1900,ORD00896,PROD0011,4,314229.61,1256918.44
1901,ORD00896,PROD0024,4,321716.92,1286867.68
1902,ORD00897,PROD0116,4,20859.43,83437.72
1903,ORD00897,PROD0145,5,22657.06,113285.30
1904,ORD00897,PROD0001,3,279610.57,838831.71
1905,ORD00898,PROD0008,3,121518.49,364555.47
1906,ORD00899,PROD0194,5,24802.59,124012.95
1907,ORD00899,PROD0274,5,7846.95,39234.75
1908,ORD00900,PROD0222,5,2802.33,14011.65
1909,ORD00901,PROD0249,3,774.24,2322.72
1910,ORD00901,PROD0038,1,88262.22,88262.22
1911,ORD00902,PROD0122,2,16203.67,32407.34
1912,ORD00903,PROD0096,1,179864.29,179864.29
1913,ORD00903,PROD0195,3,24091.13,72273.39
1914,ORD00904,PROD0072,1,43142.24,43142.24
1915,ORD00905,PROD0149,2,8124.11,16248.22
1916,ORD00905,PROD0047,4,5512.81,22051.24
1917,ORD00906,PROD0075,5,5182.19,25910.95
1918,ORD00906,PROD0144,5,801.07,4005.35
1919,ORD00906,PROD0048,4,10843.12,43372.48
1920,ORD00907,PROD0136,3,8175.35,24526.05
1921,ORD00908,PROD0024,4,321716.92,1286867.68
1922,ORD00908,PROD0164,5,6702.72,33513.60
1923,ORD00909,PROD0010,4,270434.00,1081736.00
1924,ORD00909,PROD0026,2,34248.48,68496.96
1925,ORD00909,PROD0033,3,245627.48,736882.44
1926,ORD00910,PROD0241,2,1174.07,2348.14
1927,ORD00910,PROD0091,5,141135.80,705679.00
1928,ORD00910,PROD0258,5,4792.40,23962.00
1929,ORD00911,PROD0265,2,11740.65,23481.30
1930,ORD00911,PROD0094,3,117897.53,353692.59
1931,ORD00912,PROD0278,3,6353.37,19060.11
1932,ORD00913,PROD0191,1,44052.51,44052.51
1933,ORD00914,PROD0096,4,179864.29,719457.16
1934,ORD00915,PROD0070,2,25905.43,51810.86
1935,ORD00916,PROD0248,3,4809.30,14427.90
1936,ORD00917,PROD0168,2,100026.32,200052.64
1937,ORD00917,PROD0151,5,24271.64,121358.20
1938,ORD00917,PROD0117,5,31515.40,157577.00
1939,ORD00918,PROD0132,3,23990.67,71972.01
1940,ORD00919,PROD0243,1,10094.25,10094.25
1941,ORD00919,PROD0104,2,,
1942,ORD00919,PROD0160,1,12278.28,12278.28
1943,ORD00919,PROD0276,1,6563.88,6563.88
1944,ORD00920,PROD0114,1,7586.49,7586.49
1945,ORD00920,PROD0094,4,117897.53,471590.12
1946,ORD00921,PROD0078,4,18117.48,72469.92
1947,ORD00922,PROD0220,4,11275.57,45102.28
1948,ORD00923,PROD0156,3,21374.21,64122.63
1949,ORD00923,PROD0091,2,141135.80,282271.60
1950,ORD00924,PROD0172,1,95695.43,95695.43
1951,ORD00925,PROD0172,3,95695.43,287086.29
1952,ORD00926,PROD0277,3,9657.13,28971.39
1953,ORD00926,PROD0171,1,105588.96,105588.96
1954,ORD00927,PROD0053,5,43609.38,218046.90
1955,ORD00927,PROD0120,4,35341.43,141365.72
1956,ORD00927,PROD0052,1,23501.69,23501.69
1957,ORD00927,PROD0043,5,16739.67,83698.35
1958,ORD00927,PROD0237,1,7201.43,7201.43
1959,ORD00928,PROD0091,1,141135.80,141135.80
1960,ORD00928,PROD0087,4,12717.02,50868.08
1961,ORD00929,PROD0091,2,141135.80,282271.60
1962,ORD00929,PROD0001,4,279610.57,1118442.28
1963,ORD00929,PROD0043,3,16739.67,50219.01
1964,ORD00929,PROD0070,5,25905.43,129527.15
1965,ORD00930,PROD0041,2,14461.31,28922.62
1966,ORD00930,PROD0164,2,6702.72,13405.44
1967,ORD00930,PROD0057,3,24240.82,72722.46
1968,ORD00930,PROD0173,5,39177.27,195886.35
1969,ORD00931,PROD0253,4,8743.34,34973.36
1970,ORD00931,PROD0052,5,23501.69,117508.45
1971,ORD00931,PROD0227,5,9871.34,49356.70
1972,ORD00931,PROD0098,1,54814.26,54814.26
1973,ORD00931,PROD0067,3,11627.77,34883.31
1974,ORD00932,PROD0034,1,272513.12,272513.12
1975,ORD00932,PROD0025,4,330590.39,1322361.56
1976,ORD00933,PROD0061,1,6821.26,6821.26
1977,ORD00934,PROD0146,1,9207.08,9207.08
1978,ORD00935,PROD0090,5,102715.97,513579.85
1979,ORD00936,PROD0076,3,27116.85,81350.55
1980,ORD00936,PROD0024,4,321716.92,1286867.68
1981,ORD00937,PROD0010,4,270434.00,1081736.00
1982,ORD00938,PROD0023,4,276589.43,1106357.72
1983,ORD00938,PROD0124,5,17164.25,85821.25
1984,ORD00939,PROD0158,1,12650.30,12650.30
1985,ORD00939,PROD0192,1,94625.99,94625.99
1986,ORD00939,PROD0116,4,20859.43,83437.72
1987,ORD00940,PROD0179,1,21340.87,21340.87
1988,ORD00941,PROD0055,4,42567.03,170268.12
1989,ORD00942,PROD0077,3,20510.26,61530.78
1990,ORD00942,PROD0113,1,145706.19,145706.19
1991,ORD00942,PROD0114,1,7586.49,7586.49
1992,ORD00942,PROD0158,1,12650.30,12650.30
1993,ORD00943,PROD0024,1,321716.92,321716.92
1994,ORD00943,PROD0183,5,26053.15,130265.75
1995,ORD00943,PROD0126,5,13544.05,67720.25
1996,ORD00944,PROD0228,2,6170.81,12341.62
1997,ORD00945,PROD0234,5,6463.53,32317.65
1998,ORD00945,PROD0172,2,95695.43,191390.86
1999,ORD00945,PROD0279,1,962.48,962.48
2000,ORD00945,PROD0231,2,6206.49,12412.98
2001,ORD00945,PROD0166,5,101932.80,509664.00
2002,ORD00946,PROD0124,4,17164.25,68657.00
2003,ORD00946,PROD0215,3,3385.48,10156.44
2004,ORD00946,PROD0092,3,140982.24,422946.72
2005,ORD00946,PROD0005,5,85978.02,429890.10
2006,ORD00946,PROD0073,2,6732.32,13464.64
2007,ORD00947,PROD0001,1,279610.57,279610.57
2008,ORD00947,PROD0228,1,6170.81,6170.81
2009,ORD00948,PROD0051,1,33329.69,33329.69
2010,ORD00948,PROD0088,5,,
2011,ORD00948,PROD0035,5,190414.55,952072.75
2012,ORD00948,PROD0181,4,63768.87,255075.48
2013,ORD00948,PROD0269,1,2989.48,2989.48
2014,ORD00949,PROD0275,3,10193.83,30581.49
2015,ORD00949,PROD0191,5,44052.51,220262.55
2016,ORD00950,PROD0241,1,1174.07,1174.07
2017,ORD00950,PROD0086,4,49202.47,196809.88
2018,ORD00951,PROD0111,5,2676.03,13380.15
2019,ORD00951,PROD0035,4,190414.55,761658.20
2020,ORD00952,PROD0160,1,12278.28,12278.28
2021,ORD00953,PROD0028,2,316366.34,632732.68
2022,ORD00954,PROD0080,1,14845.55,14845.55
2023,ORD00955,PROD0068,5,43176.46,215882.30
2024,ORD00956,PROD0065,1,30524.10,30524.10
2025,ORD00956,PROD0007,2,290642.30,581284.60
2026,ORD00956,PROD0066,1,36291.81,36291.81
2027,ORD00957,PROD0255,1,7571.15,7571.15
2028,ORD00957,PROD0184,2,48414.15,96828.30
2029,ORD00957,PROD0066,3,36291.81,108875.43
2030,ORD00958,PROD0172,1,95695.43,95695.43
2031,ORD00959,PROD0119,4,47472.78,189891.12
2032,ORD00960,PROD0037,1,266180.98,266180.98
2033,ORD00961,PROD0038,2,88262.22,176524.44
2034,ORD00961,PROD0241,5,1174.07,5870.35
2035,ORD00961,PROD0153,5,10840.50,54202.50
2036,ORD00961,PROD0194,2,24802.59,49605.18
2037,ORD00961,PROD0021,1,34405.68,34405.68
2038,ORD00962,PROD0035,2,190414.55,380829.10
2039,ORD00962,PROD0199,2,28468.05,56936.10
2040,ORD00962,PROD0201,5,10976.40,54882.00
2041,ORD00963,PROD0189,4,96833.78,387335.12
2042,ORD00964,PROD0202,2,12764.12,25528.24
2043,ORD00965,PROD0131,1,21092.44,21092.44
2044,ORD00965,PROD0154,4,19738.96,78955.84
2045,ORD00966,PROD0116,1,20859.43,20859.43
2046,ORD00966,PROD0214,3,12483.89,37451.67
2047,ORD00966,PROD0177,5,102403.06,512015.30
2048,ORD00967,PROD0061,1,6821.26,6821.26
2049,ORD00968,PROD0176,5,30789.84,153949.20
2050,ORD00969,PROD0021,4,34405.68,137622.72
2051,ORD00969,PROD0274,5,7846.95,39234.75
2052,ORD00970,PROD0123,3,11097.43,33292.29
2053,ORD00971,PROD0113,2,145706.19,291412.38
2054,ORD00972,PROD0096,2,179864.29,359728.58
2055,ORD00972,PROD0188,2,51993.13,103986.26
2056,ORD00972,PROD0030,2,253935.11,507870.22
2057,ORD00972,PROD0187,3,28776.04,86328.12
2058,ORD00972,PROD0273,2,1784.35,3568.70
2059,ORD00973,PROD0271,1,1989.71,1989.71
2060,ORD00973,PROD0256,3,1625.49,4876.47
2061,ORD00973,PROD0208,3,9010.85,27032.55
2062,ORD00974,PROD0256,4,1625.49,6501.96
2063,ORD00974,PROD0170,4,45302.42,181209.68
2064,ORD00975,PROD0103,3,83304.08,249912.24
2065,ORD00976,PROD0258,4,4792.40,19169.60
2066,ORD00977,PROD0157,1,10758.03,10758.03
2067,ORD00977,PROD0261,3,8607.87,25823.61
2068,ORD00978,PROD0123,1,11097.43,11097.43
2069,ORD00979,PROD0063,3,35488.70,106466.10
2070,ORD00980,PROD0081,4,110991.10,443964.40
2071,ORD00981,PROD0029,2,149660.33,299320.66
2072,ORD00981,PROD0232,4,4469.76,17879.04
2073,ORD00981,PROD0212,2,8757.97,17515.94
2074,ORD00982,PROD0254,2,9824.37,19648.74
2075,ORD00982,PROD0272,2,11096.23,22192.46
2076,ORD00982,PROD0183,1,26053.15,26053.15
2077,ORD00983,PROD0144,2,801.07,1602.14
2078,ORD00984,PROD0256,1,1625.49,1625.49
2079,ORD00984,PROD0025,4,330590.39,1322361.56
2080,ORD00985,PROD0076,4,27116.85,108467.40
2081,ORD00985,PROD0114,4,7586.49,30345.96
2082,ORD00985,PROD0228,2,6170.81,12341.62
2083,ORD00986,PROD0143,1,13171.72,13171.72
2084,ORD00987,PROD0275,3,10193.83,30581.49
2085,ORD00987,PROD0033,3,245627.48,736882.44
2086,ORD00987,PROD0013,5,337113.25,1685566.25
2087,ORD00988,PROD0092,2,140982.24,281964.48
2088,ORD00988,PROD0066,3,36291.81,108875.43
2089,ORD00988,PROD0034,4,272513.12,1090052.48
2090,ORD00988,PROD0159,2,17483.90,34967.80
2091,ORD00989,PROD0112,1,35280.59,35280.59
2092,ORD00989,PROD0204,4,5933.15,23732.60
2093,ORD00989,PROD0271,2,1989.71,3979.42
2094,ORD00990,PROD0266,1,408.26,408.26
2095,ORD00990,PROD0201,5,10976.40,54882.00
2096,ORD00990,PROD0091,2,141135.80,282271.60
2097,ORD00991,PROD0192,5,94625.99,473129.95
2098,ORD00992,PROD0227,2,9871.34,19742.68
2099,ORD00993,PROD0114,2,7586.49,15172.98
2100,ORD00993,PROD0182,4,33297.75,133191.00
2101,ORD00993,PROD0116,4,20859.43,83437.72
2102,ORD00993,PROD0067,1,11627.77,11627.77
2103,ORD00994,PROD0024,1,321716.92,321716.92
2104,ORD00994,PROD0262,5,3172.89,15864.45
2105,ORD00994,PROD0096,2,179864.29,359728.58
2106,ORD00994,PROD0200,2,29196.20,58392.40
2107,ORD00994,PROD0255,4,7571.15,30284.60
2108,ORD00995,PROD0094,1,117897.53,117897.53
2109,ORD00996,PROD0133,4,23616.92,94467.68
2110,ORD00996,PROD0207,2,11561.20,23122.40
2111,ORD00997,PROD0073,5,6732.32,33661.60
2112,ORD00997,PROD0083,3,160848.97,482546.91
2113,ORD00997,PROD0261,3,8607.87,25823.61
2114,ORD00997,PROD0009,2,198883.60,397767.20
2115,ORD00997,PROD0055,3,42567.03,127701.09
2116,ORD00998,PROD0095,4,49921.23,199684.92
2117,ORD00998,PROD0092,2,140982.24,281964.48
2118,ORD00998,PROD0182,5,33297.75,166488.75
2119,ORD00998,PROD0208,3,9010.85,27032.55
2120,ORD00998,PROD0030,2,253935.11,507870.22
2121,ORD00999,PROD0126,1,13544.05,13544.05
2122,ORD00999,PROD0035,3,190414.55,571243.65
2123,ORD00999,PROD0059,4,35594.97,142379.88
2124,ORD00999,PROD0273,4,1784.35,7137.40
2125,ORD01000,PROD0157,1,10758.03,10758.03
2126,ORD01000,PROD0063,1,35488.70,35488.70
2127,ORD01000,PROD0166,2,101932.80,203865.60
2128,ORD01000,PROD0077,4,20510.26,82041.04
2129,ORD01001,PROD0243,3,10094.25,30282.75
2130,ORD01002,PROD0129,5,5323.48,26617.40
2131,ORD01003,PROD0176,3,30789.84,92369.52
2132,ORD01004,PROD0109,4,70228.44,280913.76
2133,ORD01004,PROD0165,5,22136.37,110681.85
2134,ORD01005,PROD0087,4,12717.02,50868.08
2135,ORD01006,PROD0158,1,12650.30,12650.30
2136,ORD01007,PROD0273,4,1784.35,7137.40
2137,ORD01007,PROD0233,1,10621.64,10621.64
2138,ORD01008,PROD0095,2,49921.23,99842.46
2139,ORD01009,PROD0244,4,1664.99,6659.96
2140,ORD01009,PROD0279,3,962.48,2887.44
2141,ORD01010,PROD0159,1,17483.90,17483.90
2142,ORD01010,PROD0104,5,,
2143,ORD01011,PROD0172,2,95695.43,191390.86
2144,ORD01011,PROD0094,1,117897.53,117897.53
2145,ORD01012,PROD0249,3,774.24,2322.72
2146,ORD01012,PROD0194,5,24802.59,124012.95
2147,ORD01012,PROD0140,4,2847.84,11391.36
2148,ORD01013,PROD0238,4,6026.76,24107.04
2149,ORD01014,PROD0231,1,6206.49,6206.49
2150,ORD01014,PROD0159,4,17483.90,69935.60
2151,ORD01015,PROD0126,3,13544.05,40632.15
2152,ORD01016,PROD0219,1,14849.13,14849.13
2153,ORD01016,PROD0096,5,179864.29,899321.45
2154,ORD01016,PROD0238,3,6026.76,18080.28
2155,ORD01016,PROD0226,2,7172.97,14345.94
2156,ORD01016,PROD0041,5,14461.31,72306.55
2157,ORD01017,PROD0005,3,85978.02,257934.06
2158,ORD01017,PROD0092,3,140982.24,422946.72
2159,ORD01018,PROD0149,3,8124.11,24372.33
2160,ORD01018,PROD0269,3,2989.48,8968.44
2161,ORD01018,PROD0172,4,95695.43,382781.72
2162,ORD01018,PROD0202,4,12764.12,51056.48
2163,ORD01019,PROD0132,1,23990.67,23990.67
2164,ORD01020,PROD0125,3,22153.16,66459.48
2165,ORD01021,PROD0136,2,8175.35,16350.70
2166,ORD01021,PROD0009,2,198883.60,397767.20
2167,ORD01021,PROD0270,1,907.09,907.09
2168,ORD01021,PROD0088,5,,
2169,ORD01022,PROD0268,2,2944.75,5889.50
2170,ORD01022,PROD0139,2,14201.82,28403.64
2171,ORD01022,PROD0052,1,23501.69,23501.69
2172,ORD01023,PROD0246,1,5399.76,5399.76
2173,ORD01024,PROD0212,4,8757.97,35031.88
2174,ORD01024,PROD0190,5,22778.54,113892.70
2175,ORD01024,PROD0173,2,39177.27,78354.54
2176,ORD01025,PROD0156,1,21374.21,21374.21
2177,ORD01025,PROD0196,2,2511.26,5022.52
2178,ORD01026,PROD0237,3,7201.43,21604.29
2179,ORD01027,PROD0173,4,39177.27,156709.08
2180,ORD01028,PROD0112,5,35280.59,176402.95
2181,ORD01028,PROD0036,3,78738.41,236215.23
2182,ORD01028,PROD0134,2,19220.41,38440.82
2183,ORD01028,PROD0185,3,112356.62,337069.86
2184,ORD01029,PROD0025,3,330590.39,991771.17
2185,ORD01029,PROD0105,2,162358.65,324717.30
2186,ORD01030,PROD0150,2,12003.33,24006.66
2187,ORD01031,PROD0203,1,3538.98,3538.98
2188,ORD01031,PROD0277,1,9657.13,9657.13
2189,ORD01032,PROD0144,5,801.07,4005.35
2190,ORD01032,PROD0196,1,2511.26,2511.26
2191,ORD01033,PROD0147,4,5055.12,20220.48
2192,ORD01033,PROD0033,3,245627.48,736882.44
2193,ORD01034,PROD0275,3,10193.83,30581.49
2194,ORD01035,PROD0174,4,110640.11,442560.44
2195,ORD01035,PROD0093,3,8480.78,25442.34
2196,ORD01036,PROD0079,1,13912.80,13912.80
2197,ORD01036,PROD0120,2,35341.43,70682.86
2198,ORD01037,PROD0102,3,45021.16,135063.48
2199,ORD01038,PROD0234,4,6463.53,25854.12
2200,ORD01038,PROD0187,2,28776.04,57552.08
2201,ORD01038,PROD0006,4,308912.61,1235650.44
2202,ORD01038,PROD0225,5,9270.30,46351.50
2203,ORD01039,PROD0190,2,22778.54,45557.08
2204,ORD01040,PROD0133,2,23616.92,47233.84
2205,ORD01040,PROD0250,2,4620.81,9241.62
2206,ORD01041,PROD0035,5,190414.55,952072.75
2207,ORD01042,PROD0084,3,37258.14,111774.42
2208,ORD01042,PROD0068,1,43176.46,43176.46
2209,ORD01043,PROD0280,1,7685.53,7685.53
2210,ORD01043,PROD0237,4,7201.43,28805.72
2211,ORD01044,PROD0094,3,117897.53,353692.59
2212,ORD01045,PROD0241,5,1174.07,5870.35
2213,ORD01045,PROD0076,1,27116.85,27116.85
2214,ORD01045,PROD0174,2,110640.11,221280.22
2215,ORD01046,PROD0274,3,7846.95,23540.85
2216,ORD01047,PROD0097,4,9141.77,36567.08
2217,ORD01048,PROD0062,2,22431.17,44862.34
2218,ORD01048,PROD0272,3,11096.23,33288.69
2219,ORD01048,PROD0235,5,1609.74,8048.70
2220,ORD01048,PROD0263,4,8199.23,32796.92
2221,ORD01048,PROD0022,5,222156.94,1110784.70
2222,ORD01049,PROD0019,2,339524.65,679049.30
2223,ORD01050,PROD0182,2,33297.75,66595.50
2224,ORD01051,PROD0253,4,8743.34,34973.36
2225,ORD01052,PROD0058,4,14691.81,58767.24
2226,ORD01053,PROD0196,5,2511.26,12556.30
2227,ORD01053,PROD0099,2,130788.21,261576.42
2228,ORD01053,PROD0100,2,110269.71,220539.42
2229,ORD01053,PROD0001,3,279610.57,838831.71
2230,ORD01054,PROD0170,3,45302.42,135907.26
2231,ORD01054,PROD0007,4,290642.30,1162569.20
2232,ORD01055,PROD0161,2,25829.99,51659.98
2233,ORD01056,PROD0108,2,121332.02,242664.04
2234,ORD01057,PROD0255,3,7571.15,22713.45
2235,ORD01057,PROD0243,2,10094.25,20188.50
2236,ORD01058,PROD0069,1,39168.98,39168.98
2237,ORD01059,PROD0166,4,101932.80,407731.20
2238,ORD01060,PROD0079,2,13912.80,27825.60
2239,ORD01060,PROD0210,5,14712.50,73562.50
2240,ORD01061,PROD0133,5,23616.92,118084.60
2241,ORD01062,PROD0115,1,2277.24,2277.24
2242,ORD01062,PROD0276,3,6563.88,19691.64
2243,ORD01062,PROD0021,5,34405.68,172028.40
2244,ORD01063,PROD0043,1,16739.67,16739.67
2245,ORD01063,PROD0091,2,141135.80,282271.60
2246,ORD01063,PROD0078,1,18117.48,18117.48
2247,ORD01064,PROD0275,4,10193.83,40775.32
2248,ORD01064,PROD0256,3,1625.49,4876.47
2249,ORD01065,PROD0030,3,253935.11,761805.33
2250,ORD01065,PROD0200,3,29196.20,87588.60
2251,ORD01066,PROD0258,4,4792.40,19169.60
2252,ORD01066,PROD0255,5,7571.15,37855.75
2253,ORD01067,PROD0145,3,22657.06,67971.18
2254,ORD01067,PROD0205,1,,
2255,ORD01068,PROD0092,2,140982.24,281964.48
2256,ORD01068,PROD0039,1,257535.23,257535.23
2257,ORD01068,PROD0099,3,130788.21,392364.63
2258,ORD01069,PROD0262,4,3172.89,12691.56
2259,ORD01069,PROD0058,5,14691.81,73459.05
2260,ORD01069,PROD0047,4,5512.81,22051.24
2261,ORD01070,PROD0270,2,907.09,1814.18
2262,ORD01070,PROD0050,5,26917.21,134586.05
2263,ORD01071,PROD0011,1,314229.61,314229.61
2264,ORD01071,PROD0087,1,12717.02,12717.02
2265,ORD01072,PROD0050,1,26917.21,26917.21
2266,ORD01073,PROD0001,5,279610.57,1398052.85
2267,ORD01073,PROD0182,2,33297.75,66595.50
2268,ORD01074,PROD0032,4,246601.80,986407.20
2269,ORD01074,PROD0031,5,290316.23,1451581.15
2270,ORD01074,PROD0231,4,6206.49,24825.96
2271,ORD01075,PROD0106,5,137481.28,687406.40
2272,ORD01076,PROD0043,5,16739.67,83698.35
2273,ORD01076,PROD0259,4,7869.35,31477.40
2274,ORD01076,PROD0173,2,39177.27,78354.54
2275,ORD01076,PROD0059,4,35594.97,142379.88
2276,ORD01077,PROD0039,2,257535.23,515070.46
2277,ORD01078,PROD0277,5,9657.13,48285.65
2278,ORD01079,PROD0167,4,22365.17,89460.68
2279,ORD01079,PROD0011,4,314229.61,1256918.44
2280,ORD01080,PROD0086,5,49202.47,246012.35
2281,ORD01080,PROD0004,1,39811.79,39811.79
2282,ORD01080,PROD0276,3,6563.88,19691.64
2283,ORD01081,PROD0258,1,4792.40,4792.40
2284,ORD01082,PROD0180,2,60582.65,121165.30
2285,ORD01082,PROD0255,1,7571.15,7571.15
2286,ORD01083,PROD0205,5,,
2287,ORD01084,PROD0230,2,6077.64,12155.28
2288,ORD01085,PROD0115,5,2277.24,11386.20
2289,ORD01086,PROD0012,2,248709.70,497419.40
2290,ORD01086,PROD0228,5,6170.81,30854.05
2291,ORD01086,PROD0138,4,15463.10,61852.40
2292,ORD01086,PROD0244,4,1664.99,6659.96
2293,ORD01087,PROD0235,4,1609.74,6438.96
2294,ORD01087,PROD0158,3,12650.30,37950.90
2295,ORD01088,PROD0100,4,110269.71,441078.84
2296,ORD01088,PROD0259,2,7869.35,15738.70
2297,ORD01088,PROD0155,3,17522.15,52566.45
2298,ORD01088,PROD0058,4,14691.81,58767.24
2299,ORD01088,PROD0211,5,8250.11,41250.55
2300,ORD01089,PROD0055,5,42567.03,212835.15
2301,ORD01089,PROD0195,5,24091.13,120455.65
2302,ORD01089,PROD0150,1,12003.33,12003.33
2303,ORD01090,PROD0006,1,308912.61,308912.61
2304,ORD01090,PROD0168,1,100026.32,100026.32
2305,ORD01090,PROD0088,2,,
2306,ORD01091,PROD0279,2,962.48,1924.96
2307,ORD01092,PROD0022,4,222156.94,888627.76
2308,ORD01092,PROD0169,3,41598.42,124795.26
2309,ORD01093,PROD0055,2,42567.03,85134.06
2310,ORD01093,PROD0178,1,87684.88,87684.88
2311,ORD01093,PROD0213,2,2985.64,5971.28
2312,ORD01094,PROD0200,1,29196.20,29196.20
2313,ORD01094,PROD0207,5,11561.20,57806.00
2314,ORD01095,PROD0184,5,48414.15,242070.75
2315,ORD01095,PROD0199,3,28468.05,85404.15
2316,ORD01095,PROD0150,5,12003.33,60016.65
2317,ORD01095,PROD0050,2,26917.21,53834.42
2318,ORD01096,PROD0010,4,270434.00,1081736.00
2319,ORD01096,PROD0061,2,6821.26,13642.52
2320,ORD01096,PROD0272,4,11096.23,44384.92
2321,ORD01097,PROD0063,1,35488.70,35488.70
2322,ORD01098,PROD0176,5,30789.84,153949.20
2323,ORD01098,PROD0217,4,7092.62,28370.48
2324,ORD01099,PROD0245,3,,
2325,ORD01099,PROD0071,4,9870.56,39482.24
2326,ORD01100,PROD0151,4,24271.64,97086.56
2327,ORD01101,PROD0167,5,22365.17,111825.85
2328,ORD01101,PROD0191,2,44052.51,88105.02
2329,ORD01102,PROD0161,4,25829.99,103319.96
2330,ORD01102,PROD0004,1,39811.79,39811.79
2331,ORD01103,PROD0029,4,149660.33,598641.32
2332,ORD01103,PROD0002,2,102447.74,204895.48
2333,ORD01103,PROD0128,2,24463.34,48926.68
2334,ORD01104,PROD0074,4,13460.87,53843.48
2335,ORD01105,PROD0178,2,87684.88,175369.76
2336,ORD01105,PROD0165,2,22136.37,44272.74
2337,ORD01105,PROD0167,5,22365.17,111825.85
2338,ORD01106,PROD0258,4,4792.40,19169.60
2339,ORD01106,PROD0168,3,100026.32,300078.96
2340,ORD01107,PROD0025,3,330590.39,991771.17
2341,ORD01107,PROD0186,4,17418.14,69672.56
2342,ORD01107,PROD0158,4,12650.30,50601.20
2343,ORD01107,PROD0048,3,10843.12,32529.36
2344,ORD01108,PROD0153,3,10840.50,32521.50
2345,ORD01108,PROD0225,1,9270.30,9270.30
2346,ORD01108,PROD0271,4,1989.71,7958.84
2347,ORD01109,PROD0134,5,19220.41,96102.05
2348,ORD01109,PROD0149,2,8124.11,16248.22
2349,ORD01110,PROD0043,1,16739.67,16739.67
2350,ORD01111,PROD0274,5,7846.95,39234.75
2351,ORD01111,PROD0090,1,102715.97,102715.97
2352,ORD01112,PROD0223,1,7785.89,7785.89
2353,ORD01112,PROD0095,3,49921.23,149763.69
2354,ORD01112,PROD0162,2,2672.21,5344.42
2355,ORD01113,PROD0116,1,20859.43,20859.43
2356,ORD01113,PROD0248,5,4809.30,24046.50
2357,ORD01113,PROD0263,5,8199.23,40996.15
2358,ORD01113,PROD0026,1,34248.48,34248.48
2359,ORD01114,PROD0246,4,5399.76,21599.04
2360,ORD01114,PROD0227,2,9871.34,19742.68
2361,ORD01115,PROD0203,2,3538.98,7077.96
2362,ORD01116,PROD0175,1,102750.60,102750.60
2363,ORD01117,PROD0246,5,5399.76,26998.80
2364,ORD01117,PROD0117,1,31515.40,31515.40
2365,ORD01118,PROD0210,3,14712.50,44137.50
2366,ORD01118,PROD0268,3,2944.75,8834.25
2367,ORD01119,PROD0235,4,1609.74,6438.96
2368,ORD01119,PROD0190,2,22778.54,45557.08
2369,ORD01120,PROD0267,2,6230.11,12460.22
2370,ORD01121,PROD0226,5,7172.97,35864.85
2371,ORD01122,PROD0071,5,9870.56,49352.80
2372,ORD01122,PROD0154,2,19738.96,39477.92
2373,ORD01122,PROD0271,5,1989.71,9948.55
2374,ORD01123,PROD0135,1,2595.60,2595.60
2375,ORD01123,PROD0169,3,41598.42,124795.26
2376,ORD01124,PROD0201,1,10976.40,10976.40
2377,ORD01124,PROD0268,1,2944.75,2944.75
2378,ORD01125,PROD0275,5,10193.83,50969.15
2379,ORD01125,PROD0059,2,35594.97,71189.94
2380,ORD01125,PROD0042,5,44258.35,221291.75
2381,ORD01126,PROD0012,1,248709.70,248709.70
2382,ORD01126,PROD0086,4,49202.47,196809.88
2383,ORD01127,PROD0114,1,7586.49,7586.49
2384,ORD01127,PROD0192,3,94625.99,283877.97
2385,ORD01128,PROD0007,1,290642.30,290642.30
2386,ORD01128,PROD0164,1,6702.72,6702.72
2387,ORD01128,PROD0100,1,110269.71,110269.71
2388,ORD01128,PROD0065,5,30524.10,152620.50
2389,ORD01128,PROD0203,2,3538.98,7077.96
2390,ORD01129,PROD0162,3,2672.21,8016.63
2391,ORD01130,PROD0022,1,222156.94,222156.94
2392,ORD01130,PROD0146,2,9207.08,18414.16
2393,ORD01130,PROD0168,3,100026.32,300078.96
2394,ORD01131,PROD0272,4,11096.23,44384.92
2395,ORD01131,PROD0255,4,7571.15,30284.60
2396,ORD01131,PROD0106,2,137481.28,274962.56
2397,ORD01132,PROD0126,3,13544.05,40632.15
2398,ORD01132,PROD0108,2,121332.02,242664.04
2399,ORD01133,PROD0221,1,13121.51,13121.51
2400,ORD01134,PROD0198,2,57432.47,114864.94
2401,ORD01134,PROD0193,5,9954.82,49774.10
2402,ORD01135,PROD0261,4,8607.87,34431.48
2403,ORD01135,PROD0123,4,11097.43,44389.72
2404,ORD01136,PROD0267,1,6230.11,6230.11
2405,ORD01137,PROD0018,5,120439.60,602198.00
2406,ORD01137,PROD0054,4,31709.48,126837.92
2407,ORD01138,PROD0210,1,14712.50,14712.50
2408,ORD01138,PROD0136,1,8175.35,8175.35
2409,ORD01138,PROD0022,2,222156.94,444313.88
2410,ORD01138,PROD0192,5,94625.99,473129.95
2411,ORD01139,PROD0217,5,7092.62,35463.10
2412,ORD01139,PROD0069,1,39168.98,39168.98
2413,ORD01140,PROD0163,2,18374.63,36749.26
2414,ORD01141,PROD0002,5,102447.74,512238.70
2415,ORD01141,PROD0089,3,45090.58,135271.74
2416,ORD01141,PROD0259,5,7869.35,39346.75
2417,ORD01142,PROD0122,2,16203.67,32407.34
2418,ORD01142,PROD0169,4,41598.42,166393.68
2419,ORD01142,PROD0276,1,6563.88,6563.88
2420,ORD01142,PROD0233,4,10621.64,42486.56
2421,ORD01143,PROD0062,2,22431.17,44862.34
2422,ORD01143,PROD0055,3,42567.03,127701.09
2423,ORD01143,PROD0197,2,113579.08,227158.16
2424,ORD01143,PROD0139,5,14201.82,71009.10
2425,ORD01143,PROD0018,5,120439.60,602198.00
2426,ORD01144,PROD0114,4,7586.49,30345.96
2427,ORD01144,PROD0120,4,35341.43,141365.72
2428,ORD01144,PROD0110,1,23332.73,23332.73
2429,ORD01144,PROD0208,3,9010.85,27032.55
2430,ORD01144,PROD0146,1,9207.08,9207.08
2431,ORD01145,PROD0179,1,21340.87,21340.87
2432,ORD01145,PROD0099,2,130788.21,261576.42
2433,ORD01145,PROD0263,5,8199.23,40996.15
2434,ORD01145,PROD0215,2,3385.48,6770.96
2435,ORD01146,PROD0088,2,,
2436,ORD01147,PROD0144,1,801.07,801.07
2437,ORD01148,PROD0111,2,2676.03,5352.06
2438,ORD01149,PROD0248,5,4809.30,24046.50
2439,ORD01150,PROD0015,5,222324.51,1111622.55
2440,ORD01150,PROD0244,4,1664.99,6659.96
2441,ORD01150,PROD0078,2,18117.48,36234.96
2442,ORD01150,PROD0200,2,29196.20,58392.40
2443,ORD01150,PROD0131,2,21092.44,42184.88
2444,ORD01151,PROD0136,2,8175.35,16350.70
2445,ORD01152,PROD0051,2,33329.69,66659.38
2446,ORD01152,PROD0196,1,2511.26,2511.26
2447,ORD01153,PROD0078,1,18117.48,18117.48
2448,ORD01154,PROD0036,4,78738.41,314953.64
2449,ORD01154,PROD0185,5,112356.62,561783.10
2450,ORD01154,PROD0101,5,114695.41,573477.05
2451,ORD01155,PROD0171,5,105588.96,527944.80
2452,ORD01156,PROD0018,4,120439.60,481758.40
2453,ORD01157,PROD0039,4,257535.23,1030140.92
2454,ORD01157,PROD0200,2,29196.20,58392.40
2455,ORD01158,PROD0057,4,24240.82,96963.28
2456,ORD01158,PROD0086,3,49202.47,147607.41
2457,ORD01158,PROD0036,3,78738.41,236215.23
2458,ORD01158,PROD0243,2,10094.25,20188.50
2459,ORD01158,PROD0004,4,39811.79,159247.16
2460,ORD01159,PROD0068,1,43176.46,43176.46
2461,ORD01159,PROD0095,4,49921.23,199684.92
2462,ORD01159,PROD0185,1,112356.62,112356.62
2463,ORD01159,PROD0074,2,13460.87,26921.74
2464,ORD01160,PROD0009,2,198883.60,397767.20
2465,ORD01160,PROD0140,4,2847.84,11391.36
2466,ORD01160,PROD0157,5,10758.03,53790.15
2467,ORD01160,PROD0229,1,4112.45,4112.45
2468,ORD01160,PROD0243,2,10094.25,20188.50
2469,ORD01161,PROD0041,5,14461.31,72306.55
2470,ORD01161,PROD0239,3,1047.73,3143.19
2471,ORD01162,PROD0277,3,9657.13,28971.39
2472,ORD01163,PROD0275,4,10193.83,40775.32
2473,ORD01163,PROD0047,3,5512.81,16538.43
2474,ORD01163,PROD0088,5,,
2475,ORD01163,PROD0221,5,13121.51,65607.55
2476,ORD01163,PROD0277,4,9657.13,38628.52
2477,ORD01164,PROD0065,4,30524.10,122096.40
2478,ORD01164,PROD0110,4,23332.73,93330.92
2479,ORD01165,PROD0013,2,337113.25,674226.50
2480,ORD01165,PROD0262,4,3172.89,12691.56
2481,ORD01166,PROD0252,5,8223.52,41117.60
2482,ORD01166,PROD0150,5,12003.33,60016.65
2483,ORD01167,PROD0066,2,36291.81,72583.62
2484,ORD01168,PROD0230,5,6077.64,30388.20
2485,ORD01168,PROD0021,2,34405.68,68811.36
2486,ORD01169,PROD0005,2,85978.02,171956.04
2487,ORD01170,PROD0076,1,27116.85,27116.85
2488,ORD01170,PROD0008,2,121518.49,243036.98
2489,ORD01170,PROD0184,2,48414.15,96828.30
2490,ORD01170,PROD0169,1,41598.42,41598.42
2491,ORD01171,PROD0057,1,24240.82,24240.82
2492,ORD01171,PROD0003,5,49538.31,247691.55
2493,ORD01172,PROD0208,1,9010.85,9010.85
2494,ORD01173,PROD0121,2,17176.67,34353.34
2495,ORD01174,PROD0023,5,276589.43,1382947.15
2496,ORD01174,PROD0199,3,28468.05,85404.15
2497,ORD01174,PROD0005,3,85978.02,257934.06
2498,ORD01175,PROD0133,2,23616.92,47233.84
2499,ORD01175,PROD0199,1,28468.05,28468.05
2500,ORD01176,PROD0223,1,7785.89,7785.89
2501,ORD01177,PROD0268,5,2944.75,14723.75
2502,ORD01177,PROD0044,5,32574.27,162871.35
2503,ORD01177,PROD0163,3,18374.63,55123.89
2504,ORD01177,PROD0048,3,10843.12,32529.36
2505,ORD01178,PROD0007,3,290642.30,871926.90
2506,ORD01178,PROD0036,2,78738.41,157476.82
2507,ORD01179,PROD0129,3,5323.48,15970.44
2508,ORD01180,PROD0071,3,9870.56,29611.68
2509,ORD01181,PROD0260,5,5050.94,25254.70
2510,ORD01181,PROD0078,4,18117.48,72469.92
2511,ORD01181,PROD0071,5,9870.56,49352.80
2512,ORD01181,PROD0114,3,7586.49,22759.47
2513,ORD01182,PROD0255,4,7571.15,30284.60
2514,ORD01182,PROD0135,2,2595.60,5191.20
2515,ORD01182,PROD0167,3,22365.17,67095.51
2516,ORD01182,PROD0070,2,25905.43,51810.86
2517,ORD01183,PROD0045,2,15761.34,31522.68
2518,ORD01184,PROD0055,1,42567.03,42567.03
2519,ORD01184,PROD0060,2,10877.79,21755.58
2520,ORD01184,PROD0215,3,3385.48,10156.44
2521,ORD01185,PROD0089,1,45090.58,45090.58
2522,ORD01185,PROD0113,3,145706.19,437118.57
2523,ORD01186,PROD0045,1,15761.34,15761.34
2524,ORD01187,PROD0219,1,14849.13,14849.13
2525,ORD01187,PROD0036,2,78738.41,157476.82
2526,ORD01187,PROD0180,1,60582.65,60582.65
2527,ORD01188,PROD0220,3,11275.57,33826.71
2528,ORD01188,PROD0223,2,7785.89,15571.78
2529,ORD01189,PROD0157,2,10758.03,21516.06
2530,ORD01189,PROD0091,3,141135.80,423407.40
2531,ORD01189,PROD0074,4,13460.87,53843.48
2532,ORD01189,PROD0226,1,7172.97,7172.97
2533,ORD01189,PROD0215,1,3385.48,3385.48
2534,ORD01190,PROD0077,2,20510.26,41020.52
2535,ORD01190,PROD0133,3,23616.92,70850.76
2536,ORD01191,PROD0052,4,23501.69,94006.76
2537,ORD01191,PROD0065,4,30524.10,122096.40
2538,ORD01191,PROD0235,1,1609.74,1609.74
2539,ORD01191,PROD0094,5,117897.53,589487.65
2540,ORD01192,PROD0079,1,13912.80,13912.80
2541,ORD01192,PROD0067,5,11627.77,58138.85
2542,ORD01192,PROD0142,4,8820.60,35282.40
2543,ORD01193,PROD0151,1,24271.64,24271.64
2544,ORD01193,PROD0243,2,10094.25,20188.50
2545,ORD01193,PROD0240,5,10219.29,51096.45
2546,ORD01194,PROD0248,3,4809.30,14427.90
2547,ORD01195,PROD0158,4,12650.30,50601.20
2548,ORD01196,PROD0130,2,1182.88,2365.76
2549,ORD01196,PROD0183,3,26053.15,78159.45
2550,ORD01197,PROD0145,1,22657.06,22657.06
2551,ORD01197,PROD0046,1,5762.47,5762.47
2552,ORD01198,PROD0238,1,6026.76,6026.76
2553,ORD01198,PROD0128,4,24463.34,97853.36
2554,ORD01199,PROD0034,3,272513.12,817539.36
2555,ORD01199,PROD0271,5,1989.71,9948.55
2556,ORD01199,PROD0265,4,11740.65,46962.60
2557,ORD01200,PROD0051,1,33329.69,33329.69
2558,ORD01201,PROD0143,1,13171.72,13171.72
2559,ORD01202,PROD0271,4,1989.71,7958.84
2560,ORD01203,PROD0198,2,57432.47,114864.94
2561,ORD01203,PROD0028,1,316366.34,316366.34
2562,ORD01203,PROD0030,2,253935.11,507870.22
2563,ORD01203,PROD0104,1,,
2564,ORD01204,PROD0108,2,121332.02,242664.04
2565,ORD01204,PROD0153,1,10840.50,10840.50
2566,ORD01204,PROD0244,4,1664.99,6659.96
2567,ORD01204,PROD0060,1,10877.79,10877.79
2568,ORD01205,PROD0080,5,14845.55,74227.75
2569,ORD01205,PROD0182,3,33297.75,99893.25
2570,ORD01205,PROD0027,1,26206.57,26206.57
2571,ORD01206,PROD0005,4,85978.02,343912.08
2572,ORD01206,PROD0062,3,22431.17,67293.51
2573,ORD01206,PROD0040,2,47715.49,95430.98
2574,ORD01206,PROD0106,3,137481.28,412443.84
2575,ORD01207,PROD0240,2,10219.29,20438.58
2576,ORD01207,PROD0029,4,149660.33,598641.32
2577,ORD01208,PROD0241,2,1174.07,2348.14
2578,ORD01209,PROD0197,4,113579.08,454316.32
2579,ORD01209,PROD0129,4,5323.48,21293.92
2580,ORD01210,PROD0215,1,3385.48,3385.48
2581,ORD01210,PROD0055,2,42567.03,85134.06
2582,ORD01211,PROD0181,4,63768.87,255075.48
2583,ORD01212,PROD0203,2,3538.98,7077.96
2584,ORD01213,PROD0196,4,2511.26,10045.04
2585,ORD01213,PROD0181,3,63768.87,191306.61
2586,ORD01214,PROD0034,5,272513.12,1362565.60
2587,ORD01214,PROD0224,1,607.93,607.93
2588,ORD01215,PROD0029,1,149660.33,149660.33
2589,ORD01216,PROD0005,2,85978.02,171956.04
2590,ORD01216,PROD0112,3,35280.59,105841.77
2591,ORD01217,PROD0081,5,110991.10,554955.50
2592,ORD01217,PROD0145,5,22657.06,113285.30
2593,ORD01217,PROD0109,2,70228.44,140456.88
2594,ORD01217,PROD0058,5,14691.81,73459.05
2595,ORD01218,PROD0039,3,257535.23,772605.69
2596,ORD01218,PROD0008,2,121518.49,243036.98
2597,ORD01219,PROD0149,2,8124.11,16248.22
2598,ORD01219,PROD0207,3,11561.20,34683.60
2599,ORD01219,PROD0126,5,13544.05,67720.25
2600,ORD01219,PROD0119,1,47472.78,47472.78
2601,ORD01219,PROD0169,1,41598.42,41598.42
2602,ORD01220,PROD0080,4,14845.55,59382.20
2603,ORD01221,PROD0127,5,8700.29,43501.45
2604,ORD01222,PROD0253,2,8743.34,17486.68
2605,ORD01222,PROD0169,5,41598.42,207992.10
2606,ORD01222,PROD0051,3,33329.69,99989.07
2607,ORD01222,PROD0069,5,39168.98,195844.90
2608,ORD01223,PROD0237,2,7201.43,14402.86
2609,ORD01224,PROD0190,4,22778.54,91114.16
2610,ORD01224,PROD0144,4,801.07,3204.28
2611,ORD01224,PROD0217,2,7092.62,14185.24
2612,ORD01225,PROD0186,3,17418.14,52254.42
2613,ORD01225,PROD0197,4,113579.08,454316.32
2614,ORD01226,PROD0250,3,4620.81,13862.43
2615,ORD01227,PROD0038,3,88262.22,264786.66
2616,ORD01228,PROD0133,4,23616.92,94467.68
2617,ORD01229,PROD0154,4,19738.96,78955.84
2618,ORD01229,PROD0024,4,321716.92,1286867.68
2619,ORD01230,PROD0107,2,97418.23,194836.46
2620,ORD01230,PROD0206,3,5427.42,16282.26
2621,ORD01230,PROD0244,5,1664.99,8324.95
2622,ORD01230,PROD0214,2,12483.89,24967.78
2623,ORD01231,PROD0016,3,256280.50,768841.50
2624,ORD01232,PROD0172,3,95695.43,287086.29
2625,ORD01233,PROD0075,2,5182.19,10364.38
2626,ORD01233,PROD0243,5,10094.25,50471.25
2627,ORD01234,PROD0165,4,22136.37,88545.48
2628,ORD01235,PROD0174,3,110640.11,331920.33
2629,ORD01235,PROD0177,2,102403.06,204806.12
2630,ORD01236,PROD0270,2,907.09,1814.18
2631,ORD01236,PROD0133,4,23616.92,94467.68
2632,ORD01236,PROD0076,2,27116.85,54233.70
2633,ORD01237,PROD0091,2,141135.80,282271.60
2634,ORD01238,PROD0251,4,5175.86,20703.44
2635,ORD01238,PROD0219,1,14849.13,14849.13
2636,ORD01238,PROD0062,4,22431.17,89724.68
2637,ORD01239,PROD0148,3,3628.18,10884.54
2638,ORD01240,PROD0218,2,5238.20,10476.40
2639,ORD01240,PROD0005,1,85978.02,85978.02
2640,ORD01240,PROD0107,2,97418.23,194836.46
2641,ORD01240,PROD0092,4,140982.24,563928.96
2642,ORD01241,PROD0137,1,2019.05,2019.05
2643,ORD01241,PROD0095,1,49921.23,49921.23
2644,ORD01241,PROD0204,4,5933.15,23732.60
2645,ORD01241,PROD0138,5,15463.10,77315.50
2646,ORD01241,PROD0254,1,9824.37,9824.37
2647,ORD01242,PROD0042,1,44258.35,44258.35
2648,ORD01242,PROD0205,3,,
2649,ORD01242,PROD0100,1,110269.71,110269.71
2650,ORD01242,PROD0229,1,4112.45,4112.45
2651,ORD01243,PROD0144,4,801.07,3204.28
2652,ORD01244,PROD0124,5,17164.25,85821.25
2653,ORD01244,PROD0003,2,49538.31,99076.62
2654,ORD01245,PROD0081,3,110991.10,332973.30
2655,ORD01246,PROD0237,2,7201.43,14402.86
2656,ORD01247,PROD0061,1,6821.26,6821.26
2657,ORD01247,PROD0199,3,28468.05,85404.15
2658,ORD01247,PROD0114,5,7586.49,37932.45
2659,ORD01247,PROD0179,4,21340.87,85363.48
2660,ORD01248,PROD0088,4,,
2661,ORD01249,PROD0192,4,94625.99,378503.96
2662,ORD01249,PROD0012,1,248709.70,248709.70
2663,ORD01250,PROD0012,5,248709.70,1243548.50
2664,ORD01250,PROD0087,1,12717.02,12717.02
2665,ORD01250,PROD0023,1,276589.43,276589.43
2666,ORD01251,PROD0122,5,16203.67,81018.35
2667,ORD01251,PROD0017,5,257730.40,1288652.00
2668,ORD01251,PROD0144,1,801.07,801.07
2669,ORD01251,PROD0133,5,23616.92,118084.60
2670,ORD01252,PROD0004,2,39811.79,79623.58
2671,ORD01253,PROD0177,5,102403.06,512015.30
2672,ORD01253,PROD0031,2,290316.23,580632.46
2673,ORD01253,PROD0059,3,35594.97,106784.91
2674,ORD01254,PROD0259,2,7869.35,15738.70
2675,ORD01254,PROD0146,2,9207.08,18414.16
2676,ORD01254,PROD0107,2,97418.23,194836.46
2677,ORD01254,PROD0100,3,110269.71,330809.13
2678,ORD01255,PROD0276,1,6563.88,6563.88
2679,ORD01256,PROD0138,3,15463.10,46389.30
2680,ORD01257,PROD0069,1,39168.98,39168.98
2681,ORD01257,PROD0029,2,149660.33,299320.66
2682,ORD01258,PROD0143,1,13171.72,13171.72
2683,ORD01258,PROD0082,1,54346.36,54346.36
2684,ORD01259,PROD0230,3,6077.64,18232.92
2685,ORD01260,PROD0118,1,12699.55,12699.55
2686,ORD01261,PROD0078,4,18117.48,72469.92
2687,ORD01261,PROD0261,3,8607.87,25823.61
2688,ORD01262,PROD0230,1,6077.64,6077.64
2689,ORD01262,PROD0118,1,12699.55,12699.55
2690,ORD01263,PROD0139,1,14201.82,14201.82
2691,ORD01263,PROD0032,1,246601.80,246601.80
2692,ORD01263,PROD0098,3,54814.26,164442.78
2693,ORD01263,PROD0086,2,49202.47,98404.94
2694,ORD01264,PROD0054,3,31709.48,95128.44
2695,ORD01265,PROD0134,5,19220.41,96102.05
2696,ORD01265,PROD0239,2,1047.73,2095.46
2697,ORD01266,PROD0131,5,21092.44,105462.20
2698,ORD01266,PROD0165,1,22136.37,22136.37
2699,ORD01267,PROD0221,4,13121.51,52486.04
2700,ORD01267,PROD0253,5,8743.34,43716.70
2701,ORD01268,PROD0221,1,13121.51,13121.51
2702,ORD01268,PROD0182,3,33297.75,99893.25
2703,ORD01269,PROD0267,3,6230.11,18690.33
2704,ORD01270,PROD0278,2,6353.37,12706.74
2705,ORD01271,PROD0089,1,45090.58,45090.58
2706,ORD01272,PROD0111,3,2676.03,8028.09
2707,ORD01273,PROD0180,1,60582.65,60582.65
2708,ORD01274,PROD0208,2,9010.85,18021.70
2709,ORD01274,PROD0087,5,12717.02,63585.10
2710,ORD01274,PROD0154,4,19738.96,78955.84
2711,ORD01274,PROD0229,2,4112.45,8224.90
2712,ORD01275,PROD0006,1,308912.61,308912.61
2713,ORD01276,PROD0210,4,14712.50,58850.00
2714,ORD01277,PROD0095,4,49921.23,199684.92
2715,ORD01277,PROD0035,3,190414.55,571243.65
2716,ORD01278,PROD0044,3,32574.27,97722.81
2717,ORD01278,PROD0113,2,145706.19,291412.38
2718,ORD01278,PROD0126,5,13544.05,67720.25
2719,ORD01279,PROD0114,4,7586.49,30345.96
2720,ORD01280,PROD0205,3,,
2721,ORD01281,PROD0224,4,607.93,2431.72
2722,ORD01281,PROD0067,3,11627.77,34883.31
2723,ORD01282,PROD0103,4,83304.08,333216.32
2724,ORD01282,PROD0139,1,14201.82,14201.82
2725,ORD01283,PROD0102,4,45021.16,180084.64
2726,ORD01284,PROD0154,3,19738.96,59216.88
2727,ORD01284,PROD0071,3,9870.56,29611.68
2728,ORD01284,PROD0103,3,83304.08,249912.24
2729,ORD01284,PROD0051,1,33329.69,33329.69
2730,ORD01284,PROD0200,2,29196.20,58392.40
2731,ORD01285,PROD0017,2,257730.40,515460.80
2732,ORD01285,PROD0217,5,7092.62,35463.10
2733,ORD01285,PROD0107,1,97418.23,97418.23
2734,ORD01285,PROD0129,3,5323.48,15970.44
2735,ORD01285,PROD0150,4,12003.33,48013.32
2736,ORD01286,PROD0045,4,15761.34,63045.36
2737,ORD01287,PROD0147,3,5055.12,15165.36
2738,ORD01287,PROD0113,3,145706.19,437118.57
2739,ORD01287,PROD0228,1,6170.81,6170.81
2740,ORD01287,PROD0158,4,12650.30,50601.20
2741,ORD01288,PROD0200,4,29196.20,116784.80
2742,ORD01288,PROD0131,5,21092.44,105462.20
2743,ORD01289,PROD0116,4,20859.43,83437.72
2744,ORD01290,PROD0089,5,45090.58,225452.90
2745,ORD01290,PROD0102,4,45021.16,180084.64
2746,ORD01291,PROD0117,3,31515.40,94546.20
2747,ORD01291,PROD0257,3,2248.73,6746.19
2748,ORD01292,PROD0017,4,257730.40,1030921.60
2749,ORD01292,PROD0113,5,145706.19,728530.95
2750,ORD01293,PROD0049,2,27088.42,54176.84
2751,ORD01293,PROD0151,4,24271.64,97086.56
2752,ORD01294,PROD0232,3,4469.76,13409.28
2753,ORD01295,PROD0035,3,190414.55,571243.65
2754,ORD01295,PROD0189,1,96833.78,96833.78
2755,ORD01296,PROD0244,2,1664.99,3329.98
2756,ORD01297,PROD0198,2,57432.47,114864.94
2757,ORD01297,PROD0011,3,314229.61,942688.83
2758,ORD01297,PROD0149,4,8124.11,32496.44
2759,ORD01298,PROD0228,5,6170.81,30854.05
2760,ORD01298,PROD0137,5,2019.05,10095.25
2761,ORD01298,PROD0218,2,5238.20,10476.40
2762,ORD01299,PROD0242,2,5755.30,11510.60
2763,ORD01299,PROD0062,2,22431.17,44862.34
2764,ORD01299,PROD0070,4,25905.43,103621.72
2765,ORD01300,PROD0263,4,8199.23,32796.92
2766,ORD01301,PROD0024,4,321716.92,1286867.68
2767,ORD01301,PROD0199,2,28468.05,56936.10
2768,ORD01302,PROD0258,4,4792.40,19169.60
2769,ORD01302,PROD0247,1,5416.29,5416.29
2770,ORD01303,PROD0071,1,9870.56,9870.56
2771,ORD01303,PROD0072,4,43142.24,172568.96
2772,ORD01304,PROD0206,1,5427.42,5427.42
2773,ORD01304,PROD0227,4,9871.34,39485.36
2774,ORD01305,PROD0008,5,121518.49,607592.45
2775,ORD01305,PROD0243,5,10094.25,50471.25
2776,ORD01305,PROD0099,2,130788.21,261576.42
2777,ORD01306,PROD0252,3,8223.52,24670.56
2778,ORD01306,PROD0062,2,22431.17,44862.34
2779,ORD01306,PROD0079,2,13912.80,27825.60
2780,ORD01306,PROD0215,4,3385.48,13541.92
2781,ORD01307,PROD0088,5,,
2782,ORD01307,PROD0208,3,9010.85,27032.55
2783,ORD01308,PROD0121,5,17176.67,85883.35
2784,ORD01308,PROD0045,1,15761.34,15761.34
2785,ORD01308,PROD0122,1,16203.67,16203.67
2786,ORD01308,PROD0168,3,100026.32,300078.96
2787,ORD01308,PROD0155,3,17522.15,52566.45
2788,ORD01309,PROD0175,5,102750.60,513753.00
2789,ORD01310,PROD0263,2,8199.23,16398.46
2790,ORD01310,PROD0143,1,13171.72,13171.72
2791,ORD01311,PROD0258,4,4792.40,19169.60
2792,ORD01311,PROD0003,4,49538.31,198153.24
2793,ORD01312,PROD0271,3,1989.71,5969.13
2794,ORD01312,PROD0027,5,26206.57,131032.85
2795,ORD01312,PROD0053,2,43609.38,87218.76
2796,ORD01312,PROD0195,5,24091.13,120455.65
2797,ORD01313,PROD0153,4,10840.50,43362.00
2798,ORD01313,PROD0022,1,222156.94,222156.94
2799,ORD01314,PROD0206,5,5427.42,27137.10
2800,ORD01314,PROD0077,2,20510.26,41020.52
2801,ORD01315,PROD0270,1,907.09,907.09
2802,ORD01315,PROD0168,4,100026.32,400105.28
2803,ORD01315,PROD0016,2,256280.50,512561.00
2804,ORD01316,PROD0240,1,10219.29,10219.29
2805,ORD01316,PROD0142,1,8820.60,8820.60
2806,ORD01317,PROD0088,2,,
2807,ORD01317,PROD0242,1,5755.30,5755.30
2808,ORD01317,PROD0208,5,9010.85,45054.25
2809,ORD01317,PROD0201,1,10976.40,10976.40
2810,ORD01318,PROD0090,4,102715.97,410863.88
2811,ORD01319,PROD0196,3,2511.26,7533.78
2812,ORD01319,PROD0095,5,49921.23,249606.15
2813,ORD01319,PROD0130,4,1182.88,4731.52
2814,ORD01320,PROD0074,3,13460.87,40382.61
2815,ORD01320,PROD0153,2,10840.50,21681.00
2816,ORD01320,PROD0084,4,37258.14,149032.56
2817,ORD01321,PROD0005,2,85978.02,171956.04
2818,ORD01322,PROD0193,4,9954.82,39819.28
2819,ORD01323,PROD0181,3,63768.87,191306.61
2820,ORD01324,PROD0226,3,7172.97,21518.91
2821,ORD01324,PROD0189,1,96833.78,96833.78
2822,ORD01325,PROD0061,5,6821.26,34106.30
2823,ORD01325,PROD0181,4,63768.87,255075.48
2824,ORD01326,PROD0102,2,45021.16,90042.32
2825,ORD01327,PROD0271,5,1989.71,9948.55
2826,ORD01327,PROD0209,1,2728.52,2728.52
2827,ORD01327,PROD0146,2,9207.08,18414.16
2828,ORD01328,PROD0070,5,25905.43,129527.15
2829,ORD01328,PROD0026,5,34248.48,171242.40
2830,ORD01328,PROD0132,4,23990.67,95962.68
2831,ORD01328,PROD0096,2,179864.29,359728.58
2832,ORD01329,PROD0233,5,10621.64,53108.20
2833,ORD01330,PROD0127,4,8700.29,34801.16
2834,ORD01330,PROD0111,5,2676.03,13380.15
2835,ORD01330,PROD0165,5,22136.37,110681.85
2836,ORD01330,PROD0245,4,,
2837,ORD01331,PROD0026,3,34248.48,102745.44
2838,ORD01331,PROD0268,5,2944.75,14723.75
2839,ORD01332,PROD0044,1,32574.27,32574.27
2840,ORD01332,PROD0080,1,14845.55,14845.55
2841,ORD01332,PROD0065,1,30524.10,30524.10
2842,ORD01332,PROD0207,3,11561.20,34683.60
2843,ORD01332,PROD0006,3,308912.61,926737.83
2844,ORD01333,PROD0035,1,190414.55,190414.55
2845,ORD01333,PROD0157,3,10758.03,32274.09
2846,ORD01333,PROD0117,5,31515.40,157577.00
2847,ORD01334,PROD0279,4,962.48,3849.92
2848,ORD01335,PROD0082,2,54346.36,108692.72
2849,ORD01336,PROD0119,1,47472.78,47472.78
2850,ORD01337,PROD0134,2,19220.41,38440.82
2851,ORD01337,PROD0206,5,5427.42,27137.10
2852,ORD01338,PROD0190,5,22778.54,113892.70
2853,ORD01338,PROD0206,2,5427.42,10854.84
2854,ORD01339,PROD0210,5,14712.50,73562.50
2855,ORD01339,PROD0052,4,23501.69,94006.76
2856,ORD01340,PROD0149,3,8124.11,24372.33
2857,ORD01340,PROD0004,4,39811.79,159247.16
2858,ORD01340,PROD0159,3,17483.90,52451.70
2859,ORD01340,PROD0127,1,8700.29,8700.29
2860,ORD01341,PROD0162,1,2672.21,2672.21
2861,ORD01341,PROD0208,1,9010.85,9010.85
2862,ORD01342,PROD0180,2,60582.65,121165.30
2863,ORD01342,PROD0032,4,246601.80,986407.20
2864,ORD01343,PROD0037,4,266180.98,1064723.92
2865,ORD01343,PROD0102,2,45021.16,90042.32
2866,ORD01343,PROD0265,2,11740.65,23481.30
2867,ORD01344,PROD0230,3,6077.64,18232.92
2868,ORD01345,PROD0274,2,7846.95,15693.90
2869,ORD01345,PROD0213,3,2985.64,8956.92
2870,ORD01345,PROD0066,1,36291.81,36291.81
2871,ORD01346,PROD0242,1,5755.30,5755.30
2872,ORD01347,PROD0086,3,49202.47,147607.41
2873,ORD01347,PROD0276,4,6563.88,26255.52
2874,ORD01347,PROD0178,2,87684.88,175369.76
2875,ORD01347,PROD0041,3,14461.31,43383.93
2876,ORD01347,PROD0138,1,15463.10,15463.10
2877,ORD01348,PROD0041,1,14461.31,14461.31
2878,ORD01349,PROD0188,2,51993.13,103986.26
2879,ORD01350,PROD0146,1,9207.08,9207.08
2880,ORD01351,PROD0061,2,6821.26,13642.52
2881,ORD01351,PROD0277,5,9657.13,48285.65
2882,ORD01351,PROD0142,5,8820.60,44103.00
2883,ORD01351,PROD0010,2,270434.00,540868.00
2884,ORD01352,PROD0083,1,160848.97,160848.97
2885,ORD01353,PROD0011,2,314229.61,628459.22
2886,ORD01353,PROD0228,4,6170.81,24683.24
2887,ORD01353,PROD0274,3,7846.95,23540.85
2888,ORD01353,PROD0277,2,9657.13,19314.26
2889,ORD01353,PROD0007,5,290642.30,1453211.50
2890,ORD01354,PROD0105,2,162358.65,324717.30
2891,ORD01355,PROD0154,1,19738.96,19738.96
2892,ORD01355,PROD0135,4,2595.60,10382.40
2893,ORD01355,PROD0011,4,314229.61,1256918.44
2894,ORD01355,PROD0258,1,4792.40,4792.40
2895,ORD01355,PROD0260,5,5050.94,25254.70
2896,ORD01356,PROD0022,5,222156.94,1110784.70
2897,ORD01356,PROD0061,5,6821.26,34106.30
2898,ORD01357,PROD0041,4,14461.31,57845.24
2899,ORD01357,PROD0048,4,10843.12,43372.48
2900,ORD01357,PROD0103,1,83304.08,83304.08
2901,ORD01357,PROD0075,1,5182.19,5182.19
2902,ORD01358,PROD0205,2,,
2903,ORD01359,PROD0082,1,54346.36,54346.36
2904,ORD01359,PROD0076,3,27116.85,81350.55
2905,ORD01360,PROD0152,5,1904.28,9521.40
2906,ORD01360,PROD0246,2,5399.76,10799.52
2907,ORD01360,PROD0030,2,253935.11,507870.22
2908,ORD01361,PROD0125,4,22153.16,88612.64
2909,ORD01361,PROD0140,4,2847.84,11391.36
2910,ORD01362,PROD0193,1,9954.82,9954.82
2911,ORD01363,PROD0192,4,94625.99,378503.96
2912,ORD01364,PROD0022,4,222156.94,888627.76
2913,ORD01365,PROD0045,5,15761.34,78806.70
2914,ORD01365,PROD0220,5,11275.57,56377.85
2915,ORD01365,PROD0137,5,2019.05,10095.25
2916,ORD01365,PROD0005,1,85978.02,85978.02
2917,ORD01366,PROD0122,3,16203.67,48611.01
2918,ORD01366,PROD0015,2,222324.51,444649.02
2919,ORD01366,PROD0074,1,13460.87,13460.87
2920,ORD01367,PROD0188,1,51993.13,51993.13
2921,ORD01367,PROD0119,5,47472.78,237363.90
2922,ORD01368,PROD0238,3,6026.76,18080.28
2923,ORD01369,PROD0071,3,9870.56,29611.68
2924,ORD01369,PROD0023,5,276589.43,1382947.15
2925,ORD01369,PROD0164,5,6702.72,33513.60
2926,ORD01370,PROD0062,3,22431.17,67293.51
2927,ORD01370,PROD0200,3,29196.20,87588.60
2928,ORD01371,PROD0081,4,110991.10,443964.40
2929,ORD01371,PROD0086,5,49202.47,246012.35
2930,ORD01371,PROD0190,4,22778.54,91114.16
2931,ORD01371,PROD0077,1,20510.26,20510.26
2932,ORD01371,PROD0064,3,34644.88,103934.64
2933,ORD01372,PROD0217,1,7092.62,7092.62
2934,ORD01373,PROD0101,3,114695.41,344086.23
2935,ORD01374,PROD0003,4,49538.31,198153.24
2936,ORD01374,PROD0035,4,190414.55,761658.20
2937,ORD01374,PROD0226,1,7172.97,7172.97
2938,ORD01374,PROD0118,3,12699.55,38098.65
2939,ORD01374,PROD0047,4,5512.81,22051.24
2940,ORD01375,PROD0039,2,257535.23,515070.46
2941,ORD01376,PROD0136,1,8175.35,8175.35
2942,ORD01376,PROD0188,3,51993.13,155979.39
2943,ORD01376,PROD0110,4,23332.73,93330.92
2944,ORD01377,PROD0269,4,2989.48,11957.92
2945,ORD01377,PROD0273,3,1784.35,5353.05
2946,ORD01377,PROD0204,4,5933.15,23732.60
2947,ORD01378,PROD0166,5,101932.80,509664.00
2948,ORD01379,PROD0026,2,34248.48,68496.96
2949,ORD01379,PROD0096,4,179864.29,719457.16
2950,ORD01380,PROD0052,5,23501.69,117508.45
2951,ORD01380,PROD0096,3,179864.29,539592.87
2952,ORD01380,PROD0084,4,37258.14,149032.56
2953,ORD01380,PROD0014,4,289145.53,1156582.12
2954,ORD01381,PROD0109,2,70228.44,140456.88
2955,ORD01381,PROD0069,5,39168.98,195844.90
2956,ORD01382,PROD0165,4,22136.37,88545.48
2957,ORD01382,PROD0123,4,11097.43,44389.72
2958,ORD01382,PROD0084,5,37258.14,186290.70
2959,ORD01382,PROD0203,5,3538.98,17694.90
2960,ORD01383,PROD0274,3,7846.95,23540.85
2961,ORD01384,PROD0129,1,5323.48,5323.48
2962,ORD01384,PROD0001,4,279610.57,1118442.28
2963,ORD01385,PROD0037,2,266180.98,532361.96
2964,ORD01385,PROD0269,5,2989.48,14947.40
2965,ORD01386,PROD0176,1,30789.84,30789.84
2966,ORD01386,PROD0065,4,30524.10,122096.40
2967,ORD01386,PROD0200,3,29196.20,87588.60
2968,ORD01387,PROD0002,4,102447.74,409790.96
2969,ORD01388,PROD0222,4,2802.33,11209.32
2970,ORD01388,PROD0078,4,18117.48,72469.92
2971,ORD01388,PROD0066,4,36291.81,145167.24
2972,ORD01389,PROD0018,4,120439.60,481758.40
2973,ORD01389,PROD0204,3,5933.15,17799.45
2974,ORD01390,PROD0122,4,16203.67,64814.68
2975,ORD01391,PROD0148,1,3628.18,3628.18
2976,ORD01392,PROD0139,3,14201.82,42605.46
2977,ORD01392,PROD0010,5,270434.00,1352170.00
2978,ORD01392,PROD0223,2,7785.89,15571.78
2979,ORD01392,PROD0243,4,10094.25,40377.00
2980,ORD01393,PROD0008,4,121518.49,486073.96
2981,ORD01393,PROD0021,2,34405.68,68811.36
2982,ORD01393,PROD0126,5,13544.05,67720.25
2983,ORD01394,PROD0037,3,266180.98,798542.94
2984,ORD01394,PROD0145,5,22657.06,113285.30
2985,ORD01394,PROD0230,4,6077.64,24310.56
2986,ORD01394,PROD0137,5,2019.05,10095.25
2987,ORD01395,PROD0249,5,774.24,3871.20
2988,ORD01395,PROD0278,1,6353.37,6353.37
2989,ORD01395,PROD0143,3,13171.72,39515.16
2990,ORD01396,PROD0008,2,121518.49,243036.98
2991,ORD01396,PROD0145,4,22657.06,90628.24
2992,ORD01396,PROD0107,4,97418.23,389672.92
2993,ORD01397,PROD0052,1,23501.69,23501.69
2994,ORD01397,PROD0067,1,11627.77,11627.77
2995,ORD01397,PROD0081,3,110991.10,332973.30
2996,ORD01397,PROD0274,5,7846.95,39234.75
2997,ORD01398,PROD0231,4,6206.49,24825.96
2998,ORD01399,PROD0156,3,21374.21,64122.63
2999,ORD01399,PROD0255,4,7571.15,30284.60
3000,ORD01399,PROD0154,4,19738.96,78955.84
3001,ORD01399,PROD0089,5,45090.58,225452.90
3002,ORD01399,PROD0083,4,160848.97,643395.88
3003,ORD01400,PROD0270,5,907.09,4535.45
3004,ORD01401,PROD0268,1,2944.75,2944.75
3005,ORD01402,PROD0190,3,22778.54,68335.62
3006,ORD01402,PROD0206,4,5427.42,21709.68
3007,ORD01403,PROD0228,5,6170.81,30854.05
3008,ORD01403,PROD0138,4,15463.10,61852.40
3009,ORD01404,PROD0228,1,6170.81,6170.81
3010,ORD01404,PROD0079,1,13912.80,13912.80
3011,ORD01404,PROD0104,5,,
3012,ORD01404,PROD0203,1,3538.98,3538.98
3013,ORD01405,PROD0166,3,101932.80,305798.40
3014,ORD01406,PROD0268,3,2944.75,8834.25
3015,ORD01406,PROD0205,3,,
3016,ORD01407,PROD0027,4,26206.57,104826.28
3017,ORD01408,PROD0150,4,12003.33,48013.32
3018,ORD01408,PROD0030,4,253935.11,1015740.44
3019,ORD01408,PROD0183,3,26053.15,78159.45
3020,ORD01408,PROD0037,3,266180.98,798542.94
3021,ORD01409,PROD0242,1,5755.30,5755.30
3022,ORD01409,PROD0152,2,1904.28,3808.56
3023,ORD01410,PROD0009,1,198883.60,198883.60
3024,ORD01410,PROD0263,1,8199.23,8199.23
3025,ORD01410,PROD0120,4,35341.43,141365.72
3026,ORD01410,PROD0163,1,18374.63,18374.63
3027,ORD01410,PROD0241,2,1174.07,2348.14
3028,ORD01411,PROD0263,1,8199.23,8199.23
3029,ORD01411,PROD0211,3,8250.11,24750.33
3030,ORD01411,PROD0032,1,246601.80,246601.80
3031,ORD01411,PROD0089,5,45090.58,225452.90
3032,ORD01412,PROD0109,5,70228.44,351142.20
3033,ORD01412,PROD0138,4,15463.10,61852.40
3034,ORD01412,PROD0007,1,290642.30,290642.30
3035,ORD01413,PROD0070,5,25905.43,129527.15
3036,ORD01413,PROD0140,3,2847.84,8543.52
3037,ORD01413,PROD0173,1,39177.27,39177.27
3038,ORD01413,PROD0079,2,13912.80,27825.60
3039,ORD01414,PROD0182,4,33297.75,133191.00
3040,ORD01414,PROD0194,3,24802.59,74407.77
3041,ORD01415,PROD0115,1,2277.24,2277.24
3042,ORD01415,PROD0129,3,5323.48,15970.44
3043,ORD01416,PROD0129,3,5323.48,15970.44
3044,ORD01417,PROD0072,4,43142.24,172568.96
3045,ORD01417,PROD0171,2,105588.96,211177.92
3046,ORD01417,PROD0267,3,6230.11,18690.33
3047,ORD01417,PROD0144,2,801.07,1602.14
3048,ORD01417,PROD0009,1,198883.60,198883.60
3049,ORD01418,PROD0224,4,607.93,2431.72
3050,ORD01419,PROD0218,5,5238.20,26191.00
3051,ORD01419,PROD0137,2,2019.05,4038.10
3052,ORD01420,PROD0267,3,6230.11,18690.33
3053,ORD01420,PROD0203,1,3538.98,3538.98
3054,ORD01420,PROD0264,5,4118.15,20590.75
3055,ORD01421,PROD0185,2,112356.62,224713.24
3056,ORD01421,PROD0193,4,9954.82,39819.28
3057,ORD01421,PROD0144,4,801.07,3204.28
3058,ORD01422,PROD0002,4,102447.74,409790.96
3059,ORD01423,PROD0047,2,5512.81,11025.62
3060,ORD01423,PROD0240,3,10219.29,30657.87
3061,ORD01423,PROD0277,2,9657.13,19314.26
3062,ORD01423,PROD0257,4,2248.73,8994.92
3063,ORD01424,PROD0012,2,248709.70,497419.40
3064,ORD01424,PROD0216,2,3485.44,6970.88
3065,ORD01425,PROD0258,2,4792.40,9584.80
3066,ORD01425,PROD0014,2,289145.53,578291.06
3067,ORD01426,PROD0140,5,2847.84,14239.20
3068,ORD01427,PROD0229,1,4112.45,4112.45
3069,ORD01427,PROD0166,4,101932.80,407731.20
3070,ORD01427,PROD0133,4,23616.92,94467.68
3071,ORD01428,PROD0021,2,34405.68,68811.36
3072,ORD01428,PROD0232,4,4469.76,17879.04
3073,ORD01429,PROD0155,5,17522.15,87610.75
3074,ORD01429,PROD0190,5,22778.54,113892.70
3075,ORD01430,PROD0263,4,8199.23,32796.92
3076,ORD01430,PROD0227,2,9871.34,19742.68
3077,ORD01431,PROD0056,1,6299.62,6299.62
3078,ORD01431,PROD0093,5,8480.78,42403.90
3079,ORD01432,PROD0277,5,9657.13,48285.65
3080,ORD01433,PROD0014,4,289145.53,1156582.12
3081,ORD01433,PROD0251,4,5175.86,20703.44
3082,ORD01433,PROD0004,5,39811.79,199058.95
3083,ORD01434,PROD0199,2,28468.05,56936.10
3084,ORD01434,PROD0119,3,47472.78,142418.34
3085,ORD01435,PROD0233,1,10621.64,10621.64
3086,ORD01436,PROD0266,2,408.26,816.52
3087,ORD01436,PROD0116,3,20859.43,62578.29
3088,ORD01437,PROD0112,3,35280.59,105841.77
3089,ORD01437,PROD0052,3,23501.69,70505.07
3090,ORD01437,PROD0166,1,101932.80,101932.80
3091,ORD01438,PROD0114,3,7586.49,22759.47
3092,ORD01438,PROD0265,3,11740.65,35221.95
3093,ORD01439,PROD0160,1,12278.28,12278.28
3094,ORD01439,PROD0033,2,245627.48,491254.96
3095,ORD01439,PROD0158,2,12650.30,25300.60
3096,ORD01439,PROD0248,3,4809.30,14427.90
3097,ORD01439,PROD0027,1,26206.57,26206.57
3098,ORD01440,PROD0274,5,7846.95,39234.75
3099,ORD01440,PROD0039,4,257535.23,1030140.92
3100,ORD01440,PROD0020,4,293010.61,1172042.44
3101,ORD01441,PROD0219,5,14849.13,74245.65
3102,ORD01442,PROD0217,1,7092.62,7092.62
3103,ORD01442,PROD0219,1,14849.13,14849.13
3104,ORD01442,PROD0153,4,10840.50,43362.00
3105,ORD01443,PROD0107,3,97418.23,292254.69
3106,ORD01443,PROD0061,5,6821.26,34106.30
3107,ORD01444,PROD0225,2,9270.30,18540.60
3108,ORD01445,PROD0046,5,5762.47,28812.35
3109,ORD01445,PROD0170,3,45302.42,135907.26
3110,ORD01446,PROD0047,4,5512.81,22051.24
3111,ORD01447,PROD0276,4,6563.88,26255.52
3112,ORD01447,PROD0127,1,8700.29,8700.29
3113,ORD01447,PROD0222,4,2802.33,11209.32
3114,ORD01448,PROD0183,5,26053.15,130265.75
3115,ORD01449,PROD0033,4,245627.48,982509.92
3116,ORD01450,PROD0037,1,266180.98,266180.98
3117,ORD01450,PROD0147,2,5055.12,10110.24
3118,ORD01451,PROD0030,5,253935.11,1269675.55
3119,ORD01451,PROD0131,2,21092.44,42184.88
3120,ORD01452,PROD0065,3,30524.10,91572.30
3121,ORD01452,PROD0275,2,10193.83,20387.66
3122,ORD01452,PROD0208,2,9010.85,18021.70
3123,ORD01453,PROD0016,5,256280.50,1281402.50
3124,ORD01454,PROD0232,1,4469.76,4469.76
3125,ORD01454,PROD0236,5,7038.57,35192.85
3126,ORD01455,PROD0161,4,25829.99,103319.96
3127,ORD01456,PROD0113,3,145706.19,437118.57
3128,ORD01457,PROD0217,4,7092.62,28370.48
3129,ORD01457,PROD0114,3,7586.49,22759.47
3130,ORD01457,PROD0216,5,3485.44,17427.20
3131,ORD01458,PROD0207,1,11561.20,11561.20
3132,ORD01459,PROD0156,4,21374.21,85496.84
3133,ORD01460,PROD0057,4,24240.82,96963.28
3134,ORD01460,PROD0197,2,113579.08,227158.16
3135,ORD01460,PROD0127,4,8700.29,34801.16
3136,ORD01461,PROD0172,3,95695.43,287086.29
3137,ORD01462,PROD0135,1,2595.60,2595.60
3138,ORD01462,PROD0048,2,10843.12,21686.24
3139,ORD01462,PROD0153,5,10840.50,54202.50
3140,ORD01462,PROD0024,3,321716.92,965150.76
3141,ORD01463,PROD0139,5,14201.82,71009.10
3142,ORD01463,PROD0148,4,3628.18,14512.72
3143,ORD01463,PROD0131,4,21092.44,84369.76
3144,ORD01464,PROD0185,3,112356.62,337069.86
3145,ORD01465,PROD0102,3,45021.16,135063.48
3146,ORD01465,PROD0077,1,20510.26,20510.26
3147,ORD01466,PROD0163,1,18374.63,18374.63
3148,ORD01466,PROD0110,2,23332.73,46665.46
3149,ORD01467,PROD0264,1,4118.15,4118.15
3150,ORD01467,PROD0100,5,110269.71,551348.55
3151,ORD01468,PROD0044,3,32574.27,97722.81
3152,ORD01469,PROD0054,1,31709.48,31709.48
3153,ORD01470,PROD0164,3,6702.72,20108.16
3154,ORD01470,PROD0217,2,7092.62,14185.24
3155,ORD01471,PROD0074,2,13460.87,26921.74
3156,ORD01471,PROD0220,1,11275.57,11275.57
3157,ORD01471,PROD0102,3,45021.16,135063.48
3158,ORD01472,PROD0100,1,110269.71,110269.71
3159,ORD01473,PROD0071,3,9870.56,29611.68
3160,ORD01473,PROD0087,1,12717.02,12717.02
3161,ORD01474,PROD0039,3,257535.23,772605.69
3162,ORD01475,PROD0106,2,137481.28,274962.56
3163,ORD01475,PROD0266,2,408.26,816.52
3164,ORD01475,PROD0073,3,6732.32,20196.96
3165,ORD01475,PROD0066,1,36291.81,36291.81
3166,ORD01476,PROD0194,2,24802.59,49605.18
3167,ORD01477,PROD0107,3,97418.23,292254.69
3168,ORD01478,PROD0194,1,24802.59,24802.59
3169,ORD01479,PROD0211,2,8250.11,16500.22
3170,ORD01479,PROD0146,2,9207.08,18414.16
3171,ORD01479,PROD0171,3,105588.96,316766.88
3172,ORD01480,PROD0089,4,45090.58,180362.32
3173,ORD01480,PROD0136,4,8175.35,32701.40
3174,ORD01480,PROD0263,2,8199.23,16398.46
3175,ORD01481,PROD0233,2,10621.64,21243.28
3176,ORD01481,PROD0243,3,10094.25,30282.75
3177,ORD01482,PROD0048,3,10843.12,32529.36
3178,ORD01483,PROD0137,2,2019.05,4038.10
3179,ORD01483,PROD0250,3,4620.81,13862.43
3180,ORD01483,PROD0200,2,29196.20,58392.40
3181,ORD01484,PROD0190,2,22778.54,45557.08
3182,ORD01484,PROD0113,4,145706.19,582824.76
3183,ORD01485,PROD0163,3,18374.63,55123.89
3184,ORD01485,PROD0120,2,35341.43,70682.86
3185,ORD01486,PROD0174,2,110640.11,221280.22
3186,ORD01486,PROD0128,3,24463.34,73390.02
3187,ORD01487,PROD0174,4,110640.11,442560.44
3188,ORD01488,PROD0115,4,2277.24,9108.96
3189,ORD01488,PROD0166,5,101932.80,509664.00
3190,ORD01488,PROD0139,3,14201.82,42605.46
3191,ORD01488,PROD0109,5,70228.44,351142.20
3192,ORD01488,PROD0147,4,5055.12,20220.48
3193,ORD01489,PROD0076,5,27116.85,135584.25
3194,ORD01489,PROD0152,2,1904.28,3808.56
3195,ORD01489,PROD0241,5,1174.07,5870.35
3196,ORD01490,PROD0182,5,33297.75,166488.75
3197,ORD01490,PROD0115,1,2277.24,2277.24
3198,ORD01491,PROD0012,4,248709.70,994838.80
3199,ORD01492,PROD0141,5,11608.58,58042.90
3200,ORD01492,PROD0275,1,10193.83,10193.83
3201,ORD01492,PROD0217,5,7092.62,35463.10
3202,ORD01492,PROD0247,2,5416.29,10832.58
3203,ORD01493,PROD0101,5,114695.41,573477.05
3204,ORD01494,PROD0085,3,89243.32,267729.96
3205,ORD01494,PROD0199,4,28468.05,113872.20
3206,ORD01494,PROD0152,2,1904.28,3808.56
3207,ORD01495,PROD0154,5,19738.96,98694.80
3208,ORD01495,PROD0006,3,308912.61,926737.83
3209,ORD01495,PROD0111,5,2676.03,13380.15
3210,ORD01495,PROD0203,1,3538.98,3538.98
3211,ORD01496,PROD0210,1,14712.50,14712.50
3212,ORD01496,PROD0232,4,4469.76,17879.04
3213,ORD01497,PROD0200,1,29196.20,29196.20
3214,ORD01498,PROD0140,1,2847.84,2847.84
3215,ORD01498,PROD0018,2,120439.60,240879.20
3216,ORD01499,PROD0106,1,137481.28,137481.28
3217,ORD01499,PROD0141,3,11608.58,34825.74
3218,ORD01499,PROD0274,1,7846.95,7846.95
3219,ORD01500,PROD0253,3,8743.34,26230.02
3220,ORD01500,PROD0111,5,2676.03,13380.15
3221,ORD01500,PROD0020,1,293010.61,293010.61
3222,ORD01500,PROD0038,1,88262.22,88262.22
3223,ORD01501,PROD0025,1,330590.39,330590.39
3224,ORD01501,PROD0160,2,12278.28,24556.56
3225,ORD01501,PROD0083,5,160848.97,804244.85
3226,ORD01502,PROD0017,3,257730.40,773191.20
3227,ORD01502,PROD0038,2,88262.22,176524.44
3228,ORD01502,PROD0021,1,34405.68,34405.68
3229,ORD01502,PROD0127,2,8700.29,17400.58
3230,ORD01503,PROD0108,1,121332.02,121332.02
3231,ORD01503,PROD0164,4,6702.72,26810.88
3232,ORD01503,PROD0102,5,45021.16,225105.80
3233,ORD01503,PROD0039,1,257535.23,257535.23
3234,ORD01503,PROD0218,4,5238.20,20952.80
3235,ORD01504,PROD0166,4,101932.80,407731.20
3236,ORD01505,PROD0070,1,25905.43,25905.43
3237,ORD01506,PROD0003,3,49538.31,148614.93
3238,ORD01506,PROD0083,1,160848.97,160848.97
3239,ORD01506,PROD0267,1,6230.11,6230.11
3240,ORD01506,PROD0046,2,5762.47,11524.94
3241,ORD01507,PROD0110,4,23332.73,93330.92
3242,ORD01508,PROD0123,1,11097.43,11097.43
3243,ORD01508,PROD0041,4,14461.31,57845.24
3244,ORD01509,PROD0078,1,18117.48,18117.48
3245,ORD01510,PROD0112,5,35280.59,176402.95
3246,ORD01510,PROD0170,4,45302.42,181209.68
3247,ORD01510,PROD0027,2,26206.57,52413.14
3248,ORD01510,PROD0211,4,8250.11,33000.44
3249,ORD01511,PROD0255,1,7571.15,7571.15
3250,ORD01511,PROD0160,2,12278.28,24556.56
3251,ORD01511,PROD0039,3,257535.23,772605.69
3252,ORD01512,PROD0270,3,907.09,2721.27
3253,ORD01513,PROD0030,1,253935.11,253935.11
3254,ORD01514,PROD0179,2,21340.87,42681.74
3255,ORD01514,PROD0206,3,5427.42,16282.26
3256,ORD01515,PROD0045,2,15761.34,31522.68
3257,ORD01515,PROD0234,4,6463.53,25854.12
3258,ORD01516,PROD0022,3,222156.94,666470.82
3259,ORD01516,PROD0043,3,16739.67,50219.01
3260,ORD01517,PROD0134,1,19220.41,19220.41
3261,ORD01517,PROD0021,1,34405.68,34405.68
3262,ORD01517,PROD0263,1,8199.23,8199.23
3263,ORD01517,PROD0228,4,6170.81,24683.24
3264,ORD01518,PROD0275,1,10193.83,10193.83
3265,ORD01518,PROD0073,4,6732.32,26929.28
3266,ORD01519,PROD0118,2,12699.55,25399.10
3267,ORD01520,PROD0080,2,14845.55,29691.10
3268,ORD01520,PROD0270,3,907.09,2721.27
3269,ORD01521,PROD0138,4,15463.10,61852.40
3270,ORD01522,PROD0127,3,8700.29,26100.87
3271,ORD01522,PROD0178,2,87684.88,175369.76
3272,ORD01522,PROD0016,3,256280.50,768841.50
3273,ORD01523,PROD0004,3,39811.79,119435.37
3274,ORD01523,PROD0224,1,607.93,607.93
3275,ORD01524,PROD0238,5,6026.76,30133.80
3276,ORD01524,PROD0269,1,2989.48,2989.48
3277,ORD01524,PROD0124,1,17164.25,17164.25
3278,ORD01524,PROD0015,1,222324.51,222324.51
3279,ORD01524,PROD0066,3,36291.81,108875.43
3280,ORD01525,PROD0065,5,30524.10,152620.50
3281,ORD01526,PROD0148,2,3628.18,7256.36
3282,ORD01526,PROD0066,1,36291.81,36291.81
3283,ORD01526,PROD0019,5,339524.65,1697623.25
3284,ORD01527,PROD0013,4,337113.25,1348453.00
3285,ORD01527,PROD0117,5,31515.40,157577.00
3286,ORD01528,PROD0228,2,6170.81,12341.62
3287,ORD01528,PROD0129,4,5323.48,21293.92
3288,ORD01529,PROD0191,3,44052.51,132157.53
3289,ORD01529,PROD0157,2,10758.03,21516.06
3290,ORD01529,PROD0011,5,314229.61,1571148.05
3291,ORD01529,PROD0279,1,962.48,962.48
3292,ORD01530,PROD0184,5,48414.15,242070.75
3293,ORD01530,PROD0079,5,13912.80,69564.00
3294,ORD01531,PROD0232,3,4469.76,13409.28
3295,ORD01532,PROD0115,5,2277.24,11386.20
3296,ORD01532,PROD0215,1,3385.48,3385.48
3297,ORD01533,PROD0144,2,801.07,1602.14
3298,ORD01534,PROD0155,4,17522.15,70088.60
3299,ORD01535,PROD0073,3,6732.32,20196.96
3300,ORD01536,PROD0065,3,30524.10,91572.30
3301,ORD01537,PROD0168,3,100026.32,300078.96
3302,ORD01537,PROD0274,3,7846.95,23540.85
3303,ORD01538,PROD0256,5,1625.49,8127.45
3304,ORD01539,PROD0110,2,23332.73,46665.46
3305,ORD01540,PROD0114,1,7586.49,7586.49
3306,ORD01541,PROD0072,5,43142.24,215711.20
3307,ORD01541,PROD0223,5,7785.89,38929.45
3308,ORD01541,PROD0201,1,10976.40,10976.40
3309,ORD01541,PROD0095,4,49921.23,199684.92
3310,ORD01542,PROD0045,4,15761.34,63045.36
3311,ORD01543,PROD0091,4,141135.80,564543.20
3312,ORD01543,PROD0208,5,9010.85,45054.25
3313,ORD01544,PROD0111,5,2676.03,13380.15
3314,ORD01544,PROD0063,2,35488.70,70977.40
3315,ORD01544,PROD0119,5,47472.78,237363.90
3316,ORD01545,PROD0025,5,330590.39,1652951.95
3317,ORD01545,PROD0055,2,42567.03,85134.06
3318,ORD01546,PROD0002,1,102447.74,102447.74
3319,ORD01546,PROD0030,2,253935.11,507870.22
3320,ORD01547,PROD0193,1,9954.82,9954.82
3321,ORD01547,PROD0144,5,801.07,4005.35
3322,ORD01547,PROD0253,3,8743.34,26230.02
3323,ORD01548,PROD0074,2,13460.87,26921.74
3324,ORD01548,PROD0117,2,31515.40,63030.80
3325,ORD01548,PROD0001,2,279610.57,559221.14
3326,ORD01548,PROD0147,1,5055.12,5055.12
3327,ORD01548,PROD0177,4,102403.06,409612.24
3328,ORD01549,PROD0149,4,8124.11,32496.44
3329,ORD01550,PROD0256,4,1625.49,6501.96
3330,ORD01550,PROD0220,4,11275.57,45102.28
3331,ORD01551,PROD0045,3,15761.34,47284.02
3332,ORD01552,PROD0068,2,43176.46,86352.92
3333,ORD01553,PROD0013,2,337113.25,674226.50
3334,ORD01553,PROD0198,3,57432.47,172297.41
3335,ORD01553,PROD0245,2,,
3336,ORD01553,PROD0219,2,14849.13,29698.26
3337,ORD01554,PROD0071,4,9870.56,39482.24
3338,ORD01555,PROD0255,1,7571.15,7571.15
3339,ORD01555,PROD0043,3,16739.67,50219.01
3340,ORD01556,PROD0173,5,39177.27,195886.35
3341,ORD01556,PROD0126,5,13544.05,67720.25
3342,ORD01557,PROD0224,3,607.93,1823.79
3343,ORD01558,PROD0275,4,10193.83,40775.32
3344,ORD01558,PROD0133,4,23616.92,94467.68
3345,ORD01558,PROD0053,3,43609.38,130828.14
3346,ORD01558,PROD0252,5,8223.52,41117.60
3347,ORD01558,PROD0104,1,,
3348,ORD01559,PROD0051,3,33329.69,99989.07
3349,ORD01560,PROD0202,4,12764.12,51056.48
3350,ORD01560,PROD0150,4,12003.33,48013.32
3351,ORD01560,PROD0095,2,49921.23,99842.46
3352,ORD01561,PROD0177,2,102403.06,204806.12
3353,ORD01562,PROD0161,5,25829.99,129149.95
3354,ORD01562,PROD0198,4,57432.47,229729.88
3355,ORD01563,PROD0085,5,89243.32,446216.60
3356,ORD01563,PROD0143,3,13171.72,39515.16
3357,ORD01564,PROD0212,5,8757.97,43789.85
3358,ORD01565,PROD0028,4,316366.34,1265465.36
3359,ORD01565,PROD0216,4,3485.44,13941.76
3360,ORD01565,PROD0065,4,30524.10,122096.40
3361,ORD01566,PROD0111,3,2676.03,8028.09
3362,ORD01566,PROD0132,2,23990.67,47981.34
3363,ORD01567,PROD0003,2,49538.31,99076.62
3364,ORD01568,PROD0238,1,6026.76,6026.76
3365,ORD01568,PROD0071,5,9870.56,49352.80
3366,ORD01568,PROD0192,3,94625.99,283877.97
3367,ORD01569,PROD0048,4,10843.12,43372.48
3368,ORD01569,PROD0150,5,12003.33,60016.65
3369,ORD01570,PROD0080,5,14845.55,74227.75
3370,ORD01570,PROD0029,3,149660.33,448980.99
3371,ORD01571,PROD0101,4,114695.41,458781.64
3372,ORD01572,PROD0071,2,9870.56,19741.12
3373,ORD01573,PROD0130,5,1182.88,5914.40
3374,ORD01574,PROD0012,2,248709.70,497419.40
3375,ORD01574,PROD0261,5,8607.87,43039.35
3376,ORD01575,PROD0172,3,95695.43,287086.29
3377,ORD01576,PROD0190,4,22778.54,91114.16
3378,ORD01577,PROD0111,1,2676.03,2676.03
3379,ORD01577,PROD0192,1,94625.99,94625.99
3380,ORD01577,PROD0026,3,34248.48,102745.44
3381,ORD01577,PROD0001,3,279610.57,838831.71
3382,ORD01578,PROD0025,2,330590.39,661180.78
3383,ORD01579,PROD0032,3,246601.80,739805.40
3384,ORD01580,PROD0110,3,23332.73,69998.19
3385,ORD01581,PROD0235,3,1609.74,4829.22
3386,ORD01581,PROD0164,5,6702.72,33513.60
3387,ORD01582,PROD0196,4,2511.26,10045.04
3388,ORD01582,PROD0145,4,22657.06,90628.24
3389,ORD01582,PROD0230,5,6077.64,30388.20
3390,ORD01582,PROD0057,3,24240.82,72722.46
3391,ORD01583,PROD0248,1,4809.30,4809.30
3392,ORD01583,PROD0053,1,43609.38,43609.38
3393,ORD01583,PROD0224,3,607.93,1823.79
3394,ORD01584,PROD0241,4,1174.07,4696.28
3395,ORD01585,PROD0244,3,1664.99,4994.97
3396,ORD01585,PROD0022,1,222156.94,222156.94
3397,ORD01586,PROD0035,4,190414.55,761658.20
3398,ORD01586,PROD0179,3,21340.87,64022.61
3399,ORD01587,PROD0261,3,8607.87,25823.61
3400,ORD01587,PROD0084,2,37258.14,74516.28
3401,ORD01588,PROD0023,3,276589.43,829768.29
3402,ORD01588,PROD0035,5,190414.55,952072.75
3403,ORD01589,PROD0104,1,,
3404,ORD01590,PROD0197,4,113579.08,454316.32
3405,ORD01591,PROD0065,5,30524.10,152620.50
3406,ORD01592,PROD0240,5,10219.29,51096.45
3407,ORD01592,PROD0098,5,54814.26,274071.30
3408,ORD01592,PROD0004,4,39811.79,159247.16
3409,ORD01593,PROD0244,5,1664.99,8324.95
3410,ORD01593,PROD0241,3,1174.07,3522.21
3411,ORD01593,PROD0234,2,6463.53,12927.06
3412,ORD01593,PROD0060,3,10877.79,32633.37
3413,ORD01593,PROD0062,2,22431.17,44862.34
3414,ORD01594,PROD0043,2,16739.67,33479.34
3415,ORD01595,PROD0149,4,8124.11,32496.44
3416,ORD01596,PROD0229,5,4112.45,20562.25
3417,ORD01596,PROD0241,4,1174.07,4696.28
3418,ORD01596,PROD0049,1,27088.42,27088.42
3419,ORD01597,PROD0205,4,,
3420,ORD01597,PROD0207,4,11561.20,46244.80
3421,ORD01598,PROD0137,1,2019.05,2019.05
3422,ORD01599,PROD0187,2,28776.04,57552.08
3423,ORD01600,PROD0133,5,23616.92,118084.60
3424,ORD01600,PROD0125,1,22153.16,22153.16
3425,ORD01601,PROD0059,3,35594.97,106784.91
3426,ORD01602,PROD0050,4,26917.21,107668.84
3427,ORD01602,PROD0023,2,276589.43,553178.86
3428,ORD01602,PROD0036,4,78738.41,314953.64
3429,ORD01603,PROD0240,5,10219.29,51096.45
3430,ORD01603,PROD0173,4,39177.27,156709.08
3431,ORD01604,PROD0046,5,5762.47,28812.35
3432,ORD01605,PROD0259,4,7869.35,31477.40
3433,ORD01606,PROD0012,4,248709.70,994838.80
3434,ORD01606,PROD0107,2,97418.23,194836.46
3435,ORD01606,PROD0047,4,5512.81,22051.24
3436,ORD01607,PROD0086,1,49202.47,49202.47
3437,ORD01607,PROD0256,1,1625.49,1625.49
3438,ORD01607,PROD0066,1,36291.81,36291.81
3439,ORD01607,PROD0149,2,8124.11,16248.22
3440,ORD01608,PROD0164,5,6702.72,33513.60
3441,ORD01608,PROD0045,3,15761.34,47284.02
3442,ORD01608,PROD0013,3,337113.25,1011339.75
3443,ORD01609,PROD0102,2,45021.16,90042.32
3444,ORD01609,PROD0121,4,17176.67,68706.68
3445,ORD01609,PROD0164,5,6702.72,33513.60
3446,ORD01609,PROD0216,2,3485.44,6970.88
3447,ORD01610,PROD0034,5,272513.12,1362565.60
3448,ORD01610,PROD0228,1,6170.81,6170.81
3449,ORD01611,PROD0089,1,45090.58,45090.58
3450,ORD01611,PROD0270,3,907.09,2721.27
3451,ORD01611,PROD0119,5,47472.78,237363.90
3452,ORD01611,PROD0172,5,95695.43,478477.15
3453,ORD01611,PROD0143,2,13171.72,26343.44
3454,ORD01612,PROD0214,1,12483.89,12483.89
3455,ORD01612,PROD0218,2,5238.20,10476.40
3456,ORD01613,PROD0043,2,16739.67,33479.34
3457,ORD01613,PROD0072,4,43142.24,172568.96
3458,ORD01614,PROD0235,1,1609.74,1609.74
3459,ORD01614,PROD0002,1,102447.74,102447.74
3460,ORD01614,PROD0178,3,87684.88,263054.64
3461,ORD01614,PROD0113,5,145706.19,728530.95
3462,ORD01614,PROD0038,2,88262.22,176524.44
3463,ORD01615,PROD0104,5,,
3464,ORD01615,PROD0230,5,6077.64,30388.20
3465,ORD01616,PROD0072,4,43142.24,172568.96
3466,ORD01616,PROD0217,4,7092.62,28370.48
3467,ORD01616,PROD0120,3,35341.43,106024.29
3468,ORD01617,PROD0246,2,5399.76,10799.52
3469,ORD01617,PROD0204,5,5933.15,29665.75
3470,ORD01618,PROD0013,4,337113.25,1348453.00
3471,ORD01618,PROD0045,2,15761.34,31522.68
3472,ORD01619,PROD0264,5,4118.15,20590.75
3473,ORD01619,PROD0006,2,308912.61,617825.22
3474,ORD01620,PROD0276,4,6563.88,26255.52
3475,ORD01620,PROD0001,3,279610.57,838831.71
3476,ORD01621,PROD0175,5,102750.60,513753.00
3477,ORD01622,PROD0097,5,9141.77,45708.85
3478,ORD01623,PROD0226,1,7172.97,7172.97
3479,ORD01624,PROD0072,5,43142.24,215711.20
3480,ORD01625,PROD0042,3,44258.35,132775.05
3481,ORD01625,PROD0059,5,35594.97,177974.85
3482,ORD01626,PROD0095,5,49921.23,249606.15
3483,ORD01626,PROD0135,2,2595.60,5191.20
3484,ORD01626,PROD0139,5,14201.82,71009.10
3485,ORD01627,PROD0009,5,198883.60,994418.00
3486,ORD01627,PROD0073,2,6732.32,13464.64
3487,ORD01628,PROD0201,4,10976.40,43905.60
3488,ORD01628,PROD0019,3,339524.65,1018573.95
3489,ORD01629,PROD0083,1,160848.97,160848.97
3490,ORD01629,PROD0117,5,31515.40,157577.00
3491,ORD01629,PROD0097,1,9141.77,9141.77
3492,ORD01629,PROD0209,4,2728.52,10914.08
3493,ORD01629,PROD0108,2,121332.02,242664.04
3494,ORD01630,PROD0198,3,57432.47,172297.41
3495,ORD01630,PROD0217,5,7092.62,35463.10
3496,ORD01630,PROD0072,4,43142.24,172568.96
3497,ORD01631,PROD0168,4,100026.32,400105.28
3498,ORD01631,PROD0254,5,9824.37,49121.85
3499,ORD01631,PROD0048,3,10843.12,32529.36
3500,ORD01631,PROD0142,4,8820.60,35282.40
3501,ORD01631,PROD0157,4,10758.03,43032.12
3502,ORD01632,PROD0156,3,21374.21,64122.63
3503,ORD01633,PROD0220,5,11275.57,56377.85
3504,ORD01634,PROD0138,5,15463.10,77315.50
3505,ORD01635,PROD0181,4,63768.87,255075.48
3506,ORD01635,PROD0220,2,11275.57,22551.14
3507,ORD01635,PROD0082,4,54346.36,217385.44
3508,ORD01635,PROD0214,4,12483.89,49935.56
3509,ORD01636,PROD0243,4,10094.25,40377.00
3510,ORD01636,PROD0187,1,28776.04,28776.04
3511,ORD01636,PROD0269,5,2989.48,14947.40
3512,ORD01637,PROD0112,3,35280.59,105841.77
3513,ORD01637,PROD0129,2,5323.48,10646.96
3514,ORD01638,PROD0013,3,337113.25,1011339.75
3515,ORD01639,PROD0238,2,6026.76,12053.52
3516,ORD01640,PROD0240,4,10219.29,40877.16
3517,ORD01641,PROD0177,1,102403.06,102403.06
3518,ORD01642,PROD0003,3,49538.31,148614.93
3519,ORD01642,PROD0154,1,19738.96,19738.96
3520,ORD01643,PROD0136,5,8175.35,40876.75
3521,ORD01643,PROD0120,3,35341.43,106024.29
3522,ORD01643,PROD0115,2,2277.24,4554.48
3523,ORD01643,PROD0252,1,8223.52,8223.52
3524,ORD01644,PROD0086,3,49202.47,147607.41
3525,ORD01644,PROD0206,2,5427.42,10854.84
3526,ORD01644,PROD0184,5,48414.15,242070.75
3527,ORD01644,PROD0095,4,49921.23,199684.92
3528,ORD01644,PROD0236,4,7038.57,28154.28
3529,ORD01645,PROD0115,5,2277.24,11386.20
3530,ORD01646,PROD0221,5,13121.51,65607.55
3531,ORD01646,PROD0021,1,34405.68,34405.68
3532,ORD01647,PROD0161,1,25829.99,25829.99
3533,ORD01647,PROD0113,4,145706.19,582824.76
3534,ORD01647,PROD0233,2,10621.64,21243.28
3535,ORD01648,PROD0198,2,57432.47,114864.94
3536,ORD01648,PROD0049,1,27088.42,27088.42
3537,ORD01649,PROD0132,4,23990.67,95962.68
3538,ORD01649,PROD0052,1,23501.69,23501.69
3539,ORD01649,PROD0089,5,45090.58,225452.90
3540,ORD01650,PROD0031,5,290316.23,1451581.15
3541,ORD01650,PROD0218,2,5238.20,10476.40
3542,ORD01651,PROD0031,1,290316.23,290316.23
3543,ORD01651,PROD0160,3,12278.28,36834.84
3544,ORD01651,PROD0172,5,95695.43,478477.15
3545,ORD01652,PROD0052,2,23501.69,47003.38
3546,ORD01652,PROD0089,3,45090.58,135271.74
3547,ORD01653,PROD0158,2,12650.30,25300.60
3548,ORD01653,PROD0258,1,4792.40,4792.40
3549,ORD01653,PROD0177,2,102403.06,204806.12
3550,ORD01653,PROD0047,3,5512.81,16538.43
3551,ORD01653,PROD0150,5,12003.33,60016.65
3552,ORD01654,PROD0122,2,16203.67,32407.34
3553,ORD01654,PROD0055,3,42567.03,127701.09
3554,ORD01655,PROD0033,3,245627.48,736882.44
3555,ORD01655,PROD0057,3,24240.82,72722.46
3556,ORD01656,PROD0104,5,,
3557,ORD01656,PROD0154,3,19738.96,59216.88
3558,ORD01656,PROD0128,2,24463.34,48926.68
3559,ORD01656,PROD0224,1,607.93,607.93
3560,ORD01657,PROD0061,3,6821.26,20463.78
3561,ORD01657,PROD0055,1,42567.03,42567.03
3562,ORD01658,PROD0200,1,29196.20,29196.20
3563,ORD01658,PROD0174,4,110640.11,442560.44
3564,ORD01659,PROD0043,5,16739.67,83698.35
3565,ORD01659,PROD0028,4,316366.34,1265465.36
3566,ORD01660,PROD0227,4,9871.34,39485.36
3567,ORD01660,PROD0112,4,35280.59,141122.36
3568,ORD01660,PROD0236,1,7038.57,7038.57
3569,ORD01661,PROD0227,3,9871.34,29614.02
3570,ORD01661,PROD0150,5,12003.33,60016.65
3571,ORD01662,PROD0091,1,141135.80,141135.80
3572,ORD01663,PROD0110,3,23332.73,69998.19
3573,ORD01663,PROD0159,1,17483.90,17483.90
3574,ORD01664,PROD0025,3,330590.39,991771.17
3575,ORD01665,PROD0153,5,10840.50,54202.50
3576,ORD01665,PROD0036,2,78738.41,157476.82
3577,ORD01666,PROD0068,1,43176.46,43176.46
3578,ORD01666,PROD0229,1,4112.45,4112.45
3579,ORD01666,PROD0089,3,45090.58,135271.74
3580,ORD01667,PROD0002,1,102447.74,102447.74
3581,ORD01668,PROD0199,2,28468.05,56936.10
3582,ORD01668,PROD0268,4,2944.75,11779.00
3583,ORD01668,PROD0063,1,35488.70,35488.70
3584,ORD01668,PROD0211,2,8250.11,16500.22
3585,ORD01669,PROD0195,4,24091.13,96364.52
3586,ORD01669,PROD0007,4,290642.30,1162569.20
3587,ORD01669,PROD0239,4,1047.73,4190.92
3588,ORD01669,PROD0262,2,3172.89,6345.78
3589,ORD01669,PROD0157,1,10758.03,10758.03
3590,ORD01670,PROD0124,3,17164.25,51492.75
3591,ORD01671,PROD0165,2,22136.37,44272.74
3592,ORD01671,PROD0054,2,31709.48,63418.96
3593,ORD01672,PROD0136,3,8175.35,24526.05
3594,ORD01672,PROD0156,3,21374.21,64122.63
3595,ORD01672,PROD0186,4,17418.14,69672.56
3596,ORD01673,PROD0233,4,10621.64,42486.56
3597,ORD01673,PROD0220,1,11275.57,11275.57
3598,ORD01674,PROD0073,2,6732.32,13464.64
3599,ORD01674,PROD0218,5,5238.20,26191.00
3600,ORD01675,PROD0226,3,7172.97,21518.91
3601,ORD01675,PROD0279,3,962.48,2887.44
3602,ORD01675,PROD0113,4,145706.19,582824.76
3603,ORD01675,PROD0013,2,337113.25,674226.50
3604,ORD01676,PROD0072,2,43142.24,86284.48
3605,ORD01677,PROD0201,4,10976.40,43905.60
3606,ORD01678,PROD0235,4,1609.74,6438.96
3607,ORD01679,PROD0152,5,1904.28,9521.40
3608,ORD01680,PROD0129,3,5323.48,15970.44
3609,ORD01680,PROD0199,4,28468.05,113872.20
3610,ORD01681,PROD0119,1,47472.78,47472.78
3611,ORD01682,PROD0177,5,102403.06,512015.30
3612,ORD01682,PROD0093,1,8480.78,8480.78
3613,ORD01682,PROD0075,2,5182.19,10364.38
3614,ORD01683,PROD0075,5,5182.19,25910.95
3615,ORD01684,PROD0045,5,15761.34,78806.70
3616,ORD01685,PROD0230,5,6077.64,30388.20
3617,ORD01686,PROD0230,2,6077.64,12155.28
3618,ORD01686,PROD0030,1,253935.11,253935.11
3619,ORD01686,PROD0162,4,2672.21,10688.84
3620,ORD01686,PROD0083,1,160848.97,160848.97
3621,ORD01687,PROD0049,5,27088.42,135442.10
3622,ORD01688,PROD0161,2,25829.99,51659.98
3623,ORD01688,PROD0209,1,2728.52,2728.52
3624,ORD01689,PROD0230,1,6077.64,6077.64
3625,ORD01689,PROD0092,4,140982.24,563928.96
3626,ORD01689,PROD0213,5,2985.64,14928.20
3627,ORD01690,PROD0109,5,70228.44,351142.20
3628,ORD01691,PROD0059,1,35594.97,35594.97
3629,ORD01691,PROD0107,4,97418.23,389672.92
3630,ORD01692,PROD0100,4,110269.71,441078.84
3631,ORD01693,PROD0019,1,339524.65,339524.65
3632,ORD01694,PROD0152,3,1904.28,5712.84
3633,ORD01695,PROD0143,2,13171.72,26343.44
3634,ORD01696,PROD0140,1,2847.84,2847.84
3635,ORD01697,PROD0216,2,3485.44,6970.88
3636,ORD01697,PROD0092,2,140982.24,281964.48
3637,ORD01697,PROD0055,4,42567.03,170268.12
3638,ORD01698,PROD0133,1,23616.92,23616.92
3639,ORD01699,PROD0112,1,35280.59,35280.59
3640,ORD01700,PROD0173,5,39177.27,195886.35
3641,ORD01700,PROD0024,4,321716.92,1286867.68
3642,ORD01701,PROD0017,1,257730.40,257730.40
3643,ORD01701,PROD0091,4,141135.80,564543.20
3644,ORD01702,PROD0261,1,8607.87,8607.87
3645,ORD01702,PROD0033,2,245627.48,491254.96
3646,ORD01703,PROD0070,1,25905.43,25905.43
3647,ORD01704,PROD0088,2,,
3648,ORD01705,PROD0032,2,246601.80,493203.60
3649,ORD01705,PROD0211,2,8250.11,16500.22
3650,ORD01705,PROD0126,4,13544.05,54176.20
3651,ORD01706,PROD0159,3,17483.90,52451.70
3652,ORD01706,PROD0149,2,8124.11,16248.22
3653,ORD01707,PROD0126,1,13544.05,13544.05
3654,ORD01707,PROD0189,5,96833.78,484168.90
3655,ORD01708,PROD0173,3,39177.27,117531.81
3656,ORD01708,PROD0214,1,12483.89,12483.89
3657,ORD01709,PROD0034,4,272513.12,1090052.48
3658,ORD01709,PROD0099,1,130788.21,130788.21
3659,ORD01710,PROD0029,2,149660.33,299320.66
3660,ORD01710,PROD0261,4,8607.87,34431.48
3661,ORD01711,PROD0137,2,2019.05,4038.10
3662,ORD01712,PROD0196,5,2511.26,12556.30
3663,ORD01712,PROD0222,4,2802.33,11209.32
3664,ORD01713,PROD0129,1,5323.48,5323.48
3665,ORD01714,PROD0009,3,198883.60,596650.80
3666,ORD01714,PROD0119,2,47472.78,94945.56
3667,ORD01715,PROD0118,3,12699.55,38098.65
3668,ORD01715,PROD0122,2,16203.67,32407.34
3669,ORD01716,PROD0260,3,5050.94,15152.82
3670,ORD01716,PROD0223,2,7785.89,15571.78
3671,ORD01716,PROD0186,3,17418.14,52254.42
3672,ORD01717,PROD0176,4,30789.84,123159.36
3673,ORD01717,PROD0011,3,314229.61,942688.83
3674,ORD01718,PROD0268,5,2944.75,14723.75
3675,ORD01719,PROD0219,5,14849.13,74245.65
3676,ORD01720,PROD0241,1,1174.07,1174.07
3677,ORD01720,PROD0208,3,9010.85,27032.55
3678,ORD01720,PROD0169,4,41598.42,166393.68
3679,ORD01721,PROD0175,5,102750.60,513753.00
3680,ORD01721,PROD0141,5,11608.58,58042.90
3681,ORD01721,PROD0070,4,25905.43,103621.72
3682,ORD01722,PROD0194,4,24802.59,99210.36
3683,ORD01722,PROD0265,4,11740.65,46962.60
3684,ORD01723,PROD0012,4,248709.70,994838.80
3685,ORD01724,PROD0111,5,2676.03,13380.15
3686,ORD01725,PROD0215,1,3385.48,3385.48
3687,ORD01725,PROD0222,3,2802.33,8406.99
3688,ORD01725,PROD0167,1,22365.17,22365.17
3689,ORD01726,PROD0093,2,8480.78,16961.56
3690,ORD01727,PROD0265,1,11740.65,11740.65
3691,ORD01727,PROD0168,3,100026.32,300078.96
3692,ORD01727,PROD0010,4,270434.00,1081736.00
3693,ORD01727,PROD0143,4,13171.72,52686.88
3694,ORD01727,PROD0166,5,101932.80,509664.00
3695,ORD01728,PROD0223,5,7785.89,38929.45
3696,ORD01728,PROD0037,2,266180.98,532361.96
3697,ORD01728,PROD0242,3,5755.30,17265.90
3698,ORD01728,PROD0275,4,10193.83,40775.32
3699,ORD01729,PROD0276,2,6563.88,13127.76
3700,ORD01729,PROD0166,4,101932.80,407731.20
3701,ORD01729,PROD0252,3,8223.52,24670.56
3702,ORD01729,PROD0220,5,11275.57,56377.85
3703,ORD01730,PROD0148,4,3628.18,14512.72
3704,ORD01730,PROD0126,5,13544.05,67720.25
3705,ORD01731,PROD0044,1,32574.27,32574.27
3706,ORD01732,PROD0044,1,32574.27,32574.27
3707,ORD01732,PROD0107,3,97418.23,292254.69
3708,ORD01733,PROD0269,4,2989.48,11957.92
3709,ORD01733,PROD0193,1,9954.82,9954.82
3710,ORD01734,PROD0156,3,21374.21,64122.63
3711,ORD01735,PROD0126,2,13544.05,27088.10
3712,ORD01736,PROD0046,1,5762.47,5762.47
3713,ORD01736,PROD0245,4,,
3714,ORD01737,PROD0220,4,11275.57,45102.28
3715,ORD01737,PROD0089,2,45090.58,90181.16
3716,ORD01738,PROD0251,5,5175.86,25879.30
3717,ORD01738,PROD0254,3,9824.37,29473.11
3718,ORD01738,PROD0136,3,8175.35,24526.05
3719,ORD01738,PROD0192,2,94625.99,189251.98
3720,ORD01739,PROD0236,1,7038.57,7038.57
3721,ORD01739,PROD0130,2,1182.88,2365.76
3722,ORD01740,PROD0012,3,248709.70,746129.10
3723,ORD01740,PROD0246,1,5399.76,5399.76
3724,ORD01740,PROD0216,3,3485.44,10456.32
3725,ORD01740,PROD0240,5,10219.29,51096.45
3726,ORD01741,PROD0107,1,97418.23,97418.23
3727,ORD01741,PROD0031,1,290316.23,290316.23
3728,ORD01741,PROD0030,5,253935.11,1269675.55
3729,ORD01742,PROD0077,3,20510.26,61530.78
3730,ORD01742,PROD0124,3,17164.25,51492.75
3731,ORD01742,PROD0149,2,8124.11,16248.22
3732,ORD01743,PROD0067,1,11627.77,11627.77
3733,ORD01743,PROD0211,1,8250.11,8250.11
3734,ORD01743,PROD0221,3,13121.51,39364.53
3735,ORD01743,PROD0017,4,257730.40,1030921.60
3736,ORD01744,PROD0216,1,3485.44,3485.44
3737,ORD01745,PROD0161,5,25829.99,129149.95
3738,ORD01745,PROD0042,1,44258.35,44258.35
3739,ORD01745,PROD0045,3,15761.34,47284.02
3740,ORD01746,PROD0040,3,47715.49,143146.47
3741,ORD01746,PROD0160,4,12278.28,49113.12
3742,ORD01747,PROD0250,3,4620.81,13862.43
3743,ORD01747,PROD0001,4,279610.57,1118442.28
3744,ORD01748,PROD0076,3,27116.85,81350.55
3745,ORD01748,PROD0009,2,198883.60,397767.20
3746,ORD01749,PROD0085,2,89243.32,178486.64
3747,ORD01750,PROD0147,3,5055.12,15165.36
3748,ORD01750,PROD0009,3,198883.60,596650.80
3749,ORD01751,PROD0182,1,33297.75,33297.75
3750,ORD01752,PROD0125,2,22153.16,44306.32
3751,ORD01753,PROD0234,3,6463.53,19390.59
3752,ORD01754,PROD0086,2,49202.47,98404.94
3753,ORD01754,PROD0116,3,20859.43,62578.29
3754,ORD01754,PROD0259,1,7869.35,7869.35
3755,ORD01754,PROD0247,5,5416.29,27081.45
3756,ORD01755,PROD0049,1,27088.42,27088.42
3757,ORD01755,PROD0105,2,162358.65,324717.30
3758,ORD01756,PROD0137,4,2019.05,8076.20
3759,ORD01757,PROD0187,4,28776.04,115104.16
3760,ORD01757,PROD0086,5,49202.47,246012.35
3761,ORD01757,PROD0061,5,6821.26,34106.30
3762,ORD01758,PROD0039,2,257535.23,515070.46
3763,ORD01759,PROD0057,3,24240.82,72722.46
3764,ORD01759,PROD0193,5,9954.82,49774.10
3765,ORD01759,PROD0236,2,7038.57,14077.14
3766,ORD01760,PROD0047,1,5512.81,5512.81
3767,ORD01760,PROD0022,2,222156.94,444313.88
3768,ORD01761,PROD0089,5,45090.58,225452.90
3769,ORD01761,PROD0160,4,12278.28,49113.12
3770,ORD01761,PROD0081,2,110991.10,221982.20
3771,ORD01761,PROD0053,1,43609.38,43609.38
3772,ORD01761,PROD0190,5,22778.54,113892.70
3773,ORD01762,PROD0099,1,130788.21,130788.21
3774,ORD01762,PROD0152,1,1904.28,1904.28
3775,ORD01763,PROD0165,3,22136.37,66409.11
3776,ORD01763,PROD0115,3,2277.24,6831.72
3777,ORD01763,PROD0020,1,293010.61,293010.61
3778,ORD01763,PROD0098,4,54814.26,219257.04
3779,ORD01763,PROD0031,4,290316.23,1161264.92
3780,ORD01764,PROD0161,4,25829.99,103319.96
3781,ORD01764,PROD0164,4,6702.72,26810.88
3782,ORD01765,PROD0156,1,21374.21,21374.21
3783,ORD01766,PROD0137,3,2019.05,6057.15
3784,ORD01767,PROD0195,1,24091.13,24091.13
3785,ORD01767,PROD0048,5,10843.12,54215.60
3786,ORD01767,PROD0009,2,198883.60,397767.20
3787,ORD01768,PROD0065,4,30524.10,122096.40
3788,ORD01768,PROD0078,3,18117.48,54352.44
3789,ORD01768,PROD0043,4,16739.67,66958.68
3790,ORD01769,PROD0016,5,256280.50,1281402.50
3791,ORD01769,PROD0271,1,1989.71,1989.71
3792,ORD01769,PROD0100,1,110269.71,110269.71
3793,ORD01769,PROD0139,1,14201.82,14201.82
3794,ORD01769,PROD0255,3,7571.15,22713.45
3795,ORD01770,PROD0067,2,11627.77,23255.54
3796,ORD01771,PROD0238,3,6026.76,18080.28
3797,ORD01772,PROD0063,5,35488.70,177443.50
3798,ORD01772,PROD0075,3,5182.19,15546.57
3799,ORD01773,PROD0263,2,8199.23,16398.46
3800,ORD01773,PROD0012,5,248709.70,1243548.50
3801,ORD01774,PROD0135,1,2595.60,2595.60
3802,ORD01774,PROD0231,5,6206.49,31032.45
3803,ORD01774,PROD0205,1,,
3804,ORD01774,PROD0175,3,102750.60,308251.80
3805,ORD01775,PROD0133,2,23616.92,47233.84
3806,ORD01776,PROD0252,5,8223.52,41117.60
3807,ORD01777,PROD0122,2,16203.67,32407.34
3808,ORD01777,PROD0038,4,88262.22,353048.88
3809,ORD01778,PROD0046,1,5762.47,5762.47
3810,ORD01779,PROD0142,5,8820.60,44103.00
3811,ORD01779,PROD0229,5,4112.45,20562.25
3812,ORD01779,PROD0041,1,14461.31,14461.31
3813,ORD01780,PROD0267,5,6230.11,31150.55
3814,ORD01780,PROD0166,3,101932.80,305798.40
3815,ORD01780,PROD0126,3,13544.05,40632.15
3816,ORD01780,PROD0087,1,12717.02,12717.02
3817,ORD01781,PROD0120,5,35341.43,176707.15
3818,ORD01781,PROD0158,3,12650.30,37950.90
3819,ORD01781,PROD0226,1,7172.97,7172.97
3820,ORD01781,PROD0066,4,36291.81,145167.24
3821,ORD01781,PROD0123,4,11097.43,44389.72
3822,ORD01782,PROD0202,1,12764.12,12764.12
3823,ORD01782,PROD0253,5,8743.34,43716.70
3824,ORD01783,PROD0212,2,8757.97,17515.94
3825,ORD01783,PROD0170,5,45302.42,226512.10
3826,ORD01783,PROD0195,2,24091.13,48182.26
3827,ORD01784,PROD0082,1,54346.36,54346.36
3828,ORD01784,PROD0270,1,907.09,907.09
3829,ORD01784,PROD0085,5,89243.32,446216.60
3830,ORD01784,PROD0275,2,10193.83,20387.66
3831,ORD01785,PROD0275,3,10193.83,30581.49
3832,ORD01786,PROD0010,3,270434.00,811302.00
3833,ORD01786,PROD0205,3,,
3834,ORD01787,PROD0076,2,27116.85,54233.70
3835,ORD01787,PROD0041,3,14461.31,43383.93
3836,ORD01788,PROD0169,5,41598.42,207992.10
3837,ORD01788,PROD0082,4,54346.36,217385.44
3838,ORD01788,PROD0258,3,4792.40,14377.20
3839,ORD01789,PROD0150,2,12003.33,24006.66
3840,ORD01789,PROD0270,4,907.09,3628.36
3841,ORD01789,PROD0198,4,57432.47,229729.88
3842,ORD01790,PROD0132,2,23990.67,47981.34
3843,ORD01790,PROD0172,3,95695.43,287086.29
3844,ORD01791,PROD0058,4,14691.81,58767.24
3845,ORD01791,PROD0207,5,11561.20,57806.00
3846,ORD01792,PROD0106,5,137481.28,687406.40
3847,ORD01792,PROD0180,2,60582.65,121165.30
3848,ORD01793,PROD0168,2,100026.32,200052.64
3849,ORD01793,PROD0244,3,1664.99,4994.97
3850,ORD01793,PROD0080,2,14845.55,29691.10
3851,ORD01794,PROD0086,4,49202.47,196809.88
3852,ORD01795,PROD0026,5,34248.48,171242.40
3853,ORD01795,PROD0043,1,16739.67,16739.67
3854,ORD01796,PROD0171,2,105588.96,211177.92
3855,ORD01797,PROD0178,3,87684.88,263054.64
3856,ORD01798,PROD0021,4,34405.68,137622.72
3857,ORD01798,PROD0224,2,607.93,1215.86
3858,ORD01798,PROD0249,4,774.24,3096.96
3859,ORD01798,PROD0137,2,2019.05,4038.10
3860,ORD01799,PROD0033,5,245627.48,1228137.40
3861,ORD01799,PROD0055,2,42567.03,85134.06
3862,ORD01800,PROD0079,2,13912.80,27825.60
3863,ORD01800,PROD0257,1,2248.73,2248.73
3864,ORD01800,PROD0187,3,28776.04,86328.12
3865,ORD01800,PROD0022,3,222156.94,666470.82
3866,ORD01801,PROD0233,3,10621.64,31864.92
3867,ORD01801,PROD0175,5,102750.60,513753.00
3868,ORD01802,PROD0190,3,22778.54,68335.62
3869,ORD01802,PROD0204,3,5933.15,17799.45
3870,ORD01802,PROD0245,4,,
3871,ORD01802,PROD0263,1,8199.23,8199.23
3872,ORD01803,PROD0052,5,23501.69,117508.45
3873,ORD01804,PROD0142,1,8820.60,8820.60
3874,ORD01804,PROD0154,3,19738.96,59216.88
3875,ORD01805,PROD0267,5,6230.11,31150.55
3876,ORD01805,PROD0126,3,13544.05,40632.15
3877,ORD01806,PROD0019,1,339524.65,339524.65
3878,ORD01806,PROD0247,3,5416.29,16248.87
3879,ORD01807,PROD0157,4,10758.03,43032.12
3880,ORD01807,PROD0114,5,7586.49,37932.45
3881,ORD01808,PROD0137,4,2019.05,8076.20
3882,ORD01808,PROD0028,2,316366.34,632732.68
3883,ORD01808,PROD0250,3,4620.81,13862.43
3884,ORD01809,PROD0027,1,26206.57,26206.57
3885,ORD01810,PROD0135,3,2595.60,7786.80
3886,ORD01810,PROD0124,5,17164.25,85821.25
3887,ORD01810,PROD0037,4,266180.98,1064723.92
3888,ORD01811,PROD0054,3,31709.48,95128.44
3889,ORD01811,PROD0115,3,2277.24,6831.72
3890,ORD01812,PROD0192,4,94625.99,378503.96
3891,ORD01813,PROD0191,3,44052.51,132157.53
3892,ORD01814,PROD0155,3,17522.15,52566.45
3893,ORD01814,PROD0250,5,4620.81,23104.05
3894,ORD01815,PROD0061,4,6821.26,27285.04
3895,ORD01815,PROD0100,2,110269.71,220539.42
3896,ORD01816,PROD0001,3,279610.57,838831.71
3897,ORD01817,PROD0050,4,26917.21,107668.84
3898,ORD01817,PROD0131,5,21092.44,105462.20
3899,ORD01818,PROD0179,3,21340.87,64022.61
3900,ORD01819,PROD0191,4,44052.51,176210.04
3901,ORD01819,PROD0207,1,11561.20,11561.20
3902,ORD01819,PROD0019,2,339524.65,679049.30
3903,ORD01819,PROD0063,5,35488.70,177443.50
3904,ORD01820,PROD0054,4,31709.48,126837.92
3905,ORD01820,PROD0225,4,9270.30,37081.20
3906,ORD01820,PROD0019,5,339524.65,1697623.25
3907,ORD01821,PROD0161,1,25829.99,25829.99
3908,ORD01821,PROD0051,3,33329.69,99989.07
3909,ORD01821,PROD0204,5,5933.15,29665.75
3910,ORD01821,PROD0080,2,14845.55,29691.10
3911,ORD01822,PROD0102,4,45021.16,180084.64
3912,ORD01823,PROD0251,4,5175.86,20703.44
3913,ORD01823,PROD0030,2,253935.11,507870.22
3914,ORD01824,PROD0177,1,102403.06,102403.06
3915,ORD01825,PROD0159,4,17483.90,69935.60
3916,ORD01825,PROD0085,3,89243.32,267729.96
3917,ORD01826,PROD0212,4,8757.97,35031.88
3918,ORD01827,PROD0006,2,308912.61,617825.22
3919,ORD01827,PROD0027,3,26206.57,78619.71
3920,ORD01827,PROD0234,4,6463.53,25854.12
3921,ORD01828,PROD0176,2,30789.84,61579.68
3922,ORD01829,PROD0136,5,8175.35,40876.75
3923,ORD01829,PROD0035,5,190414.55,952072.75
3924,ORD01829,PROD0073,4,6732.32,26929.28
3925,ORD01830,PROD0101,2,114695.41,229390.82
3926,ORD01831,PROD0076,5,27116.85,135584.25
3927,ORD01831,PROD0171,3,105588.96,316766.88
3928,ORD01832,PROD0194,2,24802.59,49605.18
3929,ORD01832,PROD0191,2,44052.51,88105.02
3930,ORD01833,PROD0273,1,1784.35,1784.35
3931,ORD01833,PROD0176,2,30789.84,61579.68
3932,ORD01834,PROD0030,2,253935.11,507870.22
3933,ORD01835,PROD0220,3,11275.57,33826.71
3934,ORD01835,PROD0263,1,8199.23,8199.23
3935,ORD01836,PROD0069,2,39168.98,78337.96
3936,ORD01837,PROD0227,2,9871.34,19742.68
3937,ORD01838,PROD0024,4,321716.92,1286867.68
3938,ORD01838,PROD0006,1,308912.61,308912.61
3939,ORD01838,PROD0216,5,3485.44,17427.20
3940,ORD01838,PROD0248,2,4809.30,9618.60
3941,ORD01839,PROD0034,2,272513.12,545026.24
3942,ORD01839,PROD0214,1,12483.89,12483.89
3943,ORD01840,PROD0257,4,2248.73,8994.92
3944,ORD01841,PROD0153,3,10840.50,32521.50
3945,ORD01842,PROD0206,3,5427.42,16282.26
3946,ORD01842,PROD0019,2,339524.65,679049.30
3947,ORD01843,PROD0250,1,4620.81,4620.81
3948,ORD01844,PROD0028,5,316366.34,1581831.70
3949,ORD01844,PROD0064,1,34644.88,34644.88
3950,ORD01845,PROD0201,4,10976.40,43905.60
3951,ORD01846,PROD0128,4,24463.34,97853.36
3952,ORD01847,PROD0072,4,43142.24,172568.96
3953,ORD01847,PROD0090,5,102715.97,513579.85
3954,ORD01847,PROD0058,1,14691.81,14691.81
3955,ORD01848,PROD0119,2,47472.78,94945.56
3956,ORD01849,PROD0043,1,16739.67,16739.67
3957,ORD01850,PROD0130,4,1182.88,4731.52
3958,ORD01851,PROD0156,2,21374.21,42748.42
3959,ORD01851,PROD0025,5,330590.39,1652951.95
3960,ORD01851,PROD0046,2,5762.47,11524.94
3961,ORD01852,PROD0247,2,5416.29,10832.58
3962,ORD01852,PROD0007,3,290642.30,871926.90
3963,ORD01853,PROD0014,4,289145.53,1156582.12
3964,ORD01853,PROD0099,5,130788.21,653941.05
3965,ORD01853,PROD0017,4,257730.40,1030921.60
3966,ORD01853,PROD0177,1,102403.06,102403.06
3967,ORD01854,PROD0048,4,10843.12,43372.48
3968,ORD01855,PROD0107,4,97418.23,389672.92
3969,ORD01855,PROD0123,4,11097.43,44389.72
3970,ORD01856,PROD0224,1,607.93,607.93
3971,ORD01856,PROD0032,4,246601.80,986407.20
3972,ORD01857,PROD0233,4,10621.64,42486.56
3973,ORD01857,PROD0120,2,35341.43,70682.86
3974,ORD01857,PROD0041,1,14461.31,14461.31
3975,ORD01858,PROD0256,3,1625.49,4876.47
3976,ORD01859,PROD0225,1,9270.30,9270.30
3977,ORD01859,PROD0112,5,35280.59,176402.95
3978,ORD01860,PROD0027,4,26206.57,104826.28
3979,ORD01861,PROD0154,1,19738.96,19738.96
3980,ORD01861,PROD0245,1,,
3981,ORD01861,PROD0212,1,8757.97,8757.97
3982,ORD01862,PROD0180,4,60582.65,242330.60
3983,ORD01863,PROD0108,3,121332.02,363996.06
3984,ORD01864,PROD0260,3,5050.94,15152.82
3985,ORD01865,PROD0094,2,117897.53,235795.06
3986,ORD01865,PROD0209,5,2728.52,13642.60
3987,ORD01865,PROD0035,2,190414.55,380829.10
3988,ORD01866,PROD0234,1,6463.53,6463.53
3989,ORD01866,PROD0225,2,9270.30,18540.60
3990,ORD01866,PROD0192,5,94625.99,473129.95
3991,ORD01866,PROD0240,5,10219.29,51096.45
3992,ORD01867,PROD0228,1,6170.81,6170.81
3993,ORD01868,PROD0215,2,3385.48,6770.96
3994,ORD01869,PROD0148,2,3628.18,7256.36
3995,ORD01869,PROD0104,2,,
3996,ORD01869,PROD0084,1,37258.14,37258.14
3997,ORD01869,PROD0119,2,47472.78,94945.56
3998,ORD01870,PROD0015,2,222324.51,444649.02
3999,ORD01870,PROD0194,1,24802.59,24802.59
4000,ORD01870,PROD0133,4,23616.92,94467.68
4001,ORD01871,PROD0072,5,43142.24,215711.20
4002,ORD01872,PROD0196,3,2511.26,7533.78
4003,ORD01873,PROD0267,1,6230.11,6230.11
4004,ORD01874,PROD0228,4,6170.81,24683.24
4005,ORD01875,PROD0218,4,5238.20,20952.80
4006,ORD01875,PROD0272,5,11096.23,55481.15
4007,ORD01876,PROD0128,1,24463.34,24463.34
4008,ORD01877,PROD0213,5,2985.64,14928.20
4009,ORD01877,PROD0107,5,97418.23,487091.15
4010,ORD01878,PROD0266,4,408.26,1633.04
4011,ORD01879,PROD0210,5,14712.50,73562.50
4012,ORD01879,PROD0089,1,45090.58,45090.58
4013,ORD01880,PROD0100,2,110269.71,220539.42
4014,ORD01881,PROD0092,3,140982.24,422946.72
4015,ORD01881,PROD0270,3,907.09,2721.27
4016,ORD01881,PROD0250,1,4620.81,4620.81
4017,ORD01882,PROD0043,3,16739.67,50219.01
4018,ORD01882,PROD0251,3,5175.86,15527.58
4019,ORD01882,PROD0185,3,112356.62,337069.86
4020,ORD01883,PROD0138,4,15463.10,61852.40
4021,ORD01884,PROD0183,5,26053.15,130265.75
4022,ORD01884,PROD0088,4,,
4023,ORD01884,PROD0208,3,9010.85,27032.55
4024,ORD01885,PROD0278,2,6353.37,12706.74
4025,ORD01886,PROD0204,1,5933.15,5933.15
4026,ORD01886,PROD0274,4,7846.95,31387.80
4027,ORD01887,PROD0206,4,5427.42,21709.68
4028,ORD01888,PROD0236,1,7038.57,7038.57
4029,ORD01888,PROD0004,3,39811.79,119435.37
4030,ORD01889,PROD0180,5,60582.65,302913.25
4031,ORD01889,PROD0038,2,88262.22,176524.44
4032,ORD01890,PROD0117,2,31515.40,63030.80
4033,ORD01891,PROD0102,5,45021.16,225105.80
4034,ORD01891,PROD0245,3,,
4035,ORD01892,PROD0064,5,34644.88,173224.40
4036,ORD01892,PROD0040,4,47715.49,190861.96
4037,ORD01892,PROD0220,1,11275.57,11275.57
4038,ORD01892,PROD0109,3,70228.44,210685.32
4039,ORD01893,PROD0057,2,24240.82,48481.64
4040,ORD01893,PROD0159,3,17483.90,52451.70
4041,ORD01894,PROD0178,5,87684.88,438424.40
4042,ORD01895,PROD0241,4,1174.07,4696.28
4043,ORD01896,PROD0133,2,23616.92,47233.84
4044,ORD01896,PROD0153,3,10840.50,32521.50
4045,ORD01897,PROD0085,3,89243.32,267729.96
4046,ORD01897,PROD0193,4,9954.82,39819.28
4047,ORD01898,PROD0081,2,110991.10,221982.20
4048,ORD01898,PROD0025,3,330590.39,991771.17
4049,ORD01899,PROD0026,5,34248.48,171242.40
4050,ORD01899,PROD0016,1,256280.50,256280.50
4051,ORD01899,PROD0147,4,5055.12,20220.48
4052,ORD01899,PROD0005,3,85978.02,257934.06
4053,ORD01900,PROD0071,2,9870.56,19741.12
4054,ORD01901,PROD0044,1,32574.27,32574.27
4055,ORD01901,PROD0138,1,15463.10,15463.10
4056,ORD01902,PROD0094,4,117897.53,471590.12
4057,ORD01903,PROD0007,1,290642.30,290642.30
4058,ORD01903,PROD0006,5,308912.61,1544563.05
4059,ORD01904,PROD0140,3,2847.84,8543.52
4060,ORD01904,PROD0230,2,6077.64,12155.28
4061,ORD01905,PROD0214,4,12483.89,49935.56
4062,ORD01905,PROD0213,1,2985.64,2985.64
4063,ORD01905,PROD0247,3,5416.29,16248.87
4064,ORD01906,PROD0121,3,17176.67,51530.01
4065,ORD01906,PROD0207,1,11561.20,11561.20
4066,ORD01907,PROD0154,4,19738.96,78955.84
4067,ORD01908,PROD0167,3,22365.17,67095.51
4068,ORD01908,PROD0163,1,18374.63,18374.63
4069,ORD01909,PROD0032,4,246601.80,986407.20
4070,ORD01910,PROD0157,5,10758.03,53790.15
4071,ORD01910,PROD0119,4,47472.78,189891.12
4072,ORD01911,PROD0094,2,117897.53,235795.06
4073,ORD01911,PROD0178,5,87684.88,438424.40
4074,ORD01912,PROD0114,2,7586.49,15172.98
4075,ORD01913,PROD0092,2,140982.24,281964.48
4076,ORD01914,PROD0235,2,1609.74,3219.48
4077,ORD01914,PROD0081,2,110991.10,221982.20
4078,ORD01914,PROD0029,3,149660.33,448980.99
4079,ORD01915,PROD0015,4,222324.51,889298.04
4080,ORD01916,PROD0137,1,2019.05,2019.05
4081,ORD01917,PROD0041,5,14461.31,72306.55
4082,ORD01918,PROD0265,3,11740.65,35221.95
4083,ORD01918,PROD0039,1,257535.23,257535.23
4084,ORD01918,PROD0047,3,5512.81,16538.43
4085,ORD01918,PROD0128,2,24463.34,48926.68
4086,ORD01919,PROD0255,3,7571.15,22713.45
4087,ORD01920,PROD0068,4,43176.46,172705.84
4088,ORD01920,PROD0143,1,13171.72,13171.72
4089,ORD01920,PROD0210,4,14712.50,58850.00
4090,ORD01920,PROD0126,2,13544.05,27088.10
4091,ORD01920,PROD0009,1,198883.60,198883.60
4092,ORD01921,PROD0068,1,43176.46,43176.46
4093,ORD01922,PROD0079,1,13912.80,13912.80
4094,ORD01923,PROD0216,4,3485.44,13941.76
4095,ORD01923,PROD0229,1,4112.45,4112.45
4096,ORD01924,PROD0020,1,293010.61,293010.61
4097,ORD01924,PROD0056,3,6299.62,18898.86
4098,ORD01924,PROD0023,4,276589.43,1106357.72
4099,ORD01925,PROD0269,5,2989.48,14947.40
4100,ORD01925,PROD0257,5,2248.73,11243.65
4101,ORD01925,PROD0051,2,33329.69,66659.38
4102,ORD01926,PROD0209,4,2728.52,10914.08
4103,ORD01926,PROD0261,5,8607.87,43039.35
4104,ORD01927,PROD0180,1,60582.65,60582.65
4105,ORD01928,PROD0195,5,24091.13,120455.65
4106,ORD01928,PROD0246,1,5399.76,5399.76
4107,ORD01928,PROD0091,1,141135.80,141135.80
4108,ORD01929,PROD0149,4,8124.11,32496.44
4109,ORD01930,PROD0115,5,2277.24,11386.20
4110,ORD01930,PROD0015,2,222324.51,444649.02
4111,ORD01931,PROD0105,4,162358.65,649434.60
4112,ORD01931,PROD0211,4,8250.11,33000.44
4113,ORD01931,PROD0237,3,7201.43,21604.29
4114,ORD01931,PROD0041,5,14461.31,72306.55
4115,ORD01931,PROD0134,1,19220.41,19220.41
4116,ORD01932,PROD0173,4,39177.27,156709.08
4117,ORD01933,PROD0188,2,51993.13,103986.26
4118,ORD01933,PROD0206,3,5427.42,16282.26
4119,ORD01934,PROD0076,1,27116.85,27116.85
4120,ORD01934,PROD0009,2,198883.60,397767.20
4121,ORD01935,PROD0241,4,1174.07,4696.28
4122,ORD01936,PROD0083,4,160848.97,643395.88
4123,ORD01937,PROD0074,3,13460.87,40382.61
4124,ORD01937,PROD0135,3,2595.60,7786.80
4125,ORD01937,PROD0030,3,253935.11,761805.33
4126,ORD01937,PROD0071,3,9870.56,29611.68
4127,ORD01938,PROD0019,2,339524.65,679049.30
4128,ORD01938,PROD0107,5,97418.23,487091.15
4129,ORD01938,PROD0254,5,9824.37,49121.85
4130,ORD01938,PROD0206,4,5427.42,21709.68
4131,ORD01938,PROD0235,2,1609.74,3219.48
4132,ORD01939,PROD0031,1,290316.23,290316.23
4133,ORD01939,PROD0015,5,222324.51,1111622.55
4134,ORD01940,PROD0212,3,8757.97,26273.91
4135,ORD01941,PROD0184,5,48414.15,242070.75
4136,ORD01941,PROD0052,5,23501.69,117508.45
4137,ORD01942,PROD0029,2,149660.33,299320.66
4138,ORD01942,PROD0003,2,49538.31,99076.62
4139,ORD01943,PROD0053,3,43609.38,130828.14
4140,ORD01943,PROD0095,1,49921.23,49921.23
4141,ORD01944,PROD0085,1,89243.32,89243.32
4142,ORD01944,PROD0260,4,5050.94,20203.76
4143,ORD01944,PROD0007,4,290642.30,1162569.20
4144,ORD01944,PROD0173,4,39177.27,156709.08
4145,ORD01945,PROD0250,5,4620.81,23104.05
4146,ORD01945,PROD0270,3,907.09,2721.27
4147,ORD01946,PROD0214,2,12483.89,24967.78
4148,ORD01946,PROD0043,4,16739.67,66958.68
4149,ORD01946,PROD0168,4,100026.32,400105.28
4150,ORD01947,PROD0133,5,23616.92,118084.60
4151,ORD01948,PROD0121,3,17176.67,51530.01
4152,ORD01948,PROD0237,1,7201.43,7201.43
4153,ORD01948,PROD0040,2,47715.49,95430.98
4154,ORD01948,PROD0154,1,19738.96,19738.96
4155,ORD01949,PROD0063,1,35488.70,35488.70
4156,ORD01949,PROD0135,5,2595.60,12978.00
4157,ORD01950,PROD0048,5,10843.12,54215.60
4158,ORD01951,PROD0162,4,2672.21,10688.84
4159,ORD01952,PROD0024,2,321716.92,643433.84
4160,ORD01953,PROD0054,3,31709.48,95128.44
4161,ORD01954,PROD0002,3,102447.74,307343.22
4162,ORD01954,PROD0159,4,17483.90,69935.60
4163,ORD01955,PROD0152,4,1904.28,7617.12
4164,ORD01955,PROD0258,5,4792.40,23962.00
4165,ORD01956,PROD0200,4,29196.20,116784.80
4166,ORD01956,PROD0140,2,2847.84,5695.68
4167,ORD01956,PROD0162,2,2672.21,5344.42
4168,ORD01957,PROD0138,2,15463.10,30926.20
4169,ORD01957,PROD0014,2,289145.53,578291.06
4170,ORD01958,PROD0118,5,12699.55,63497.75
4171,ORD01958,PROD0127,1,8700.29,8700.29
4172,ORD01959,PROD0154,1,19738.96,19738.96
4173,ORD01959,PROD0037,4,266180.98,1064723.92
4174,ORD01960,PROD0024,4,321716.92,1286867.68
4175,ORD01960,PROD0179,4,21340.87,85363.48
4176,ORD01961,PROD0049,3,27088.42,81265.26
4177,ORD01961,PROD0085,2,89243.32,178486.64
4178,ORD01962,PROD0267,4,6230.11,24920.44
4179,ORD01963,PROD0261,5,8607.87,43039.35
4180,ORD01963,PROD0130,1,1182.88,1182.88
4181,ORD01964,PROD0234,4,6463.53,25854.12
4182,ORD01964,PROD0240,2,10219.29,20438.58
4183,ORD01964,PROD0003,4,49538.31,198153.24
4184,ORD01964,PROD0037,3,266180.98,798542.94
4185,ORD01964,PROD0228,5,6170.81,30854.05
4186,ORD01965,PROD0053,1,43609.38,43609.38
4187,ORD01965,PROD0057,4,24240.82,96963.28
4188,ORD01966,PROD0013,2,337113.25,674226.50
4189,ORD01967,PROD0217,4,7092.62,28370.48
4190,ORD01968,PROD0176,4,30789.84,123159.36
4191,ORD01968,PROD0192,1,94625.99,94625.99
4192,ORD01968,PROD0083,2,160848.97,321697.94
4193,ORD01968,PROD0118,2,12699.55,25399.10
4194,ORD01968,PROD0056,3,6299.62,18898.86
4195,ORD01969,PROD0197,3,113579.08,340737.24
4196,ORD01969,PROD0207,2,11561.20,23122.40
4197,ORD01970,PROD0233,2,10621.64,21243.28
4198,ORD01971,PROD0254,2,9824.37,19648.74
4199,ORD01972,PROD0125,5,22153.16,110765.80
4200,ORD01972,PROD0079,4,13912.80,55651.20
4201,ORD01972,PROD0246,1,5399.76,5399.76
4202,ORD01972,PROD0199,3,28468.05,85404.15
4203,ORD01973,PROD0247,4,5416.29,21665.16
4204,ORD01973,PROD0200,1,29196.20,29196.20
4205,ORD01973,PROD0226,3,7172.97,21518.91
4206,ORD01973,PROD0018,3,120439.60,361318.80
4207,ORD01974,PROD0063,1,35488.70,35488.70
4208,ORD01974,PROD0199,4,28468.05,113872.20
4209,ORD01974,PROD0070,5,25905.43,129527.15
4210,ORD01974,PROD0174,5,110640.11,553200.55
4211,ORD01975,PROD0107,5,97418.23,487091.15
4212,ORD01976,PROD0168,5,100026.32,500131.60
4213,ORD01976,PROD0185,2,112356.62,224713.24
4214,ORD01976,PROD0249,3,774.24,2322.72
4215,ORD01976,PROD0003,2,49538.31,99076.62
4216,ORD01976,PROD0119,4,47472.78,189891.12
4217,ORD01977,PROD0078,3,18117.48,54352.44
4218,ORD01977,PROD0186,1,17418.14,17418.14
4219,ORD01977,PROD0165,5,22136.37,110681.85
4220,ORD01977,PROD0065,2,30524.10,61048.20
4221,ORD01977,PROD0029,4,149660.33,598641.32
4222,ORD01978,PROD0029,3,149660.33,448980.99
4223,ORD01978,PROD0043,4,16739.67,66958.68
4224,ORD01979,PROD0264,1,4118.15,4118.15
4225,ORD01979,PROD0042,2,44258.35,88516.70
4226,ORD01979,PROD0072,1,43142.24,43142.24
4227,ORD01980,PROD0156,5,21374.21,106871.05
4228,ORD01980,PROD0193,5,9954.82,49774.10
4229,ORD01981,PROD0112,1,35280.59,35280.59
4230,ORD01982,PROD0126,4,13544.05,54176.20
4231,ORD01982,PROD0212,1,8757.97,8757.97
4232,ORD01982,PROD0186,5,17418.14,87090.70
4233,ORD01982,PROD0163,2,18374.63,36749.26
4234,ORD01983,PROD0042,4,44258.35,177033.40
4235,ORD01983,PROD0270,3,907.09,2721.27
4236,ORD01984,PROD0080,3,14845.55,44536.65
4237,ORD01984,PROD0098,1,54814.26,54814.26
4238,ORD01984,PROD0212,4,8757.97,35031.88
4239,ORD01985,PROD0212,4,8757.97,35031.88
4240,ORD01985,PROD0237,3,7201.43,21604.29
4241,ORD01986,PROD0092,5,140982.24,704911.20
4242,ORD01986,PROD0176,2,30789.84,61579.68
4243,ORD01986,PROD0072,4,43142.24,172568.96
4244,ORD01987,PROD0134,2,19220.41,38440.82
4245,ORD01987,PROD0165,2,22136.37,44272.74
4246,ORD01988,PROD0267,3,6230.11,18690.33
4247,ORD01989,PROD0058,1,14691.81,14691.81
4248,ORD01989,PROD0060,3,10877.79,32633.37
4249,ORD01990,PROD0013,4,337113.25,1348453.00
4250,ORD01990,PROD0165,1,22136.37,22136.37
4251,ORD01990,PROD0256,3,1625.49,4876.47
4252,ORD01991,PROD0199,2,28468.05,56936.10
4253,ORD01992,PROD0078,1,18117.48,18117.48
4254,ORD01993,PROD0212,2,8757.97,17515.94
4255,ORD01994,PROD0166,5,101932.80,509664.00
4256,ORD01995,PROD0251,2,5175.86,10351.72
4257,ORD01995,PROD0240,4,10219.29,40877.16
4258,ORD01996,PROD0162,4,2672.21,10688.84
4259,ORD01996,PROD0178,3,87684.88,263054.64
4260,ORD01996,PROD0035,1,190414.55,190414.55
4261,ORD01996,PROD0075,1,5182.19,5182.19
4262,ORD01996,PROD0131,1,21092.44,21092.44
4263,ORD01997,PROD0182,4,33297.75,133191.00
4264,ORD01998,PROD0150,1,12003.33,12003.33
4265,ORD01998,PROD0083,1,160848.97,160848.97
4266,ORD01998,PROD0106,5,137481.28,687406.40
4267,ORD01998,PROD0107,1,97418.23,97418.23
4268,ORD01999,PROD0072,4,43142.24,172568.96
4269,ORD01999,PROD0262,2,3172.89,6345.78
4270,ORD02000,PROD0268,2,2944.75,5889.50
4271,ORD02000,PROD0269,4,2989.48,11957.92
4272,ORD02000,PROD0104,2,,
4273,ORD02000,PROD0043,4,16739.67,66958.68
4274,ORD02001,PROD0033,5,245627.48,1228137.40
4275,ORD02002,PROD0083,4,160848.97,643395.88
4276,ORD02003,PROD0168,1,100026.32,100026.32
4277,ORD02003,PROD0181,1,63768.87,63768.87
4278,ORD02003,PROD0170,1,45302.42,45302.42
4279,ORD02004,PROD0276,3,6563.88,19691.64
4280,ORD02005,PROD0006,4,308912.61,1235650.44
4281,ORD02006,PROD0098,3,54814.26,164442.78
4282,ORD02007,PROD0059,5,35594.97,177974.85
4283,ORD02007,PROD0223,1,7785.89,7785.89
4284,ORD02007,PROD0073,5,6732.32,33661.60
4285,ORD02008,PROD0242,1,5755.30,5755.30
4286,ORD02008,PROD0157,2,10758.03,21516.06
4287,ORD02009,PROD0200,3,29196.20,87588.60
4288,ORD02009,PROD0051,5,33329.69,166648.45
4289,ORD02009,PROD0224,4,607.93,2431.72
4290,ORD02009,PROD0201,1,10976.40,10976.40
4291,ORD02010,PROD0049,4,27088.42,108353.68
4292,ORD02011,PROD0050,1,26917.21,26917.21
4293,ORD02012,PROD0213,2,2985.64,5971.28
4294,ORD02012,PROD0051,1,33329.69,33329.69
4295,ORD02013,PROD0025,3,330590.39,991771.17
4296,ORD02014,PROD0180,3,60582.65,181747.95
4297,ORD02015,PROD0102,1,45021.16,45021.16
4298,ORD02015,PROD0187,1,28776.04,28776.04
4299,ORD02015,PROD0024,3,321716.92,965150.76
4300,ORD02015,PROD0055,2,42567.03,85134.06
4301,ORD02016,PROD0279,2,962.48,1924.96
4302,ORD02016,PROD0276,4,6563.88,26255.52
4303,ORD02017,PROD0184,5,48414.15,242070.75
4304,ORD02018,PROD0159,2,17483.90,34967.80
4305,ORD02019,PROD0187,3,28776.04,86328.12
4306,ORD02019,PROD0093,3,8480.78,25442.34
4307,ORD02019,PROD0024,5,321716.92,1608584.60
4308,ORD02020,PROD0097,4,9141.77,36567.08
4309,ORD02021,PROD0074,3,13460.87,40382.61
4310,ORD02021,PROD0227,3,9871.34,29614.02
4311,ORD02022,PROD0238,2,6026.76,12053.52
4312,ORD02022,PROD0020,1,293010.61,293010.61
4313,ORD02022,PROD0056,2,6299.62,12599.24
4314,ORD02022,PROD0179,2,21340.87,42681.74
4315,ORD02022,PROD0086,4,49202.47,196809.88
4316,ORD02023,PROD0222,1,2802.33,2802.33
4317,ORD02024,PROD0117,4,31515.40,126061.60
4318,ORD02024,PROD0004,3,39811.79,119435.37
4319,ORD02025,PROD0246,4,5399.76,21599.04
4320,ORD02025,PROD0065,1,30524.10,30524.10
4321,ORD02026,PROD0249,5,774.24,3871.20
4322,ORD02027,PROD0263,2,8199.23,16398.46
4323,ORD02027,PROD0204,5,5933.15,29665.75
4324,ORD02027,PROD0054,4,31709.48,126837.92
4325,ORD02027,PROD0280,4,7685.53,30742.12
4326,ORD02027,PROD0133,2,23616.92,47233.84
4327,ORD02028,PROD0146,5,9207.08,46035.40
4328,ORD02029,PROD0130,3,1182.88,3548.64
4329,ORD02030,PROD0176,3,30789.84,92369.52
4330,ORD02030,PROD0146,4,9207.08,36828.32
4331,ORD02030,PROD0119,3,47472.78,142418.34
4332,ORD02031,PROD0108,4,121332.02,485328.08
4333,ORD02031,PROD0265,5,11740.65,58703.25
4334,ORD02031,PROD0169,5,41598.42,207992.10
4335,ORD02031,PROD0028,4,316366.34,1265465.36
4336,ORD02032,PROD0255,4,7571.15,30284.60
4337,ORD02032,PROD0169,4,41598.42,166393.68
4338,ORD02032,PROD0214,5,12483.89,62419.45
4339,ORD02032,PROD0037,3,266180.98,798542.94
4340,ORD02033,PROD0108,1,121332.02,121332.02
4341,ORD02033,PROD0030,4,253935.11,1015740.44
4342,ORD02033,PROD0227,4,9871.34,39485.36
4343,ORD02034,PROD0252,5,8223.52,41117.60
4344,ORD02034,PROD0261,2,8607.87,17215.74
4345,ORD02035,PROD0175,5,102750.60,513753.00
4346,ORD02035,PROD0067,3,11627.77,34883.31
4347,ORD02036,PROD0170,1,45302.42,45302.42
4348,ORD02037,PROD0066,2,36291.81,72583.62
4349,ORD02038,PROD0125,3,22153.16,66459.48
4350,ORD02038,PROD0183,4,26053.15,104212.60
4351,ORD02038,PROD0161,1,25829.99,25829.99
4352,ORD02038,PROD0189,2,96833.78,193667.56
4353,ORD02039,PROD0185,1,112356.62,112356.62
4354,ORD02039,PROD0141,2,11608.58,23217.16
4355,ORD02039,PROD0241,1,1174.07,1174.07
4356,ORD02039,PROD0201,5,10976.40,54882.00
4357,ORD02040,PROD0008,3,121518.49,364555.47
4358,ORD02040,PROD0215,1,3385.48,3385.48
4359,ORD02041,PROD0014,3,289145.53,867436.59
4360,ORD02042,PROD0132,3,23990.67,71972.01
4361,ORD02042,PROD0190,3,22778.54,68335.62
4362,ORD02043,PROD0220,4,11275.57,45102.28
4363,ORD02043,PROD0004,4,39811.79,159247.16
4364,ORD02043,PROD0256,5,1625.49,8127.45
4365,ORD02044,PROD0250,2,4620.81,9241.62
4366,ORD02044,PROD0210,5,14712.50,73562.50
4367,ORD02045,PROD0092,2,140982.24,281964.48
4368,ORD02046,PROD0218,1,5238.20,5238.20
4369,ORD02046,PROD0009,5,198883.60,994418.00
4370,ORD02046,PROD0095,4,49921.23,199684.92
4371,ORD02046,PROD0077,3,20510.26,61530.78
4372,ORD02047,PROD0237,1,7201.43,7201.43
4373,ORD02047,PROD0013,3,337113.25,1011339.75
4374,ORD02048,PROD0244,1,1664.99,1664.99
4375,ORD02048,PROD0084,4,37258.14,149032.56
4376,ORD02049,PROD0038,5,88262.22,441311.10
4377,ORD02049,PROD0081,2,110991.10,221982.20
4378,ORD02049,PROD0194,1,24802.59,24802.59
4379,ORD02050,PROD0075,5,5182.19,25910.95
4380,ORD02051,PROD0166,4,101932.80,407731.20
4381,ORD02052,PROD0032,2,246601.80,493203.60
4382,ORD02052,PROD0205,5,,
4383,ORD02052,PROD0100,1,110269.71,110269.71
4384,ORD02052,PROD0078,1,18117.48,18117.48
4385,ORD02053,PROD0215,3,3385.48,10156.44
4386,ORD02054,PROD0010,3,270434.00,811302.00
4387,ORD02054,PROD0219,4,14849.13,59396.52
4388,ORD02055,PROD0239,4,1047.73,4190.92
4389,ORD02055,PROD0129,4,5323.48,21293.92
4390,ORD02056,PROD0240,4,10219.29,40877.16
4391,ORD02057,PROD0079,3,13912.80,41738.40
4392,ORD02057,PROD0280,2,7685.53,15371.06
4393,ORD02058,PROD0037,4,266180.98,1064723.92
4394,ORD02058,PROD0194,1,24802.59,24802.59
4395,ORD02058,PROD0132,1,23990.67,23990.67
4396,ORD02058,PROD0062,3,22431.17,67293.51
4397,ORD02059,PROD0204,5,5933.15,29665.75
4398,ORD02060,PROD0157,5,10758.03,53790.15
4399,ORD02060,PROD0242,3,5755.30,17265.90
4400,ORD02061,PROD0135,2,2595.60,5191.20
4401,ORD02061,PROD0069,3,39168.98,117506.94
4402,ORD02061,PROD0185,3,112356.62,337069.86
4403,ORD02062,PROD0134,5,19220.41,96102.05
4404,ORD02062,PROD0011,4,314229.61,1256918.44
4405,ORD02063,PROD0053,2,43609.38,87218.76
4406,ORD02063,PROD0188,1,51993.13,51993.13
4407,ORD02064,PROD0116,4,20859.43,83437.72
4408,ORD02065,PROD0151,1,24271.64,24271.64
4409,ORD02065,PROD0212,1,8757.97,8757.97
4410,ORD02066,PROD0027,5,26206.57,131032.85
4411,ORD02066,PROD0241,3,1174.07,3522.21
4412,ORD02066,PROD0055,1,42567.03,42567.03
4413,ORD02066,PROD0255,2,7571.15,15142.30
4414,ORD02067,PROD0118,1,12699.55,12699.55
4415,ORD02067,PROD0090,1,102715.97,102715.97
4416,ORD02068,PROD0171,5,105588.96,527944.80
4417,ORD02068,PROD0118,4,12699.55,50798.20
4418,ORD02069,PROD0133,2,23616.92,47233.84
4419,ORD02070,PROD0188,1,51993.13,51993.13
4420,ORD02071,PROD0203,5,3538.98,17694.90
4421,ORD02071,PROD0230,1,6077.64,6077.64
4422,ORD02071,PROD0195,4,24091.13,96364.52
4423,ORD02072,PROD0235,3,1609.74,4829.22
4424,ORD02072,PROD0155,5,17522.15,87610.75
4425,ORD02072,PROD0024,3,321716.92,965150.76
4426,ORD02073,PROD0264,2,4118.15,8236.30
4427,ORD02073,PROD0030,3,253935.11,761805.33
4428,ORD02074,PROD0170,1,45302.42,45302.42
4429,ORD02075,PROD0163,5,18374.63,91873.15
4430,ORD02075,PROD0075,1,5182.19,5182.19
4431,ORD02075,PROD0226,1,7172.97,7172.97
4432,ORD02076,PROD0037,5,266180.98,1330904.90
4433,ORD02077,PROD0165,3,22136.37,66409.11
4434,ORD02077,PROD0114,5,7586.49,37932.45
4435,ORD02077,PROD0085,4,89243.32,356973.28
4436,ORD02077,PROD0040,1,47715.49,47715.49
4437,ORD02077,PROD0125,5,22153.16,110765.80
4438,ORD02078,PROD0273,1,1784.35,1784.35
4439,ORD02078,PROD0005,2,85978.02,171956.04
4440,ORD02079,PROD0005,5,85978.02,429890.10
4441,ORD02079,PROD0172,2,95695.43,191390.86
4442,ORD02079,PROD0170,5,45302.42,226512.10
4443,ORD02079,PROD0152,5,1904.28,9521.40
4444,ORD02080,PROD0033,3,245627.48,736882.44
4445,ORD02081,PROD0234,4,6463.53,25854.12
4446,ORD02081,PROD0054,5,31709.48,158547.40
4447,ORD02082,PROD0173,5,39177.27,195886.35
4448,ORD02083,PROD0220,5,11275.57,56377.85
4449,ORD02083,PROD0258,5,4792.40,23962.00
4450,ORD02084,PROD0169,5,41598.42,207992.10
4451,ORD02085,PROD0060,5,10877.79,54388.95
4452,ORD02086,PROD0002,5,102447.74,512238.70
4453,ORD02086,PROD0169,4,41598.42,166393.68
4454,ORD02087,PROD0129,2,5323.48,10646.96
4455,ORD02087,PROD0193,5,9954.82,49774.10
4456,ORD02088,PROD0246,3,5399.76,16199.28
4457,ORD02088,PROD0125,4,22153.16,88612.64
4458,ORD02088,PROD0217,1,7092.62,7092.62
4459,ORD02089,PROD0068,2,43176.46,86352.92
4460,ORD02090,PROD0130,5,1182.88,5914.40
4461,ORD02091,PROD0154,2,19738.96,39477.92
4462,ORD02091,PROD0124,1,17164.25,17164.25
4463,ORD02092,PROD0212,2,8757.97,17515.94
4464,ORD02093,PROD0054,2,31709.48,63418.96
4465,ORD02093,PROD0067,5,11627.77,58138.85
4466,ORD02093,PROD0040,1,47715.49,47715.49
4467,ORD02094,PROD0214,3,12483.89,37451.67
4468,ORD02094,PROD0040,5,47715.49,238577.45
4469,ORD02094,PROD0164,5,6702.72,33513.60
4470,ORD02094,PROD0153,3,10840.50,32521.50
4471,ORD02095,PROD0015,2,222324.51,444649.02
4472,ORD02096,PROD0268,5,2944.75,14723.75
4473,ORD02096,PROD0277,1,9657.13,9657.13
4474,ORD02096,PROD0196,3,2511.26,7533.78
4475,ORD02096,PROD0222,5,2802.33,14011.65
4476,ORD02097,PROD0081,3,110991.10,332973.30
4477,ORD02097,PROD0273,4,1784.35,7137.40
4478,ORD02098,PROD0277,5,9657.13,48285.65
4479,ORD02099,PROD0222,4,2802.33,11209.32
4480,ORD02100,PROD0070,5,25905.43,129527.15
4481,ORD02100,PROD0219,3,14849.13,44547.39
4482,ORD02101,PROD0116,4,20859.43,83437.72
4483,ORD02101,PROD0138,1,15463.10,15463.10
4484,ORD02102,PROD0137,4,2019.05,8076.20
4485,ORD02102,PROD0178,2,87684.88,175369.76
4486,ORD02102,PROD0189,3,96833.78,290501.34
4487,ORD02103,PROD0019,3,339524.65,1018573.95
4488,ORD02103,PROD0029,3,149660.33,448980.99
4489,ORD02104,PROD0065,4,30524.10,122096.40
4490,ORD02105,PROD0230,2,6077.64,12155.28
4491,ORD02105,PROD0012,3,248709.70,746129.10
4492,ORD02105,PROD0160,1,12278.28,12278.28
4493,ORD02106,PROD0115,4,2277.24,9108.96
4494,ORD02106,PROD0231,1,6206.49,6206.49
4495,ORD02107,PROD0036,4,78738.41,314953.64
4496,ORD02107,PROD0185,4,112356.62,449426.48
4497,ORD02107,PROD0216,2,3485.44,6970.88
4498,ORD02107,PROD0147,5,5055.12,25275.60
4499,ORD02108,PROD0143,5,13171.72,65858.60
4500,ORD02109,PROD0107,5,97418.23,487091.15
4501,ORD02109,PROD0096,1,179864.29,179864.29
4502,ORD02109,PROD0092,2,140982.24,281964.48
4503,ORD02110,PROD0006,2,308912.61,617825.22
4504,ORD02110,PROD0217,2,7092.62,14185.24
4505,ORD02111,PROD0143,4,13171.72,52686.88
4506,ORD02111,PROD0082,3,54346.36,163039.08
4507,ORD02112,PROD0025,2,330590.39,661180.78
4508,ORD02113,PROD0259,4,7869.35,31477.40
4509,ORD02113,PROD0256,2,1625.49,3250.98
4510,ORD02113,PROD0047,5,5512.81,27564.05
4511,ORD02114,PROD0039,1,257535.23,257535.23
4512,ORD02114,PROD0020,3,293010.61,879031.83
4513,ORD02114,PROD0277,2,9657.13,19314.26
4514,ORD02114,PROD0009,2,198883.60,397767.20
4515,ORD02115,PROD0262,1,3172.89,3172.89
4516,ORD02115,PROD0236,3,7038.57,21115.71
4517,ORD02116,PROD0152,4,1904.28,7617.12
4518,ORD02116,PROD0181,3,63768.87,191306.61
4519,ORD02117,PROD0123,4,11097.43,44389.72
4520,ORD02117,PROD0199,1,28468.05,28468.05
4521,ORD02117,PROD0069,3,39168.98,117506.94
4522,ORD02117,PROD0043,5,16739.67,83698.35
4523,ORD02118,PROD0177,2,102403.06,204806.12
4524,ORD02119,PROD0272,4,11096.23,44384.92
4525,ORD02119,PROD0257,3,2248.73,6746.19
4526,ORD02119,PROD0084,1,37258.14,37258.14
4527,ORD02119,PROD0039,1,257535.23,257535.23
4528,ORD02120,PROD0031,2,290316.23,580632.46
4529,ORD02121,PROD0238,5,6026.76,30133.80
4530,ORD02121,PROD0104,2,,
4531,ORD02121,PROD0014,3,289145.53,867436.59
4532,ORD02121,PROD0263,1,8199.23,8199.23
4533,ORD02122,PROD0047,3,5512.81,16538.43
4534,ORD02122,PROD0087,1,12717.02,12717.02
4535,ORD02122,PROD0146,2,9207.08,18414.16
4536,ORD02123,PROD0047,1,5512.81,5512.81
4537,ORD02123,PROD0091,5,141135.80,705679.00
4538,ORD02124,PROD0032,1,246601.80,246601.80
4539,ORD02125,PROD0122,2,16203.67,32407.34
4540,ORD02126,PROD0155,2,17522.15,35044.30
4541,ORD02127,PROD0222,4,2802.33,11209.32
4542,ORD02127,PROD0091,4,141135.80,564543.20
4543,ORD02128,PROD0085,5,89243.32,446216.60
4544,ORD02129,PROD0149,5,8124.11,40620.55
4545,ORD02130,PROD0280,5,7685.53,38427.65
4546,ORD02131,PROD0056,5,6299.62,31498.10
4547,ORD02132,PROD0106,1,137481.28,137481.28
4548,ORD02133,PROD0154,1,19738.96,19738.96
4549,ORD02134,PROD0048,5,10843.12,54215.60
4550,ORD02134,PROD0059,4,35594.97,142379.88
4551,ORD02135,PROD0128,3,24463.34,73390.02
4552,ORD02136,PROD0266,4,408.26,1633.04
4553,ORD02137,PROD0236,2,7038.57,14077.14
4554,ORD02138,PROD0258,1,4792.40,4792.40
4555,ORD02138,PROD0040,1,47715.49,47715.49
4556,ORD02139,PROD0195,4,24091.13,96364.52
4557,ORD02139,PROD0106,1,137481.28,137481.28
4558,ORD02139,PROD0031,1,290316.23,290316.23
4559,ORD02139,PROD0218,3,5238.20,15714.60
4560,ORD02139,PROD0205,5,,
4561,ORD02140,PROD0126,2,13544.05,27088.10
4562,ORD02141,PROD0005,1,85978.02,85978.02
4563,ORD02142,PROD0128,2,24463.34,48926.68
4564,ORD02142,PROD0094,3,117897.53,353692.59
4565,ORD02143,PROD0278,5,6353.37,31766.85
4566,ORD02144,PROD0253,5,8743.34,43716.70
4567,ORD02144,PROD0096,3,179864.29,539592.87
4568,ORD02144,PROD0073,5,6732.32,33661.60
4569,ORD02145,PROD0059,5,35594.97,177974.85
4570,ORD02146,PROD0121,5,17176.67,85883.35
4571,ORD02146,PROD0220,2,11275.57,22551.14
4572,ORD02146,PROD0254,5,9824.37,49121.85
4573,ORD02146,PROD0278,4,6353.37,25413.48
4574,ORD02147,PROD0133,2,23616.92,47233.84
4575,ORD02148,PROD0246,1,5399.76,5399.76
4576,ORD02148,PROD0137,4,2019.05,8076.20
4577,ORD02149,PROD0177,5,102403.06,512015.30
4578,ORD02149,PROD0087,4,12717.02,50868.08
4579,ORD02150,PROD0057,3,24240.82,72722.46
4580,ORD02150,PROD0138,1,15463.10,15463.10
4581,ORD02151,PROD0036,5,78738.41,393692.05
4582,ORD02151,PROD0038,4,88262.22,353048.88
4583,ORD02151,PROD0213,1,2985.64,2985.64
4584,ORD02152,PROD0012,3,248709.70,746129.10
4585,ORD02153,PROD0204,5,5933.15,29665.75
4586,ORD02154,PROD0046,1,5762.47,5762.47
4587,ORD02154,PROD0137,2,2019.05,4038.10
4588,ORD02155,PROD0174,5,110640.11,553200.55
4589,ORD02156,PROD0048,4,10843.12,43372.48
4590,ORD02156,PROD0212,2,8757.97,17515.94
4591,ORD02156,PROD0071,2,9870.56,19741.12
4592,ORD02156,PROD0078,5,18117.48,90587.40
4593,ORD02157,PROD0228,2,6170.81,12341.62
4594,ORD02158,PROD0167,3,22365.17,67095.51
4595,ORD02158,PROD0231,1,6206.49,6206.49
4596,ORD02158,PROD0011,5,314229.61,1571148.05
4597,ORD02158,PROD0100,5,110269.71,551348.55
4598,ORD02159,PROD0133,1,23616.92,23616.92
4599,ORD02160,PROD0216,2,3485.44,6970.88
4600,ORD02161,PROD0064,3,34644.88,103934.64
4601,ORD02162,PROD0151,1,24271.64,24271.64
4602,ORD02162,PROD0071,4,9870.56,39482.24
4603,ORD02163,PROD0087,1,12717.02,12717.02
4604,ORD02163,PROD0257,1,2248.73,2248.73
4605,ORD02164,PROD0157,4,10758.03,43032.12
4606,ORD02165,PROD0061,4,6821.26,27285.04
4607,ORD02166,PROD0047,1,5512.81,5512.81
4608,ORD02166,PROD0024,1,321716.92,321716.92
4609,ORD02167,PROD0173,4,39177.27,156709.08
4610,ORD02168,PROD0145,1,22657.06,22657.06
4611,ORD02169,PROD0126,2,13544.05,27088.10
4612,ORD02169,PROD0161,5,25829.99,129149.95
4613,ORD02169,PROD0180,2,60582.65,121165.30
4614,ORD02170,PROD0252,2,8223.52,16447.04
4615,ORD02170,PROD0064,4,34644.88,138579.52
4616,ORD02170,PROD0107,3,97418.23,292254.69
4617,ORD02170,PROD0025,4,330590.39,1322361.56
4618,ORD02171,PROD0067,5,11627.77,58138.85
4619,ORD02171,PROD0034,4,272513.12,1090052.48
4620,ORD02172,PROD0002,4,102447.74,409790.96
4621,ORD02173,PROD0196,1,2511.26,2511.26
4622,ORD02174,PROD0235,2,1609.74,3219.48
4623,ORD02174,PROD0186,3,17418.14,52254.42
4624,ORD02174,PROD0156,4,21374.21,85496.84
4625,ORD02175,PROD0095,4,49921.23,199684.92
4626,ORD02175,PROD0124,3,17164.25,51492.75
4627,ORD02175,PROD0255,5,7571.15,37855.75
4628,ORD02176,PROD0062,3,22431.17,67293.51
4629,ORD02176,PROD0076,2,27116.85,54233.70
4630,ORD02177,PROD0084,4,37258.14,149032.56
4631,ORD02177,PROD0085,4,89243.32,356973.28
4632,ORD02178,PROD0076,3,27116.85,81350.55
4633,ORD02178,PROD0278,2,6353.37,12706.74
4634,ORD02178,PROD0221,5,13121.51,65607.55
4635,ORD02179,PROD0272,1,11096.23,11096.23
4636,ORD02179,PROD0069,1,39168.98,39168.98
4637,ORD02180,PROD0011,2,314229.61,628459.22
4638,ORD02180,PROD0229,4,4112.45,16449.80
4639,ORD02180,PROD0024,5,321716.92,1608584.60
4640,ORD02181,PROD0223,4,7785.89,31143.56
4641,ORD02181,PROD0116,1,20859.43,20859.43
4642,ORD02181,PROD0085,5,89243.32,446216.60
4643,ORD02181,PROD0019,5,339524.65,1697623.25
4644,ORD02182,PROD0156,4,21374.21,85496.84
4645,ORD02182,PROD0277,4,9657.13,38628.52
4646,ORD02183,PROD0138,4,15463.10,61852.40
4647,ORD02183,PROD0175,3,102750.60,308251.80
4648,ORD02184,PROD0262,1,3172.89,3172.89
4649,ORD02184,PROD0083,4,160848.97,643395.88
4650,ORD02184,PROD0258,5,4792.40,23962.00
4651,ORD02185,PROD0068,2,43176.46,86352.92
4652,ORD02186,PROD0200,3,29196.20,87588.60
4653,ORD02187,PROD0017,4,257730.40,1030921.60
4654,ORD02188,PROD0222,5,2802.33,14011.65
4655,ORD02189,PROD0065,3,30524.10,91572.30
4656,ORD02190,PROD0108,5,121332.02,606660.10
4657,ORD02190,PROD0205,2,,
4658,ORD02190,PROD0209,2,2728.52,5457.04
4659,ORD02191,PROD0182,4,33297.75,133191.00
4660,ORD02192,PROD0091,3,141135.80,423407.40
4661,ORD02192,PROD0096,5,179864.29,899321.45
4662,ORD02193,PROD0028,5,316366.34,1581831.70
4663,ORD02193,PROD0004,3,39811.79,119435.37
4664,ORD02193,PROD0279,2,962.48,1924.96
4665,ORD02194,PROD0098,2,54814.26,109628.52
4666,ORD02195,PROD0264,3,4118.15,12354.45
4667,ORD02195,PROD0108,4,121332.02,485328.08
4668,ORD02195,PROD0274,1,7846.95,7846.95
4669,ORD02195,PROD0144,2,801.07,1602.14
4670,ORD02196,PROD0269,3,2989.48,8968.44
4671,ORD02197,PROD0152,3,1904.28,5712.84
4672,ORD02197,PROD0190,3,22778.54,68335.62
4673,ORD02198,PROD0114,5,7586.49,37932.45
4674,ORD02198,PROD0238,2,6026.76,12053.52
4675,ORD02199,PROD0102,5,45021.16,225105.80
4676,ORD02199,PROD0220,3,11275.57,33826.71
4677,ORD02199,PROD0268,5,2944.75,14723.75
4678,ORD02200,PROD0234,5,6463.53,32317.65
4679,ORD02201,PROD0191,1,44052.51,44052.51
4680,ORD02202,PROD0016,1,256280.50,256280.50
4681,ORD02202,PROD0066,4,36291.81,145167.24
4682,ORD02202,PROD0170,4,45302.42,181209.68
4683,ORD02203,PROD0235,3,1609.74,4829.22
4684,ORD02203,PROD0115,4,2277.24,9108.96
4685,ORD02204,PROD0220,2,11275.57,22551.14
4686,ORD02204,PROD0127,5,8700.29,43501.45
4687,ORD02205,PROD0079,1,13912.80,13912.80
4688,ORD02206,PROD0213,2,2985.64,5971.28
4689,ORD02207,PROD0147,4,5055.12,20220.48
4690,ORD02208,PROD0252,2,8223.52,16447.04
4691,ORD02209,PROD0195,3,24091.13,72273.39
4692,ORD02209,PROD0193,4,9954.82,39819.28
4693,ORD02209,PROD0114,4,7586.49,30345.96
4694,ORD02209,PROD0086,2,49202.47,98404.94
4695,ORD02210,PROD0110,5,23332.73,116663.65
4696,ORD02211,PROD0006,3,308912.61,926737.83
4697,ORD02212,PROD0079,5,13912.80,69564.00
4698,ORD02212,PROD0212,5,8757.97,43789.85
4699,ORD02212,PROD0159,2,17483.90,34967.80
4700,ORD02212,PROD0156,4,21374.21,85496.84
4701,ORD02212,PROD0230,5,6077.64,30388.20
4702,ORD02213,PROD0012,1,248709.70,248709.70
4703,ORD02213,PROD0102,4,45021.16,180084.64
4704,ORD02213,PROD0254,3,9824.37,29473.11
4705,ORD02214,PROD0056,4,6299.62,25198.48
4706,ORD02214,PROD0008,2,121518.49,243036.98
4707,ORD02214,PROD0147,3,5055.12,15165.36
4708,ORD02214,PROD0180,4,60582.65,242330.60
4709,ORD02215,PROD0120,4,35341.43,141365.72
4710,ORD02215,PROD0277,5,9657.13,48285.65
4711,ORD02216,PROD0170,4,45302.42,181209.68
4712,ORD02217,PROD0156,4,21374.21,85496.84
4713,ORD02217,PROD0231,1,6206.49,6206.49
4714,ORD02218,PROD0136,3,8175.35,24526.05
4715,ORD02219,PROD0081,3,110991.10,332973.30
4716,ORD02220,PROD0200,4,29196.20,116784.80
4717,ORD02220,PROD0144,5,801.07,4005.35
4718,ORD02221,PROD0208,5,9010.85,45054.25
4719,ORD02222,PROD0017,2,257730.40,515460.80
4720,ORD02223,PROD0149,4,8124.11,32496.44
4721,ORD02223,PROD0196,1,2511.26,2511.26
4722,ORD02224,PROD0236,5,7038.57,35192.85
4723,ORD02224,PROD0221,1,13121.51,13121.51
4724,ORD02225,PROD0023,3,276589.43,829768.29
4725,ORD02225,PROD0122,3,16203.67,48611.01
4726,ORD02225,PROD0208,5,9010.85,45054.25
4727,ORD02226,PROD0155,1,17522.15,17522.15
4728,ORD02227,PROD0206,1,5427.42,5427.42
4729,ORD02227,PROD0001,2,279610.57,559221.14
4730,ORD02228,PROD0174,4,110640.11,442560.44
4731,ORD02229,PROD0151,3,24271.64,72814.92
4732,ORD02230,PROD0047,2,5512.81,11025.62
4733,ORD02230,PROD0152,4,1904.28,7617.12
4734,ORD02230,PROD0060,3,10877.79,32633.37
4735,ORD02231,PROD0211,5,8250.11,41250.55
4736,ORD02232,PROD0160,5,12278.28,61391.40
4737,ORD02233,PROD0188,5,51993.13,259965.65
4738,ORD02233,PROD0009,4,198883.60,795534.40
4739,ORD02233,PROD0252,1,8223.52,8223.52
4740,ORD02233,PROD0052,2,23501.69,47003.38
4741,ORD02234,PROD0084,1,37258.14,37258.14
4742,ORD02234,PROD0070,5,25905.43,129527.15
4743,ORD02235,PROD0038,4,88262.22,353048.88
4744,ORD02235,PROD0242,3,5755.30,17265.90
4745,ORD02236,PROD0199,1,28468.05,28468.05
4746,ORD02236,PROD0205,1,,
4747,ORD02237,PROD0118,5,12699.55,63497.75
4748,ORD02237,PROD0031,3,290316.23,870948.69
4749,ORD02237,PROD0199,1,28468.05,28468.05
4750,ORD02238,PROD0033,1,245627.48,245627.48
4751,ORD02238,PROD0278,1,6353.37,6353.37
4752,ORD02239,PROD0114,2,7586.49,15172.98
4753,ORD02239,PROD0101,3,114695.41,344086.23
4754,ORD02239,PROD0031,3,290316.23,870948.69
4755,ORD02240,PROD0146,3,9207.08,27621.24
4756,ORD02241,PROD0199,5,28468.05,142340.25
4757,ORD02241,PROD0056,1,6299.62,6299.62
4758,ORD02241,PROD0208,3,9010.85,27032.55
4759,ORD02242,PROD0217,1,7092.62,7092.62
4760,ORD02242,PROD0004,4,39811.79,159247.16
4761,ORD02242,PROD0266,3,408.26,1224.78
4762,ORD02243,PROD0278,1,6353.37,6353.37
4763,ORD02243,PROD0039,3,257535.23,772605.69
4764,ORD02243,PROD0256,1,1625.49,1625.49
4765,ORD02244,PROD0181,1,63768.87,63768.87
4766,ORD02245,PROD0068,4,43176.46,172705.84
4767,ORD02246,PROD0179,4,21340.87,85363.48
4768,ORD02246,PROD0021,3,34405.68,103217.04
4769,ORD02247,PROD0227,2,9871.34,19742.68
4770,ORD02247,PROD0221,5,13121.51,65607.55
4771,ORD02247,PROD0092,3,140982.24,422946.72
4772,ORD02247,PROD0162,4,2672.21,10688.84
4773,ORD02248,PROD0050,4,26917.21,107668.84
4774,ORD02249,PROD0151,5,24271.64,121358.20
4775,ORD02249,PROD0193,3,9954.82,29864.46
4776,ORD02250,PROD0044,5,32574.27,162871.35
4777,ORD02250,PROD0062,4,22431.17,89724.68
4778,ORD02250,PROD0200,4,29196.20,116784.80
4779,ORD02250,PROD0199,1,28468.05,28468.05
4780,ORD02250,PROD0071,2,9870.56,19741.12
4781,ORD02251,PROD0212,4,8757.97,35031.88
4782,ORD02251,PROD0248,3,4809.30,14427.90
4783,ORD02251,PROD0024,4,321716.92,1286867.68
4784,ORD02251,PROD0064,2,34644.88,69289.76
4785,ORD02252,PROD0187,4,28776.04,115104.16
4786,ORD02253,PROD0092,2,140982.24,281964.48
4787,ORD02254,PROD0268,5,2944.75,14723.75
4788,ORD02254,PROD0159,4,17483.90,69935.60
4789,ORD02255,PROD0077,1,20510.26,20510.26
4790,ORD02256,PROD0061,5,6821.26,34106.30
4791,ORD02257,PROD0077,2,20510.26,41020.52
4792,ORD02258,PROD0139,3,14201.82,42605.46
4793,ORD02258,PROD0133,1,23616.92,23616.92
4794,ORD02258,PROD0116,3,20859.43,62578.29
4795,ORD02258,PROD0056,1,6299.62,6299.62
4796,ORD02259,PROD0101,4,114695.41,458781.64
4797,ORD02259,PROD0239,5,1047.73,5238.65
4798,ORD02260,PROD0059,4,35594.97,142379.88
4799,ORD02261,PROD0265,1,11740.65,11740.65
4800,ORD02261,PROD0042,1,44258.35,44258.35
4801,ORD02261,PROD0258,5,4792.40,23962.00
4802,ORD02261,PROD0056,4,6299.62,25198.48
4803,ORD02262,PROD0223,3,7785.89,23357.67
4804,ORD02262,PROD0112,5,35280.59,176402.95
4805,ORD02262,PROD0171,4,105588.96,422355.84
4806,ORD02263,PROD0154,5,19738.96,98694.80
4807,ORD02264,PROD0077,3,20510.26,61530.78
4808,ORD02264,PROD0162,2,2672.21,5344.42
4809,ORD02264,PROD0160,2,12278.28,24556.56
4810,ORD02265,PROD0096,3,179864.29,539592.87
4811,ORD02265,PROD0013,1,337113.25,337113.25
4812,ORD02266,PROD0242,2,5755.30,11510.60
4813,ORD02267,PROD0277,4,9657.13,38628.52
4814,ORD02267,PROD0280,3,7685.53,23056.59
4815,ORD02268,PROD0242,3,5755.30,17265.90
4816,ORD02269,PROD0098,1,54814.26,54814.26
4817,ORD02270,PROD0247,1,5416.29,5416.29
4818,ORD02270,PROD0152,3,1904.28,5712.84
4819,ORD02271,PROD0199,1,28468.05,28468.05
4820,ORD02272,PROD0246,1,5399.76,5399.76
4821,ORD02273,PROD0231,1,6206.49,6206.49
4822,ORD02273,PROD0085,1,89243.32,89243.32
4823,ORD02273,PROD0222,1,2802.33,2802.33
4824,ORD02273,PROD0240,1,10219.29,10219.29
4825,ORD02274,PROD0187,3,28776.04,86328.12
4826,ORD02274,PROD0278,5,6353.37,31766.85
4827,ORD02275,PROD0067,3,11627.77,34883.31
4828,ORD02275,PROD0060,5,10877.79,54388.95
4829,ORD02276,PROD0252,5,8223.52,41117.60
4830,ORD02276,PROD0148,1,3628.18,3628.18
4831,ORD02277,PROD0165,1,22136.37,22136.37
4832,ORD02277,PROD0136,3,8175.35,24526.05
4833,ORD02277,PROD0021,4,34405.68,137622.72
4834,ORD02277,PROD0225,2,9270.30,18540.60
4835,ORD02278,PROD0236,4,7038.57,28154.28
4836,ORD02278,PROD0242,3,5755.30,17265.90
4837,ORD02279,PROD0002,4,102447.74,409790.96
4838,ORD02279,PROD0231,2,6206.49,12412.98
4839,ORD02280,PROD0066,5,36291.81,181459.05
4840,ORD02280,PROD0062,2,22431.17,44862.34
4841,ORD02281,PROD0069,2,39168.98,78337.96
4842,ORD02281,PROD0219,5,14849.13,74245.65
4843,ORD02281,PROD0134,2,19220.41,38440.82
4844,ORD02282,PROD0019,4,339524.65,1358098.60
4845,ORD02282,PROD0206,4,5427.42,21709.68
4846,ORD02283,PROD0136,3,8175.35,24526.05
4847,ORD02283,PROD0106,5,137481.28,687406.40
4848,ORD02284,PROD0222,3,2802.33,8406.99
4849,ORD02285,PROD0240,1,10219.29,10219.29
4850,ORD02285,PROD0046,3,5762.47,17287.41
4851,ORD02285,PROD0243,5,10094.25,50471.25
4852,ORD02286,PROD0211,3,8250.11,24750.33
4853,ORD02287,PROD0133,1,23616.92,23616.92
4854,ORD02287,PROD0086,5,49202.47,246012.35
4855,ORD02288,PROD0210,3,14712.50,44137.50
4856,ORD02288,PROD0100,5,110269.71,551348.55
4857,ORD02288,PROD0202,4,12764.12,51056.48
4858,ORD02289,PROD0108,5,121332.02,606660.10
4859,ORD02289,PROD0185,4,112356.62,449426.48
4860,ORD02290,PROD0178,2,87684.88,175369.76
4861,ORD02291,PROD0153,4,10840.50,43362.00
4862,ORD02291,PROD0092,4,140982.24,563928.96
4863,ORD02292,PROD0059,1,35594.97,35594.97
4864,ORD02292,PROD0187,1,28776.04,28776.04
4865,ORD02292,PROD0015,1,222324.51,222324.51
4866,ORD02293,PROD0102,4,45021.16,180084.64
4867,ORD02294,PROD0007,1,290642.30,290642.30
4868,ORD02294,PROD0045,4,15761.34,63045.36
4869,ORD02294,PROD0002,3,102447.74,307343.22
4870,ORD02294,PROD0269,4,2989.48,11957.92
4871,ORD02294,PROD0202,5,12764.12,63820.60
4872,ORD02295,PROD0014,4,289145.53,1156582.12
4873,ORD02295,PROD0196,5,2511.26,12556.30
4874,ORD02296,PROD0202,4,12764.12,51056.48
4875,ORD02296,PROD0061,2,6821.26,13642.52
4876,ORD02296,PROD0024,4,321716.92,1286867.68
4877,ORD02296,PROD0093,3,8480.78,25442.34
4878,ORD02296,PROD0100,2,110269.71,220539.42
4879,ORD02297,PROD0082,3,54346.36,163039.08
4880,ORD02297,PROD0137,5,2019.05,10095.25
4881,ORD02298,PROD0228,5,6170.81,30854.05
4882,ORD02299,PROD0158,4,12650.30,50601.20
4883,ORD02299,PROD0050,4,26917.21,107668.84
4884,ORD02300,PROD0218,5,5238.20,26191.00
4885,ORD02301,PROD0269,3,2989.48,8968.44
4886,ORD02301,PROD0176,5,30789.84,153949.20
4887,ORD02301,PROD0243,4,10094.25,40377.00
4888,ORD02301,PROD0103,4,83304.08,333216.32
4889,ORD02302,PROD0211,1,8250.11,8250.11
4890,ORD02302,PROD0141,2,11608.58,23217.16
4891,ORD02302,PROD0140,4,2847.84,11391.36
4892,ORD02302,PROD0255,2,7571.15,15142.30
4893,ORD02303,PROD0136,5,8175.35,40876.75
4894,ORD02303,PROD0172,4,95695.43,382781.72
4895,ORD02304,PROD0227,1,9871.34,9871.34
4896,ORD02305,PROD0019,3,339524.65,1018573.95
4897,ORD02305,PROD0067,2,11627.77,23255.54
4898,ORD02305,PROD0130,4,1182.88,4731.52
4899,ORD02305,PROD0013,4,337113.25,1348453.00
4900,ORD02306,PROD0269,2,2989.48,5978.96
4901,ORD02306,PROD0204,5,5933.15,29665.75
4902,ORD02306,PROD0162,3,2672.21,8016.63
4903,ORD02307,PROD0017,4,257730.40,1030921.60
4904,ORD02308,PROD0207,5,11561.20,57806.00
4905,ORD02309,PROD0269,1,2989.48,2989.48
4906,ORD02310,PROD0141,1,11608.58,11608.58
4907,ORD02311,PROD0161,2,25829.99,51659.98
4908,ORD02311,PROD0053,4,43609.38,174437.52
4909,ORD02311,PROD0024,3,321716.92,965150.76
4910,ORD02312,PROD0150,4,12003.33,48013.32
4911,ORD02313,PROD0070,4,25905.43,103621.72
4912,ORD02314,PROD0028,1,316366.34,316366.34
4913,ORD02314,PROD0146,1,9207.08,9207.08
4914,ORD02315,PROD0168,4,100026.32,400105.28
4915,ORD02315,PROD0059,3,35594.97,106784.91
4916,ORD02316,PROD0101,2,114695.41,229390.82
4917,ORD02317,PROD0191,5,44052.51,220262.55
4918,ORD02317,PROD0139,2,14201.82,28403.64
4919,ORD02317,PROD0243,3,10094.25,30282.75
4920,ORD02317,PROD0271,1,1989.71,1989.71
4921,ORD02318,PROD0207,5,11561.20,57806.00
4922,ORD02319,PROD0278,5,6353.37,31766.85
4923,ORD02319,PROD0062,2,22431.17,44862.34
4924,ORD02319,PROD0082,2,54346.36,108692.72
4925,ORD02320,PROD0097,4,9141.77,36567.08
4926,ORD02321,PROD0107,2,97418.23,194836.46
4927,ORD02322,PROD0006,1,308912.61,308912.61
4928,ORD02322,PROD0251,4,5175.86,20703.44
4929,ORD02322,PROD0034,3,272513.12,817539.36
4930,ORD02323,PROD0271,5,1989.71,9948.55
4931,ORD02323,PROD0105,3,162358.65,487075.95
4932,ORD02323,PROD0276,5,6563.88,32819.40
4933,ORD02323,PROD0155,2,17522.15,35044.30
4934,ORD02323,PROD0226,1,7172.97,7172.97
4935,ORD02324,PROD0004,3,39811.79,119435.37
4936,ORD02324,PROD0150,5,12003.33,60016.65
4937,ORD02325,PROD0232,5,4469.76,22348.80
4938,ORD02326,PROD0043,4,16739.67,66958.68
4939,ORD02327,PROD0137,1,2019.05,2019.05
4940,ORD02327,PROD0022,2,222156.94,444313.88
4941,ORD02327,PROD0162,2,2672.21,5344.42
4942,ORD02327,PROD0111,1,2676.03,2676.03
4943,ORD02328,PROD0028,1,316366.34,316366.34
4944,ORD02329,PROD0206,1,5427.42,5427.42
4945,ORD02329,PROD0196,5,2511.26,12556.30
4946,ORD02329,PROD0101,2,114695.41,229390.82
4947,ORD02329,PROD0113,2,145706.19,291412.38
4948,ORD02330,PROD0181,1,63768.87,63768.87
4949,ORD02330,PROD0141,2,11608.58,23217.16
4950,ORD02331,PROD0111,5,2676.03,13380.15
4951,ORD02331,PROD0048,3,10843.12,32529.36
4952,ORD02332,PROD0265,5,11740.65,58703.25
4953,ORD02332,PROD0065,1,30524.10,30524.10
4954,ORD02332,PROD0029,1,149660.33,149660.33
4955,ORD02332,PROD0155,5,17522.15,87610.75
4956,ORD02333,PROD0265,3,11740.65,35221.95
4957,ORD02334,PROD0077,3,20510.26,61530.78
4958,ORD02334,PROD0139,2,14201.82,28403.64
4959,ORD02334,PROD0169,5,41598.42,207992.10
4960,ORD02335,PROD0097,5,9141.77,45708.85
4961,ORD02336,PROD0051,5,33329.69,166648.45
4962,ORD02337,PROD0271,1,1989.71,1989.71
4963,ORD02337,PROD0270,3,907.09,2721.27
4964,ORD02338,PROD0156,3,21374.21,64122.63
4965,ORD02339,PROD0059,1,35594.97,35594.97
4966,ORD02339,PROD0167,5,22365.17,111825.85
4967,ORD02340,PROD0171,1,105588.96,105588.96
4968,ORD02341,PROD0108,5,121332.02,606660.10
4969,ORD02341,PROD0189,5,96833.78,484168.90
4970,ORD02341,PROD0171,1,105588.96,105588.96
4971,ORD02342,PROD0169,4,41598.42,166393.68
4972,ORD02342,PROD0154,4,19738.96,78955.84
4973,ORD02343,PROD0061,2,6821.26,13642.52
4974,ORD02344,PROD0241,1,1174.07,1174.07
4975,ORD02344,PROD0020,4,293010.61,1172042.44
4976,ORD02345,PROD0159,4,17483.90,69935.60
4977,ORD02345,PROD0214,4,12483.89,49935.56
4978,ORD02345,PROD0237,2,7201.43,14402.86
4979,ORD02345,PROD0136,2,8175.35,16350.70
4980,ORD02345,PROD0055,5,42567.03,212835.15
4981,ORD02346,PROD0176,2,30789.84,61579.68
4982,ORD02346,PROD0016,4,256280.50,1025122.00
4983,ORD02347,PROD0080,2,14845.55,29691.10
4984,ORD02348,PROD0058,1,14691.81,14691.81
4985,ORD02348,PROD0104,4,,
4986,ORD02348,PROD0142,1,8820.60,8820.60
4987,ORD02349,PROD0173,3,39177.27,117531.81
4988,ORD02350,PROD0191,4,44052.51,176210.04
4989,ORD02351,PROD0183,5,26053.15,130265.75
4990,ORD02351,PROD0004,1,39811.79,39811.79
4991,ORD02351,PROD0155,1,17522.15,17522.15
4992,ORD02352,PROD0169,4,41598.42,166393.68
4993,ORD02353,PROD0119,4,47472.78,189891.12
4994,ORD02353,PROD0115,5,2277.24,11386.20
4995,ORD02354,PROD0216,5,3485.44,17427.20
4996,ORD02354,PROD0019,5,339524.65,1697623.25
4997,ORD02354,PROD0269,3,2989.48,8968.44
4998,ORD02354,PROD0266,1,408.26,408.26
4999,ORD02355,PROD0041,1,14461.31,14461.31
5000,ORD02356,PROD0098,2,54814.26,109628.52
5001,ORD02357,PROD0121,2,17176.67,34353.34
5002,ORD02357,PROD0279,1,962.48,962.48
5003,ORD02357,PROD0230,5,6077.64,30388.20
5004,ORD02357,PROD0266,5,408.26,2041.30
5005,ORD02358,PROD0212,4,8757.97,35031.88
5006,ORD02358,PROD0232,4,4469.76,17879.04
5007,ORD02359,PROD0263,1,8199.23,8199.23
5008,ORD02360,PROD0016,3,256280.50,768841.50
5009,ORD02361,PROD0209,5,2728.52,13642.60
5010,ORD02361,PROD0123,3,11097.43,33292.29
5011,ORD02361,PROD0227,5,9871.34,49356.70
5012,ORD02362,PROD0087,3,12717.02,38151.06
5013,ORD02363,PROD0112,1,35280.59,35280.59
5014,ORD02363,PROD0172,3,95695.43,287086.29
5015,ORD02363,PROD0128,3,24463.34,73390.02
5016,ORD02364,PROD0194,5,24802.59,124012.95
5017,ORD02364,PROD0006,4,308912.61,1235650.44
5018,ORD02364,PROD0193,4,9954.82,39819.28
5019,ORD02364,PROD0138,4,15463.10,61852.40
5020,ORD02365,PROD0276,2,6563.88,13127.76
5021,ORD02365,PROD0094,5,117897.53,589487.65
5022,ORD02366,PROD0197,5,113579.08,567895.40
5023,ORD02367,PROD0139,4,14201.82,56807.28
5024,ORD02367,PROD0028,1,316366.34,316366.34
5025,ORD02368,PROD0254,3,9824.37,29473.11
5026,ORD02368,PROD0257,3,2248.73,6746.19
5027,ORD02368,PROD0126,5,13544.05,67720.25
5028,ORD02368,PROD0027,4,26206.57,104826.28
5029,ORD02368,PROD0136,3,8175.35,24526.05
5030,ORD02369,PROD0191,5,44052.51,220262.55
5031,ORD02369,PROD0236,1,7038.57,7038.57
5032,ORD02369,PROD0258,1,4792.40,4792.40
5033,ORD02369,PROD0198,3,57432.47,172297.41
5034,ORD02370,PROD0218,5,5238.20,26191.00
5035,ORD02370,PROD0134,3,19220.41,57661.23
5036,ORD02370,PROD0131,2,21092.44,42184.88
5037,ORD02371,PROD0223,3,7785.89,23357.67
5038,ORD02372,PROD0262,1,3172.89,3172.89
5039,ORD02372,PROD0221,3,13121.51,39364.53
5040,ORD02372,PROD0227,2,9871.34,19742.68
5041,ORD02372,PROD0129,1,5323.48,5323.48
5042,ORD02372,PROD0234,2,6463.53,12927.06
5043,ORD02373,PROD0175,4,102750.60,411002.40
5044,ORD02374,PROD0279,1,962.48,962.48
5045,ORD02375,PROD0211,5,8250.11,41250.55
5046,ORD02375,PROD0105,1,162358.65,162358.65
5047,ORD02375,PROD0096,3,179864.29,539592.87
5048,ORD02375,PROD0251,2,5175.86,10351.72
5049,ORD02376,PROD0040,1,47715.49,47715.49
5050,ORD02376,PROD0252,1,8223.52,8223.52
5051,ORD02377,PROD0152,3,1904.28,5712.84
5052,ORD02377,PROD0209,5,2728.52,13642.60
5053,ORD02378,PROD0220,1,11275.57,11275.57
5054,ORD02379,PROD0004,4,39811.79,159247.16
5055,ORD02380,PROD0006,2,308912.61,617825.22
5056,ORD02380,PROD0079,1,13912.80,13912.80
5057,ORD02381,PROD0229,2,4112.45,8224.90
5058,ORD02382,PROD0128,2,24463.34,48926.68
5059,ORD02382,PROD0045,4,15761.34,63045.36
5060,ORD02383,PROD0174,3,110640.11,331920.33
5061,ORD02383,PROD0262,4,3172.89,12691.56
5062,ORD02383,PROD0012,3,248709.70,746129.10
5063,ORD02383,PROD0215,3,3385.48,10156.44
5064,ORD02383,PROD0075,3,5182.19,15546.57
5065,ORD02384,PROD0243,1,10094.25,10094.25
5066,ORD02385,PROD0250,3,4620.81,13862.43
5067,ORD02385,PROD0022,4,222156.94,888627.76
5068,ORD02385,PROD0219,1,14849.13,14849.13
5069,ORD02385,PROD0002,1,102447.74,102447.74
5070,ORD02386,PROD0104,2,,
5071,ORD02386,PROD0093,5,8480.78,42403.90
5072,ORD02386,PROD0124,2,17164.25,34328.50
5073,ORD02386,PROD0187,2,28776.04,57552.08
5074,ORD02387,PROD0042,4,44258.35,177033.40
5075,ORD02388,PROD0117,3,31515.40,94546.20
5076,ORD02388,PROD0017,2,257730.40,515460.80
5077,ORD02388,PROD0076,4,27116.85,108467.40
5078,ORD02389,PROD0170,1,45302.42,45302.42
5079,ORD02389,PROD0057,3,24240.82,72722.46
5080,ORD02389,PROD0013,1,337113.25,337113.25
5081,ORD02389,PROD0074,1,13460.87,13460.87
5082,ORD02390,PROD0114,2,7586.49,15172.98
5083,ORD02391,PROD0004,3,39811.79,119435.37
5084,ORD02391,PROD0162,3,2672.21,8016.63
5085,ORD02391,PROD0247,2,5416.29,10832.58
5086,ORD02392,PROD0062,4,22431.17,89724.68
5087,ORD02392,PROD0208,4,9010.85,36043.40
5088,ORD02392,PROD0135,1,2595.60,2595.60
5089,ORD02392,PROD0120,2,35341.43,70682.86
5090,ORD02393,PROD0057,3,24240.82,72722.46
5091,ORD02393,PROD0095,5,49921.23,249606.15
5092,ORD02394,PROD0241,3,1174.07,3522.21
5093,ORD02394,PROD0048,4,10843.12,43372.48
5094,ORD02394,PROD0230,5,6077.64,30388.20
5095,ORD02394,PROD0277,1,9657.13,9657.13
5096,ORD02395,PROD0122,3,16203.67,48611.01
5097,ORD02395,PROD0123,3,11097.43,33292.29
5098,ORD02395,PROD0016,5,256280.50,1281402.50
5099,ORD02395,PROD0036,1,78738.41,78738.41
5100,ORD02395,PROD0030,4,253935.11,1015740.44
5101,ORD02396,PROD0132,1,23990.67,23990.67
5102,ORD02396,PROD0154,4,19738.96,78955.84
5103,ORD02397,PROD0172,4,95695.43,382781.72
5104,ORD02397,PROD0104,1,,
5105,ORD02397,PROD0189,4,96833.78,387335.12
5106,ORD02398,PROD0007,4,290642.30,1162569.20
5107,ORD02399,PROD0082,1,54346.36,54346.36
5108,ORD02399,PROD0211,2,8250.11,16500.22
5109,ORD02400,PROD0263,1,8199.23,8199.23
5110,ORD02400,PROD0011,1,314229.61,314229.61
5111,ORD02401,PROD0035,5,190414.55,952072.75
5112,ORD02401,PROD0143,1,13171.72,13171.72
5113,ORD02402,PROD0256,3,1625.49,4876.47
5114,ORD02402,PROD0208,5,9010.85,45054.25
5115,ORD02402,PROD0087,4,12717.02,50868.08
5116,ORD02402,PROD0271,4,1989.71,7958.84
5117,ORD02402,PROD0013,4,337113.25,1348453.00
5118,ORD02403,PROD0198,5,57432.47,287162.35
5119,ORD02404,PROD0206,4,5427.42,21709.68
5120,ORD02404,PROD0157,1,10758.03,10758.03
5121,ORD02405,PROD0058,5,14691.81,73459.05
5122,ORD02406,PROD0236,3,7038.57,21115.71
5123,ORD02406,PROD0145,1,22657.06,22657.06
5124,ORD02406,PROD0272,1,11096.23,11096.23
5125,ORD02406,PROD0090,4,102715.97,410863.88
5126,ORD02407,PROD0186,1,17418.14,17418.14
5127,ORD02407,PROD0278,5,6353.37,31766.85
5128,ORD02408,PROD0145,3,22657.06,67971.18
5129,ORD02408,PROD0256,5,1625.49,8127.45
5130,ORD02408,PROD0231,5,6206.49,31032.45
5131,ORD02408,PROD0123,3,11097.43,33292.29
5132,ORD02409,PROD0241,2,1174.07,2348.14
5133,ORD02409,PROD0064,3,34644.88,103934.64
5134,ORD02410,PROD0131,5,21092.44,105462.20
5135,ORD02410,PROD0219,1,14849.13,14849.13
5136,ORD02411,PROD0097,3,9141.77,27425.31
5137,ORD02411,PROD0108,2,121332.02,242664.04
5138,ORD02412,PROD0202,5,12764.12,63820.60
5139,ORD02413,PROD0169,3,41598.42,124795.26
5140,ORD02414,PROD0064,2,34644.88,69289.76
5141,ORD02414,PROD0059,5,35594.97,177974.85
5142,ORD02415,PROD0085,2,89243.32,178486.64
5143,ORD02415,PROD0066,5,36291.81,181459.05
5144,ORD02416,PROD0005,3,85978.02,257934.06
5145,ORD02416,PROD0126,1,13544.05,13544.05
5146,ORD02416,PROD0142,3,8820.60,26461.80
5147,ORD02416,PROD0225,3,9270.30,27810.90
5148,ORD02417,PROD0154,2,19738.96,39477.92
5149,ORD02418,PROD0258,1,4792.40,4792.40
5150,ORD02419,PROD0140,5,2847.84,14239.20
5151,ORD02420,PROD0214,5,12483.89,62419.45
5152,ORD02420,PROD0096,3,179864.29,539592.87
5153,ORD02421,PROD0267,4,6230.11,24920.44
5154,ORD02421,PROD0275,5,10193.83,50969.15
5155,ORD02421,PROD0162,3,2672.21,8016.63
5156,ORD02421,PROD0167,2,22365.17,44730.34
5157,ORD02421,PROD0009,5,198883.60,994418.00
5158,ORD02422,PROD0075,4,5182.19,20728.76
5159,ORD02423,PROD0001,5,279610.57,1398052.85
5160,ORD02423,PROD0055,5,42567.03,212835.15
5161,ORD02423,PROD0269,5,2989.48,14947.40
5162,ORD02423,PROD0037,4,266180.98,1064723.92
5163,ORD02424,PROD0190,3,22778.54,68335.62
5164,ORD02424,PROD0230,2,6077.64,12155.28
5165,ORD02425,PROD0097,3,9141.77,27425.31
5166,ORD02426,PROD0083,4,160848.97,643395.88
5167,ORD02427,PROD0084,2,37258.14,74516.28
5168,ORD02427,PROD0002,1,102447.74,102447.74
5169,ORD02428,PROD0128,5,24463.34,122316.70
5170,ORD02429,PROD0118,4,12699.55,50798.20
5171,ORD02429,PROD0142,4,8820.60,35282.40
5172,ORD02430,PROD0026,1,34248.48,34248.48
5173,ORD02430,PROD0214,2,12483.89,24967.78
5174,ORD02431,PROD0098,3,54814.26,164442.78
5175,ORD02432,PROD0085,3,89243.32,267729.96
5176,ORD02432,PROD0150,4,12003.33,48013.32
5177,ORD02432,PROD0055,1,42567.03,42567.03
5178,ORD02432,PROD0250,4,4620.81,18483.24
5179,ORD02433,PROD0172,1,95695.43,95695.43
5180,ORD02433,PROD0139,2,14201.82,28403.64
5181,ORD02434,PROD0175,5,102750.60,513753.00
5182,ORD02435,PROD0225,3,9270.30,27810.90
5183,ORD02435,PROD0051,4,33329.69,133318.76
5184,ORD02436,PROD0088,5,,
5185,ORD02436,PROD0044,1,32574.27,32574.27
5186,ORD02437,PROD0057,3,24240.82,72722.46
5187,ORD02438,PROD0098,4,54814.26,219257.04
5188,ORD02438,PROD0062,3,22431.17,67293.51
5189,ORD02438,PROD0146,2,9207.08,18414.16
5190,ORD02438,PROD0087,1,12717.02,12717.02
5191,ORD02439,PROD0260,3,5050.94,15152.82
5192,ORD02440,PROD0038,5,88262.22,441311.10
5193,ORD02441,PROD0168,3,100026.32,300078.96
5194,ORD02441,PROD0053,5,43609.38,218046.90
5195,ORD02441,PROD0214,1,12483.89,12483.89
5196,ORD02441,PROD0160,3,12278.28,36834.84
5197,ORD02442,PROD0051,3,33329.69,99989.07
5198,ORD02442,PROD0098,2,54814.26,109628.52
5199,ORD02442,PROD0032,2,246601.80,493203.60
5200,ORD02442,PROD0265,1,11740.65,11740.65
5201,ORD02443,PROD0279,3,962.48,2887.44
5202,ORD02444,PROD0202,4,12764.12,51056.48
5203,ORD02445,PROD0130,2,1182.88,2365.76
5204,ORD02446,PROD0160,2,12278.28,24556.56
5205,ORD02447,PROD0241,5,1174.07,5870.35
5206,ORD02447,PROD0155,4,17522.15,70088.60
5207,ORD02447,PROD0027,4,26206.57,104826.28
5208,ORD02448,PROD0027,2,26206.57,52413.14
5209,ORD02448,PROD0011,1,314229.61,314229.61
5210,ORD02448,PROD0124,3,17164.25,51492.75
5211,ORD02449,PROD0237,2,7201.43,14402.86
5212,ORD02450,PROD0273,4,1784.35,7137.40
5213,ORD02450,PROD0107,4,97418.23,389672.92
5214,ORD02450,PROD0092,2,140982.24,281964.48
5215,ORD02451,PROD0087,4,12717.02,50868.08
5216,ORD02451,PROD0262,2,3172.89,6345.78
5217,ORD02451,PROD0098,2,54814.26,109628.52
5218,ORD02452,PROD0021,3,34405.68,103217.04
5219,ORD02452,PROD0141,4,11608.58,46434.32
5220,ORD02452,PROD0093,2,8480.78,16961.56
5221,ORD02452,PROD0119,1,47472.78,47472.78
5222,ORD02453,PROD0096,2,179864.29,359728.58
5223,ORD02453,PROD0042,3,44258.35,132775.05
5224,ORD02454,PROD0246,3,5399.76,16199.28
5225,ORD02455,PROD0205,3,,
5226,ORD02455,PROD0102,4,45021.16,180084.64
5227,ORD02456,PROD0006,5,308912.61,1544563.05
5228,ORD02456,PROD0167,3,22365.17,67095.51
5229,ORD02457,PROD0088,2,,
5230,ORD02458,PROD0168,3,100026.32,300078.96
5231,ORD02458,PROD0035,1,190414.55,190414.55
5232,ORD02458,PROD0180,5,60582.65,302913.25
5233,ORD02459,PROD0211,4,8250.11,33000.44
5234,ORD02460,PROD0183,5,26053.15,130265.75
5235,ORD02461,PROD0250,4,4620.81,18483.24
5236,ORD02461,PROD0258,1,4792.40,4792.40
5237,ORD02462,PROD0042,4,44258.35,177033.40
5238,ORD02463,PROD0118,4,12699.55,50798.20
5239,ORD02463,PROD0181,3,63768.87,191306.61
5240,ORD02463,PROD0158,2,12650.30,25300.60
5241,ORD02464,PROD0255,1,7571.15,7571.15
5242,ORD02464,PROD0112,1,35280.59,35280.59
5243,ORD02465,PROD0258,4,4792.40,19169.60
5244,ORD02465,PROD0207,3,11561.20,34683.60
5245,ORD02465,PROD0083,5,160848.97,804244.85
5246,ORD02465,PROD0124,3,17164.25,51492.75
5247,ORD02465,PROD0028,1,316366.34,316366.34
5248,ORD02466,PROD0153,1,10840.50,10840.50
5249,ORD02466,PROD0191,1,44052.51,44052.51
5250,ORD02466,PROD0048,2,10843.12,21686.24
5251,ORD02467,PROD0230,2,6077.64,12155.28
5252,ORD02467,PROD0024,5,321716.92,1608584.60
5253,ORD02468,PROD0099,1,130788.21,130788.21
5254,ORD02468,PROD0095,3,49921.23,149763.69
5255,ORD02469,PROD0144,2,801.07,1602.14
5256,ORD02469,PROD0097,2,9141.77,18283.54
5257,ORD02469,PROD0160,3,12278.28,36834.84
5258,ORD02469,PROD0254,3,9824.37,29473.11
5259,ORD02469,PROD0131,2,21092.44,42184.88
5260,ORD02470,PROD0203,1,3538.98,3538.98
5261,ORD02471,PROD0234,5,6463.53,32317.65
5262,ORD02472,PROD0066,5,36291.81,181459.05
5263,ORD02472,PROD0119,3,47472.78,142418.34
5264,ORD02473,PROD0040,5,47715.49,238577.45
5265,ORD02473,PROD0268,5,2944.75,14723.75
5266,ORD02474,PROD0244,3,1664.99,4994.97
5267,ORD02474,PROD0225,1,9270.30,9270.30
5268,ORD02475,PROD0115,2,2277.24,4554.48
5269,ORD02475,PROD0234,1,6463.53,6463.53
5270,ORD02476,PROD0175,5,102750.60,513753.00
5271,ORD02477,PROD0115,5,2277.24,11386.20
5272,ORD02477,PROD0144,5,801.07,4005.35
5273,ORD02477,PROD0059,1,35594.97,35594.97
5274,ORD02478,PROD0055,3,42567.03,127701.09
5275,ORD02479,PROD0277,4,9657.13,38628.52
5276,ORD02479,PROD0167,2,22365.17,44730.34
5277,ORD02479,PROD0123,1,11097.43,11097.43
5278,ORD02480,PROD0230,5,6077.64,30388.20
5279,ORD02480,PROD0042,3,44258.35,132775.05
5280,ORD02481,PROD0005,1,85978.02,85978.02
5281,ORD02481,PROD0072,3,43142.24,129426.72
5282,ORD02481,PROD0028,2,316366.34,632732.68
5283,ORD02481,PROD0240,4,10219.29,40877.16
5284,ORD02482,PROD0179,3,21340.87,64022.61
5285,ORD02483,PROD0265,4,11740.65,46962.60
5286,ORD02483,PROD0212,4,8757.97,35031.88
5287,ORD02484,PROD0070,1,25905.43,25905.43
5288,ORD02484,PROD0055,4,42567.03,170268.12
5289,ORD02484,PROD0017,2,257730.40,515460.80
5290,ORD02485,PROD0035,1,190414.55,190414.55
5291,ORD02486,PROD0276,3,6563.88,19691.64
5292,ORD02486,PROD0008,1,121518.49,121518.49
5293,ORD02487,PROD0248,5,4809.30,24046.50
5294,ORD02487,PROD0042,4,44258.35,177033.40
5295,ORD02488,PROD0255,1,7571.15,7571.15
5296,ORD02489,PROD0239,2,1047.73,2095.46
5297,ORD02489,PROD0008,2,121518.49,243036.98
5298,ORD02490,PROD0015,4,222324.51,889298.04
5299,ORD02491,PROD0132,3,23990.67,71972.01
5300,ORD02491,PROD0031,2,290316.23,580632.46
5301,ORD02491,PROD0110,5,23332.73,116663.65
5302,ORD02491,PROD0030,1,253935.11,253935.11
5303,ORD02492,PROD0074,3,13460.87,40382.61
5304,ORD02492,PROD0134,4,19220.41,76881.64
5305,ORD02492,PROD0207,1,11561.20,11561.20
5306,ORD02492,PROD0083,3,160848.97,482546.91
5307,ORD02493,PROD0148,2,3628.18,7256.36
5308,ORD02493,PROD0126,2,13544.05,27088.10
5309,ORD02494,PROD0064,4,34644.88,138579.52
5310,ORD02494,PROD0086,3,49202.47,147607.41
5311,ORD02495,PROD0236,3,7038.57,21115.71
5312,ORD02496,PROD0170,2,45302.42,90604.84
5313,ORD02497,PROD0038,3,88262.22,264786.66
5314,ORD02498,PROD0015,1,222324.51,222324.51
5315,ORD02498,PROD0195,4,24091.13,96364.52
5316,ORD02499,PROD0091,2,141135.80,282271.60
5317,ORD02499,PROD0039,4,257535.23,1030140.92
5318,ORD02499,PROD0159,4,17483.90,69935.60
5319,ORD02499,PROD0136,2,8175.35,16350.70
5320,ORD02500,PROD0218,1,5238.20,5238.20
5321,ORD02501,PROD0160,2,12278.28,24556.56
5322,ORD02501,PROD0139,4,14201.82,56807.28
5323,ORD02502,PROD0225,3,9270.30,27810.90
5324,ORD02503,PROD0055,3,42567.03,127701.09
5325,ORD02504,PROD0069,5,39168.98,195844.90
5326,ORD02504,PROD0100,3,110269.71,330809.13
5327,ORD02504,PROD0178,5,87684.88,438424.40
5328,ORD02505,PROD0171,5,105588.96,527944.80
5329,ORD02505,PROD0088,1,,
5330,ORD02505,PROD0261,3,8607.87,25823.61
5331,ORD02506,PROD0231,3,6206.49,18619.47
5332,ORD02506,PROD0109,3,70228.44,210685.32
5333,ORD02507,PROD0243,4,10094.25,40377.00
5334,ORD02507,PROD0253,3,8743.34,26230.02
5335,ORD02507,PROD0251,3,5175.86,15527.58
5336,ORD02508,PROD0219,3,14849.13,44547.39
5337,ORD02509,PROD0200,2,29196.20,58392.40
5338,ORD02509,PROD0153,4,10840.50,43362.00
5339,ORD02509,PROD0280,3,7685.53,23056.59
5340,ORD02509,PROD0223,3,7785.89,23357.67
5341,ORD02510,PROD0149,2,8124.11,16248.22
5342,ORD02510,PROD0195,1,24091.13,24091.13
5343,ORD02510,PROD0011,1,314229.61,314229.61
5344,ORD02510,PROD0052,3,23501.69,70505.07
5345,ORD02511,PROD0048,1,10843.12,10843.12
5346,ORD02511,PROD0223,5,7785.89,38929.45
5347,ORD02512,PROD0226,4,7172.97,28691.88
5348,ORD02512,PROD0074,2,13460.87,26921.74
5349,ORD02513,PROD0202,1,12764.12,12764.12
5350,ORD02514,PROD0153,3,10840.50,32521.50
5351,ORD02514,PROD0127,2,8700.29,17400.58
5352,ORD02514,PROD0261,4,8607.87,34431.48
5353,ORD02514,PROD0272,5,11096.23,55481.15
5354,ORD02514,PROD0133,5,23616.92,118084.60
5355,ORD02515,PROD0136,3,8175.35,24526.05
5356,ORD02515,PROD0213,3,2985.64,8956.92
5357,ORD02516,PROD0182,1,33297.75,33297.75
5358,ORD02516,PROD0234,2,6463.53,12927.06
5359,ORD02516,PROD0260,4,5050.94,20203.76
5360,ORD02517,PROD0225,2,9270.30,18540.60
5361,ORD02517,PROD0055,2,42567.03,85134.06
5362,ORD02517,PROD0271,2,1989.71,3979.42
5363,ORD02518,PROD0067,4,11627.77,46511.08
5364,ORD02519,PROD0021,3,34405.68,103217.04
5365,ORD02520,PROD0041,1,14461.31,14461.31
5366,ORD02521,PROD0083,4,160848.97,643395.88
5367,ORD02521,PROD0020,3,293010.61,879031.83
5368,ORD02522,PROD0216,4,3485.44,13941.76
5369,ORD02522,PROD0252,3,8223.52,24670.56
5370,ORD02523,PROD0118,4,12699.55,50798.20
5371,ORD02523,PROD0234,5,6463.53,32317.65
5372,ORD02523,PROD0100,2,110269.71,220539.42
5373,ORD02523,PROD0069,5,39168.98,195844.90
5374,ORD02524,PROD0251,4,5175.86,20703.44
5375,ORD02525,PROD0268,4,2944.75,11779.00
5376,ORD02526,PROD0255,1,7571.15,7571.15
5377,ORD02527,PROD0100,1,110269.71,110269.71
5378,ORD02528,PROD0108,4,121332.02,485328.08
5379,ORD02528,PROD0120,4,35341.43,141365.72
5380,ORD02529,PROD0099,1,130788.21,130788.21
5381,ORD02529,PROD0141,3,11608.58,34825.74
5382,ORD02530,PROD0192,5,94625.99,473129.95
5383,ORD02530,PROD0014,2,289145.53,578291.06
5384,ORD02531,PROD0015,5,222324.51,1111622.55
5385,ORD02532,PROD0143,2,13171.72,26343.44
5386,ORD02532,PROD0178,2,87684.88,175369.76
5387,ORD02533,PROD0108,1,121332.02,121332.02
5388,ORD02534,PROD0059,5,35594.97,177974.85
5389,ORD02534,PROD0236,1,7038.57,7038.57
5390,ORD02534,PROD0185,2,112356.62,224713.24
5391,ORD02534,PROD0229,2,4112.45,8224.90
5392,ORD02535,PROD0002,4,102447.74,409790.96
5393,ORD02535,PROD0145,3,22657.06,67971.18
5394,ORD02535,PROD0035,1,190414.55,190414.55
5395,ORD02536,PROD0263,5,8199.23,40996.15
5396,ORD02537,PROD0278,3,6353.37,19060.11
5397,ORD02538,PROD0023,3,276589.43,829768.29
5398,ORD02539,PROD0150,2,12003.33,24006.66
5399,ORD02539,PROD0202,4,12764.12,51056.48
5400,ORD02540,PROD0069,2,39168.98,78337.96
5401,ORD02540,PROD0021,5,34405.68,172028.40
5402,ORD02540,PROD0158,3,12650.30,37950.90
5403,ORD02541,PROD0206,2,5427.42,10854.84
5404,ORD02542,PROD0147,4,5055.12,20220.48
5405,ORD02542,PROD0055,3,42567.03,127701.09
5406,ORD02542,PROD0218,1,5238.20,5238.20
5407,ORD02542,PROD0194,4,24802.59,99210.36
5408,ORD02543,PROD0185,3,112356.62,337069.86
5409,ORD02543,PROD0273,5,1784.35,8921.75
5410,ORD02543,PROD0162,1,2672.21,2672.21
5411,ORD02543,PROD0229,1,4112.45,4112.45
5412,ORD02544,PROD0259,5,7869.35,39346.75
5413,ORD02544,PROD0230,5,6077.64,30388.20
5414,ORD02544,PROD0121,3,17176.67,51530.01
5415,ORD02544,PROD0231,2,6206.49,12412.98
5416,ORD02545,PROD0137,5,2019.05,10095.25
5417,ORD02545,PROD0183,5,26053.15,130265.75
5418,ORD02546,PROD0139,1,14201.82,14201.82
5419,ORD02546,PROD0226,3,7172.97,21518.91
5420,ORD02547,PROD0092,4,140982.24,563928.96
5421,ORD02548,PROD0082,2,54346.36,108692.72
5422,ORD02548,PROD0241,3,1174.07,3522.21
5423,ORD02549,PROD0080,4,14845.55,59382.20
5424,ORD02549,PROD0128,5,24463.34,122316.70
5425,ORD02549,PROD0003,5,49538.31,247691.55
5426,ORD02549,PROD0014,3,289145.53,867436.59
5427,ORD02549,PROD0175,5,102750.60,513753.00
5428,ORD02550,PROD0004,5,39811.79,199058.95
5429,ORD02551,PROD0276,2,6563.88,13127.76
5430,ORD02551,PROD0109,1,70228.44,70228.44
5431,ORD02551,PROD0209,2,2728.52,5457.04
5432,ORD02551,PROD0024,3,321716.92,965150.76
5433,ORD02552,PROD0097,2,9141.77,18283.54
5434,ORD02553,PROD0228,1,6170.81,6170.81
5435,ORD02553,PROD0226,4,7172.97,28691.88
5436,ORD02554,PROD0123,1,11097.43,11097.43
5437,ORD02554,PROD0127,1,8700.29,8700.29
5438,ORD02554,PROD0228,3,6170.81,18512.43
5439,ORD02555,PROD0225,1,9270.30,9270.30
5440,ORD02556,PROD0041,4,14461.31,57845.24
5441,ORD02556,PROD0184,4,48414.15,193656.60
5442,ORD02557,PROD0063,2,35488.70,70977.40
5443,ORD02557,PROD0269,3,2989.48,8968.44
5444,ORD02558,PROD0120,3,35341.43,106024.29
5445,ORD02558,PROD0033,1,245627.48,245627.48
5446,ORD02559,PROD0089,2,45090.58,90181.16
5447,ORD02559,PROD0043,2,16739.67,33479.34
5448,ORD02559,PROD0083,2,160848.97,321697.94
5449,ORD02560,PROD0013,1,337113.25,337113.25
5450,ORD02561,PROD0004,3,39811.79,119435.37
5451,ORD02561,PROD0149,5,8124.11,40620.55
5452,ORD02562,PROD0200,3,29196.20,87588.60
5453,ORD02562,PROD0004,3,39811.79,119435.37
5454,ORD02563,PROD0159,4,17483.90,69935.60
5455,ORD02563,PROD0190,4,22778.54,91114.16
5456,ORD02564,PROD0243,3,10094.25,30282.75
5457,ORD02564,PROD0222,4,2802.33,11209.32
5458,ORD02564,PROD0198,4,57432.47,229729.88
5459,ORD02564,PROD0206,1,5427.42,5427.42
5460,ORD02565,PROD0072,3,43142.24,129426.72
5461,ORD02565,PROD0224,3,607.93,1823.79
5462,ORD02565,PROD0160,2,12278.28,24556.56
5463,ORD02566,PROD0271,5,1989.71,9948.55
5464,ORD02566,PROD0069,5,39168.98,195844.90
5465,ORD02567,PROD0003,4,49538.31,198153.24
5466,ORD02568,PROD0275,2,10193.83,20387.66
5467,ORD02568,PROD0240,5,10219.29,51096.45
5468,ORD02569,PROD0126,1,13544.05,13544.05
5469,ORD02569,PROD0084,3,37258.14,111774.42
5470,ORD02570,PROD0123,1,11097.43,11097.43
5471,ORD02570,PROD0124,1,17164.25,17164.25
5472,ORD02570,PROD0011,1,314229.61,314229.61
5473,ORD02571,PROD0176,4,30789.84,123159.36
5474,ORD02571,PROD0268,3,2944.75,8834.25
5475,ORD02572,PROD0142,2,8820.60,17641.20
5476,ORD02573,PROD0038,4,88262.22,353048.88
5477,ORD02574,PROD0046,3,5762.47,17287.41
5478,ORD02574,PROD0124,4,17164.25,68657.00
5479,ORD02574,PROD0169,4,41598.42,166393.68
5480,ORD02575,PROD0182,3,33297.75,99893.25
5481,ORD02575,PROD0276,1,6563.88,6563.88
5482,ORD02575,PROD0224,4,607.93,2431.72
5483,ORD02576,PROD0063,3,35488.70,106466.10
5484,ORD02576,PROD0057,4,24240.82,96963.28
5485,ORD02576,PROD0222,5,2802.33,14011.65
5486,ORD02576,PROD0067,3,11627.77,34883.31
5487,ORD02577,PROD0275,4,10193.83,40775.32
5488,ORD02577,PROD0146,5,9207.08,46035.40
5489,ORD02577,PROD0071,3,9870.56,29611.68
5490,ORD02578,PROD0025,1,330590.39,330590.39
5491,ORD02578,PROD0047,2,5512.81,11025.62
5492,ORD02579,PROD0161,2,25829.99,51659.98
5493,ORD02579,PROD0066,5,36291.81,181459.05
5494,ORD02579,PROD0005,4,85978.02,343912.08
5495,ORD02580,PROD0022,3,222156.94,666470.82
5496,ORD02580,PROD0141,4,11608.58,46434.32
5497,ORD02581,PROD0201,3,10976.40,32929.20
5498,ORD02582,PROD0268,2,2944.75,5889.50
5499,ORD02583,PROD0008,3,121518.49,364555.47
5500,ORD02583,PROD0121,5,17176.67,85883.35
5501,ORD02583,PROD0028,5,316366.34,1581831.70
5502,ORD02583,PROD0254,3,9824.37,29473.11
5503,ORD02583,PROD0161,1,25829.99,25829.99
5504,ORD02584,PROD0178,1,87684.88,87684.88
5505,ORD02585,PROD0264,2,4118.15,8236.30
5506,ORD02585,PROD0028,3,316366.34,949099.02
5507,ORD02585,PROD0239,3,1047.73,3143.19
5508,ORD02585,PROD0013,1,337113.25,337113.25
5509,ORD02586,PROD0090,3,102715.97,308147.91
5510,ORD02586,PROD0121,2,17176.67,34353.34
5511,ORD02587,PROD0176,4,30789.84,123159.36
5512,ORD02587,PROD0132,4,23990.67,95962.68
5513,ORD02588,PROD0055,3,42567.03,127701.09
5514,ORD02589,PROD0127,2,8700.29,17400.58
5515,ORD02589,PROD0112,4,35280.59,141122.36
5516,ORD02589,PROD0066,1,36291.81,36291.81
5517,ORD02589,PROD0137,2,2019.05,4038.10
5518,ORD02590,PROD0026,2,34248.48,68496.96
5519,ORD02590,PROD0224,4,607.93,2431.72
5520,ORD02591,PROD0243,5,10094.25,50471.25
5521,ORD02591,PROD0097,1,9141.77,9141.77
5522,ORD02591,PROD0111,2,2676.03,5352.06
5523,ORD02592,PROD0076,3,27116.85,81350.55
5524,ORD02592,PROD0227,5,9871.34,49356.70
5525,ORD02593,PROD0093,2,8480.78,16961.56
5526,ORD02593,PROD0044,2,32574.27,65148.54
5527,ORD02593,PROD0046,1,5762.47,5762.47
5528,ORD02593,PROD0216,4,3485.44,13941.76
5529,ORD02594,PROD0142,3,8820.60,26461.80
5530,ORD02595,PROD0083,5,160848.97,804244.85
5531,ORD02596,PROD0004,2,39811.79,79623.58
5532,ORD02596,PROD0029,2,149660.33,299320.66
5533,ORD02596,PROD0238,4,6026.76,24107.04
5534,ORD02597,PROD0260,3,5050.94,15152.82
5535,ORD02597,PROD0229,4,4112.45,16449.80
5536,ORD02597,PROD0280,1,7685.53,7685.53
5537,ORD02598,PROD0008,1,121518.49,121518.49
5538,ORD02599,PROD0218,4,5238.20,20952.80
5539,ORD02599,PROD0244,3,1664.99,4994.97
5540,ORD02600,PROD0015,2,222324.51,444649.02
5541,ORD02600,PROD0124,2,17164.25,34328.50
5542,ORD02600,PROD0149,2,8124.11,16248.22
5543,ORD02600,PROD0141,3,11608.58,34825.74
5544,ORD02600,PROD0216,4,3485.44,13941.76
5545,ORD02601,PROD0034,3,272513.12,817539.36
5546,ORD02602,PROD0161,5,25829.99,129149.95
5547,ORD02602,PROD0035,3,190414.55,571243.65
5548,ORD02603,PROD0185,5,112356.62,561783.10
5549,ORD02604,PROD0230,2,6077.64,12155.28
5550,ORD02604,PROD0162,5,2672.21,13361.05
5551,ORD02604,PROD0079,4,13912.80,55651.20
5552,ORD02605,PROD0066,3,36291.81,108875.43
5553,ORD02606,PROD0102,4,45021.16,180084.64
5554,ORD02607,PROD0220,3,11275.57,33826.71
5555,ORD02608,PROD0080,1,14845.55,14845.55
5556,ORD02608,PROD0092,1,140982.24,140982.24
5557,ORD02608,PROD0074,5,13460.87,67304.35
5558,ORD02609,PROD0086,1,49202.47,49202.47
5559,ORD02609,PROD0190,1,22778.54,22778.54
5560,ORD02610,PROD0014,4,289145.53,1156582.12
5561,ORD02610,PROD0236,5,7038.57,35192.85
5562,ORD02611,PROD0109,4,70228.44,280913.76
5563,ORD02611,PROD0151,4,24271.64,97086.56
5564,ORD02612,PROD0160,4,12278.28,49113.12
5565,ORD02612,PROD0156,4,21374.21,85496.84
5566,ORD02613,PROD0003,2,49538.31,99076.62
5567,ORD02613,PROD0159,5,17483.90,87419.50
5568,ORD02614,PROD0172,3,95695.43,287086.29
5569,ORD02614,PROD0093,4,8480.78,33923.12
5570,ORD02615,PROD0082,4,54346.36,217385.44
5571,ORD02616,PROD0243,4,10094.25,40377.00
5572,ORD02616,PROD0029,2,149660.33,299320.66
5573,ORD02616,PROD0139,2,14201.82,28403.64
5574,ORD02617,PROD0054,3,31709.48,95128.44
5575,ORD02617,PROD0024,1,321716.92,321716.92
5576,ORD02618,PROD0194,4,24802.59,99210.36
5577,ORD02618,PROD0263,2,8199.23,16398.46
5578,ORD02619,PROD0242,3,5755.30,17265.90
5579,ORD02619,PROD0087,3,12717.02,38151.06
5580,ORD02620,PROD0185,5,112356.62,561783.10
5581,ORD02620,PROD0043,3,16739.67,50219.01
5582,ORD02620,PROD0267,4,6230.11,24920.44
5583,ORD02620,PROD0219,1,14849.13,14849.13
5584,ORD02621,PROD0279,4,962.48,3849.92
5585,ORD02621,PROD0127,5,8700.29,43501.45
5586,ORD02621,PROD0015,2,222324.51,444649.02
5587,ORD02621,PROD0063,3,35488.70,106466.10
5588,ORD02622,PROD0253,5,8743.34,43716.70
5589,ORD02622,PROD0127,5,8700.29,43501.45
5590,ORD02623,PROD0015,1,222324.51,222324.51
5591,ORD02623,PROD0040,5,47715.49,238577.45
5592,ORD02623,PROD0198,3,57432.47,172297.41
5593,ORD02623,PROD0111,2,2676.03,5352.06
5594,ORD02624,PROD0125,3,22153.16,66459.48
5595,ORD02624,PROD0203,1,3538.98,3538.98
5596,ORD02624,PROD0112,5,35280.59,176402.95
5597,ORD02624,PROD0035,5,190414.55,952072.75
5598,ORD02625,PROD0219,2,14849.13,29698.26
5599,ORD02625,PROD0248,1,4809.30,4809.30
5600,ORD02626,PROD0164,5,6702.72,33513.60
5601,ORD02626,PROD0205,1,,
5602,ORD02627,PROD0193,3,9954.82,29864.46
5603,ORD02627,PROD0176,5,30789.84,153949.20
5604,ORD02627,PROD0109,2,70228.44,140456.88
5605,ORD02627,PROD0090,3,102715.97,308147.91
5606,ORD02627,PROD0151,2,24271.64,48543.28
5607,ORD02628,PROD0253,3,8743.34,26230.02
5608,ORD02629,PROD0232,2,4469.76,8939.52
5609,ORD02629,PROD0006,5,308912.61,1544563.05
5610,ORD02629,PROD0069,2,39168.98,78337.96
5611,ORD02629,PROD0248,1,4809.30,4809.30
5612,ORD02630,PROD0280,2,7685.53,15371.06
5613,ORD02631,PROD0007,1,290642.30,290642.30
5614,ORD02632,PROD0120,2,35341.43,70682.86
5615,ORD02633,PROD0084,1,37258.14,37258.14
5616,ORD02633,PROD0046,4,5762.47,23049.88
5617,ORD02633,PROD0113,4,145706.19,582824.76
5618,ORD02633,PROD0058,5,14691.81,73459.05
5619,ORD02634,PROD0052,4,23501.69,94006.76
5620,ORD02634,PROD0043,4,16739.67,66958.68
5621,ORD02635,PROD0275,5,10193.83,50969.15
5622,ORD02635,PROD0211,1,8250.11,8250.11
5623,ORD02635,PROD0070,2,25905.43,51810.86
5624,ORD02636,PROD0120,2,35341.43,70682.86
5625,ORD02636,PROD0009,2,198883.60,397767.20
5626,ORD02637,PROD0007,3,290642.30,871926.90
5627,ORD02638,PROD0015,3,222324.51,666973.53
5628,ORD02638,PROD0230,3,6077.64,18232.92
5629,ORD02639,PROD0224,5,607.93,3039.65
5630,ORD02639,PROD0232,4,4469.76,17879.04
5631,ORD02640,PROD0140,1,2847.84,2847.84
5632,ORD02640,PROD0151,3,24271.64,72814.92
5633,ORD02641,PROD0084,4,37258.14,149032.56
5634,ORD02642,PROD0014,5,289145.53,1445727.65
5635,ORD02642,PROD0061,2,6821.26,13642.52
5636,ORD02643,PROD0038,3,88262.22,264786.66
5637,ORD02643,PROD0021,1,34405.68,34405.68
5638,ORD02644,PROD0244,1,1664.99,1664.99
5639,ORD02644,PROD0040,4,47715.49,190861.96
5640,ORD02644,PROD0046,3,5762.47,17287.41
5641,ORD02644,PROD0236,5,7038.57,35192.85
5642,ORD02645,PROD0046,5,5762.47,28812.35
5643,ORD02645,PROD0084,1,37258.14,37258.14
5644,ORD02645,PROD0131,3,21092.44,63277.32
5645,ORD02645,PROD0029,3,149660.33,448980.99
5646,ORD02645,PROD0230,5,6077.64,30388.20
5647,ORD02646,PROD0032,1,246601.80,246601.80
5648,ORD02647,PROD0206,4,5427.42,21709.68
5649,ORD02647,PROD0238,4,6026.76,24107.04
5650,ORD02648,PROD0020,5,293010.61,1465053.05
5651,ORD02649,PROD0239,2,1047.73,2095.46
5652,ORD02649,PROD0021,5,34405.68,172028.40
5653,ORD02649,PROD0067,1,11627.77,11627.77
5654,ORD02649,PROD0079,3,13912.80,41738.40
5655,ORD02650,PROD0070,2,25905.43,51810.86
5656,ORD02650,PROD0166,2,101932.80,203865.60
5657,ORD02651,PROD0243,3,10094.25,30282.75
5658,ORD02651,PROD0121,5,17176.67,85883.35
5659,ORD02652,PROD0009,1,198883.60,198883.60
5660,ORD02652,PROD0084,5,37258.14,186290.70
5661,ORD02652,PROD0131,2,21092.44,42184.88
5662,ORD02653,PROD0197,3,113579.08,340737.24
5663,ORD02654,PROD0202,3,12764.12,38292.36
5664,ORD02655,PROD0233,2,10621.64,21243.28
5665,ORD02655,PROD0208,2,9010.85,18021.70
5666,ORD02656,PROD0200,4,29196.20,116784.80
5667,ORD02656,PROD0081,4,110991.10,443964.40
5668,ORD02656,PROD0029,2,149660.33,299320.66
5669,ORD02656,PROD0054,2,31709.48,63418.96
5670,ORD02657,PROD0204,2,5933.15,11866.30
5671,ORD02658,PROD0088,5,,
5672,ORD02659,PROD0137,3,2019.05,6057.15
5673,ORD02660,PROD0044,3,32574.27,97722.81
5674,ORD02660,PROD0040,3,47715.49,143146.47
5675,ORD02660,PROD0054,5,31709.48,158547.40
5676,ORD02660,PROD0240,3,10219.29,30657.87
5677,ORD02661,PROD0042,2,44258.35,88516.70
5678,ORD02661,PROD0273,3,1784.35,5353.05
5679,ORD02661,PROD0154,4,19738.96,78955.84
5680,ORD02662,PROD0089,3,45090.58,135271.74
5681,ORD02662,PROD0129,2,5323.48,10646.96
5682,ORD02662,PROD0199,5,28468.05,142340.25
5683,ORD02663,PROD0271,4,1989.71,7958.84
5684,ORD02664,PROD0062,3,22431.17,67293.51
5685,ORD02664,PROD0134,1,19220.41,19220.41
5686,ORD02665,PROD0025,3,330590.39,991771.17
5687,ORD02665,PROD0174,3,110640.11,331920.33
5688,ORD02665,PROD0239,2,1047.73,2095.46
5689,ORD02665,PROD0088,1,,
5690,ORD02666,PROD0274,3,7846.95,23540.85
5691,ORD02666,PROD0197,2,113579.08,227158.16
5692,ORD02666,PROD0087,1,12717.02,12717.02
5693,ORD02667,PROD0200,1,29196.20,29196.20
5694,ORD02667,PROD0059,4,35594.97,142379.88
5695,ORD02668,PROD0076,5,27116.85,135584.25
5696,ORD02668,PROD0033,4,245627.48,982509.92
5697,ORD02669,PROD0137,4,2019.05,8076.20
5698,ORD02670,PROD0023,1,276589.43,276589.43
5699,ORD02671,PROD0262,2,3172.89,6345.78
5700,ORD02671,PROD0117,1,31515.40,31515.40
5701,ORD02672,PROD0152,1,1904.28,1904.28
5702,ORD02672,PROD0073,4,6732.32,26929.28
5703,ORD02672,PROD0191,5,44052.51,220262.55
5704,ORD02673,PROD0134,1,19220.41,19220.41
5705,ORD02673,PROD0084,1,37258.14,37258.14
5706,ORD02674,PROD0008,4,121518.49,486073.96
5707,ORD02675,PROD0035,5,190414.55,952072.75
5708,ORD02675,PROD0182,3,33297.75,99893.25
5709,ORD02675,PROD0189,5,96833.78,484168.90
5710,ORD02675,PROD0087,5,12717.02,63585.10
5711,ORD02676,PROD0251,1,5175.86,5175.86
5712,ORD02676,PROD0258,3,4792.40,14377.20
5713,ORD02676,PROD0088,3,,
5714,ORD02676,PROD0118,4,12699.55,50798.20
5715,ORD02677,PROD0223,1,7785.89,7785.89
5716,ORD02678,PROD0275,1,10193.83,10193.83
5717,ORD02679,PROD0223,1,7785.89,7785.89
5718,ORD02680,PROD0197,1,113579.08,113579.08
5719,ORD02680,PROD0218,5,5238.20,26191.00
5720,ORD02681,PROD0168,1,100026.32,100026.32
5721,ORD02681,PROD0042,1,44258.35,44258.35
5722,ORD02681,PROD0088,5,,
5723,ORD02681,PROD0045,3,15761.34,47284.02
5724,ORD02682,PROD0067,3,11627.77,34883.31
5725,ORD02682,PROD0143,5,13171.72,65858.60
5726,ORD02683,PROD0124,2,17164.25,34328.50
5727,ORD02683,PROD0173,3,39177.27,117531.81
5728,ORD02684,PROD0229,4,4112.45,16449.80
5729,ORD02685,PROD0130,1,1182.88,1182.88
5730,ORD02685,PROD0181,2,63768.87,127537.74
5731,ORD02685,PROD0080,2,14845.55,29691.10
5732,ORD02685,PROD0170,3,45302.42,135907.26
5733,ORD02686,PROD0167,2,22365.17,44730.34
5734,ORD02686,PROD0087,4,12717.02,50868.08
5735,ORD02687,PROD0220,2,11275.57,22551.14
5736,ORD02687,PROD0168,2,100026.32,200052.64
5737,ORD02688,PROD0028,3,316366.34,949099.02
5738,ORD02688,PROD0073,3,6732.32,20196.96
5739,ORD02688,PROD0031,1,290316.23,290316.23
5740,ORD02688,PROD0115,4,2277.24,9108.96
5741,ORD02688,PROD0265,1,11740.65,11740.65
5742,ORD02689,PROD0213,5,2985.64,14928.20
5743,ORD02690,PROD0104,5,,
5744,ORD02691,PROD0067,4,11627.77,46511.08
5745,ORD02692,PROD0126,2,13544.05,27088.10
5746,ORD02693,PROD0097,2,9141.77,18283.54
5747,ORD02693,PROD0230,5,6077.64,30388.20
5748,ORD02694,PROD0260,3,5050.94,15152.82
5749,ORD02694,PROD0022,1,222156.94,222156.94
5750,ORD02695,PROD0192,3,94625.99,283877.97
5751,ORD02695,PROD0150,1,12003.33,12003.33
5752,ORD02696,PROD0093,1,8480.78,8480.78
5753,ORD02697,PROD0082,1,54346.36,54346.36
5754,ORD02698,PROD0214,4,12483.89,49935.56
5755,ORD02698,PROD0176,4,30789.84,123159.36
5756,ORD02699,PROD0259,1,7869.35,7869.35
5757,ORD02700,PROD0026,2,34248.48,68496.96
5758,ORD02701,PROD0070,2,25905.43,51810.86
5759,ORD02701,PROD0099,2,130788.21,261576.42
5760,ORD02702,PROD0267,3,6230.11,18690.33
5761,ORD02703,PROD0071,4,9870.56,39482.24
5762,ORD02704,PROD0153,4,10840.50,43362.00
5763,ORD02704,PROD0157,4,10758.03,43032.12
5764,ORD02704,PROD0260,2,5050.94,10101.88
5765,ORD02705,PROD0233,1,10621.64,10621.64
5766,ORD02705,PROD0128,2,24463.34,48926.68
5767,ORD02706,PROD0018,2,120439.60,240879.20
5768,ORD02707,PROD0058,3,14691.81,44075.43
5769,ORD02707,PROD0083,5,160848.97,804244.85
5770,ORD02708,PROD0154,5,19738.96,98694.80
5771,ORD02708,PROD0184,5,48414.15,242070.75
5772,ORD02708,PROD0043,1,16739.67,16739.67
5773,ORD02708,PROD0197,5,113579.08,567895.40
5774,ORD02708,PROD0171,3,105588.96,316766.88
5775,ORD02709,PROD0165,2,22136.37,44272.74
5776,ORD02710,PROD0080,5,14845.55,74227.75
5777,ORD02711,PROD0241,5,1174.07,5870.35
5778,ORD02711,PROD0250,3,4620.81,13862.43
5779,ORD02712,PROD0117,4,31515.40,126061.60
5780,ORD02712,PROD0217,2,7092.62,14185.24
5781,ORD02713,PROD0030,1,253935.11,253935.11
5782,ORD02713,PROD0159,4,17483.90,69935.60
5783,ORD02714,PROD0128,1,24463.34,24463.34
5784,ORD02715,PROD0045,3,15761.34,47284.02
5785,ORD02715,PROD0198,3,57432.47,172297.41
5786,ORD02716,PROD0104,4,,
5787,ORD02716,PROD0065,5,30524.10,152620.50
5789,ORD02717,PROD0036,1,78738.41,78738.41
5790,ORD02717,PROD0178,3,87684.88,263054.64
5791,ORD02717,PROD0184,3,48414.15,145242.45
5792,ORD02717,PROD0240,4,10219.29,40877.16
5793,ORD02718,PROD0216,4,3485.44,13941.76
5794,ORD02718,PROD0123,3,11097.43,33292.29
5795,ORD02719,PROD0212,1,8757.97,8757.97
5796,ORD02720,PROD0096,5,179864.29,899321.45
5797,ORD02720,PROD0068,2,43176.46,86352.92
5798,ORD02720,PROD0134,3,19220.41,57661.23
5799,ORD02720,PROD0191,4,44052.51,176210.04
5800,ORD02720,PROD0039,5,257535.23,1287676.15
5801,ORD02721,PROD0231,5,6206.49,31032.45
5802,ORD02721,PROD0160,4,12278.28,49113.12
5803,ORD02721,PROD0199,5,28468.05,142340.25
5804,ORD02722,PROD0044,1,32574.27,32574.27
5805,ORD02722,PROD0218,3,5238.20,15714.60
5806,ORD02722,PROD0115,2,2277.24,4554.48
5807,ORD02723,PROD0041,2,14461.31,28922.62
5808,ORD02723,PROD0217,2,7092.62,14185.24
5809,ORD02723,PROD0129,1,5323.48,5323.48
5810,ORD02724,PROD0105,5,162358.65,811793.25
5811,ORD02724,PROD0056,1,6299.62,6299.62
5812,ORD02725,PROD0178,2,87684.88,175369.76
5813,ORD02726,PROD0179,4,21340.87,85363.48
5814,ORD02726,PROD0214,2,12483.89,24967.78
5815,ORD02727,PROD0267,3,6230.11,18690.33
5816,ORD02728,PROD0082,4,54346.36,217385.44
5817,ORD02729,PROD0167,2,22365.17,44730.34
5818,ORD02730,PROD0264,2,4118.15,8236.30
5819,ORD02731,PROD0169,1,41598.42,41598.42
5820,ORD02731,PROD0259,5,7869.35,39346.75
5821,ORD02731,PROD0212,3,8757.97,26273.91
5822,ORD02731,PROD0072,2,43142.24,86284.48
5823,ORD02732,PROD0084,1,37258.14,37258.14
5824,ORD02732,PROD0258,4,4792.40,19169.60
5825,ORD02733,PROD0118,4,12699.55,50798.20
5826,ORD02734,PROD0213,3,2985.64,8956.92
5827,ORD02735,PROD0143,2,13171.72,26343.44
5828,ORD02735,PROD0016,4,256280.50,1025122.00
5829,ORD02736,PROD0080,3,14845.55,44536.65
5830,ORD02736,PROD0129,2,5323.48,10646.96
5831,ORD02737,PROD0025,1,330590.39,330590.39
5832,ORD02737,PROD0128,3,24463.34,73390.02
5833,ORD02738,PROD0204,3,5933.15,17799.45
5834,ORD02738,PROD0169,5,41598.42,207992.10
5835,ORD02738,PROD0078,3,18117.48,54352.44
5836,ORD02739,PROD0087,1,12717.02,12717.02
5837,ORD02739,PROD0003,3,49538.31,148614.93
5838,ORD02740,PROD0205,1,,
5839,ORD02741,PROD0086,4,49202.47,196809.88
5840,ORD02741,PROD0069,1,39168.98,39168.98
5841,ORD02742,PROD0013,5,337113.25,1685566.25
5842,ORD02742,PROD0068,3,43176.46,129529.38
5843,ORD02743,PROD0210,1,14712.50,14712.50
5844,ORD02743,PROD0203,2,3538.98,7077.96
5845,ORD02744,PROD0018,5,120439.60,602198.00
5846,ORD02744,PROD0047,3,5512.81,16538.43
5847,ORD02744,PROD0189,4,96833.78,387335.12
5848,ORD02745,PROD0187,4,28776.04,115104.16
5849,ORD02745,PROD0097,1,9141.77,9141.77
5850,ORD02746,PROD0055,2,42567.03,85134.06
5851,ORD02746,PROD0168,4,100026.32,400105.28
5852,ORD02747,PROD0115,2,2277.24,4554.48
5853,ORD02747,PROD0110,1,23332.73,23332.73
5854,ORD02747,PROD0052,5,23501.69,117508.45
5855,ORD02747,PROD0035,5,190414.55,952072.75
5856,ORD02748,PROD0009,2,198883.60,397767.20
5857,ORD02749,PROD0248,1,4809.30,4809.30
5858,ORD02750,PROD0167,3,22365.17,67095.51
5859,ORD02750,PROD0252,2,8223.52,16447.04
5860,ORD02751,PROD0125,1,22153.16,22153.16
5861,ORD02752,PROD0218,5,5238.20,26191.00
5862,ORD02753,PROD0265,5,11740.65,58703.25
5863,ORD02753,PROD0258,1,4792.40,4792.40
5864,ORD02753,PROD0220,1,11275.57,11275.57
5865,ORD02754,PROD0215,3,3385.48,10156.44
5866,ORD02754,PROD0066,4,36291.81,145167.24
5867,ORD02754,PROD0162,5,2672.21,13361.05
5868,ORD02755,PROD0047,3,5512.81,16538.43
5869,ORD02756,PROD0037,5,266180.98,1330904.90
5870,ORD02757,PROD0132,3,23990.67,71972.01
5871,ORD02757,PROD0201,4,10976.40,43905.60
5872,ORD02757,PROD0226,3,7172.97,21518.91
5873,ORD02757,PROD0119,2,47472.78,94945.56
5874,ORD02758,PROD0142,3,8820.60,26461.80
5875,ORD02758,PROD0054,5,31709.48,158547.40
5876,ORD02758,PROD0108,4,121332.02,485328.08
5877,ORD02758,PROD0055,4,42567.03,170268.12
5878,ORD02758,PROD0272,1,11096.23,11096.23
5879,ORD02759,PROD0090,1,102715.97,102715.97
5880,ORD02759,PROD0184,1,48414.15,48414.15
5881,ORD02759,PROD0035,5,190414.55,952072.75
5882,ORD02760,PROD0086,1,49202.47,49202.47
5883,ORD02760,PROD0145,2,22657.06,45314.12
5884,ORD02761,PROD0072,4,43142.24,172568.96
5885,ORD02761,PROD0127,4,8700.29,34801.16
5886,ORD02761,PROD0278,4,6353.37,25413.48
5887,ORD02762,PROD0164,2,6702.72,13405.44
5888,ORD02762,PROD0037,3,266180.98,798542.94
5889,ORD02763,PROD0149,1,8124.11,8124.11
5890,ORD02763,PROD0100,5,110269.71,551348.55
5891,ORD02764,PROD0230,2,6077.64,12155.28
5892,ORD02764,PROD0005,4,85978.02,343912.08
5893,ORD02765,PROD0159,5,17483.90,87419.50
5894,ORD02766,PROD0261,3,8607.87,25823.61
5895,ORD02766,PROD0213,4,2985.64,11942.56
5896,ORD02766,PROD0029,4,149660.33,598641.32
5897,ORD02767,PROD0070,2,25905.43,51810.86
5898,ORD02767,PROD0018,1,120439.60,120439.60
5899,ORD02768,PROD0258,5,4792.40,23962.00
5900,ORD02769,PROD0272,1,11096.23,11096.23
5901,ORD02769,PROD0247,5,5416.29,27081.45
5902,ORD02770,PROD0175,4,102750.60,411002.40
5903,ORD02771,PROD0133,1,23616.92,23616.92
5904,ORD02771,PROD0187,3,28776.04,86328.12
5905,ORD02772,PROD0266,2,408.26,816.52
5906,ORD02772,PROD0273,3,1784.35,5353.05
5907,ORD02773,PROD0054,1,31709.48,31709.48
5908,ORD02774,PROD0039,3,257535.23,772605.69
5909,ORD02774,PROD0164,4,6702.72,26810.88
5910,ORD02774,PROD0236,4,7038.57,28154.28
5911,ORD02774,PROD0220,1,11275.57,11275.57
5912,ORD02775,PROD0279,2,962.48,1924.96
5913,ORD02776,PROD0164,1,6702.72,6702.72
5914,ORD02776,PROD0261,2,8607.87,17215.74
5915,ORD02776,PROD0220,3,11275.57,33826.71
5916,ORD02777,PROD0078,5,18117.48,90587.40
5917,ORD02777,PROD0126,3,13544.05,40632.15
5918,ORD02777,PROD0154,2,19738.96,39477.92
5919,ORD02778,PROD0272,2,11096.23,22192.46
5920,ORD02778,PROD0069,5,39168.98,195844.90
5921,ORD02778,PROD0207,5,11561.20,57806.00
5922,ORD02779,PROD0200,5,29196.20,145981.00
5923,ORD02779,PROD0083,4,160848.97,643395.88
5924,ORD02780,PROD0111,3,2676.03,8028.09
5925,ORD02780,PROD0241,4,1174.07,4696.28
5926,ORD02780,PROD0013,5,337113.25,1685566.25
5927,ORD02780,PROD0108,4,121332.02,485328.08
5928,ORD02780,PROD0177,2,102403.06,204806.12
5929,ORD02781,PROD0144,1,801.07,801.07
5930,ORD02782,PROD0262,1,3172.89,3172.89
5931,ORD02783,PROD0049,3,27088.42,81265.26
5932,ORD02783,PROD0257,3,2248.73,6746.19
5933,ORD02784,PROD0002,1,102447.74,102447.74
5934,ORD02785,PROD0244,2,1664.99,3329.98
5935,ORD02786,PROD0280,4,7685.53,30742.12
5936,ORD02786,PROD0195,1,24091.13,24091.13
5937,ORD02786,PROD0185,4,112356.62,449426.48
5938,ORD02787,PROD0188,1,51993.13,51993.13
5939,ORD02788,PROD0108,3,121332.02,363996.06
5940,ORD02789,PROD0279,5,962.48,4812.40
5941,ORD02789,PROD0225,3,9270.30,27810.90
5942,ORD02789,PROD0091,4,141135.80,564543.20
5943,ORD02789,PROD0267,4,6230.11,24920.44
5944,ORD02790,PROD0151,4,24271.64,97086.56
5945,ORD02791,PROD0208,3,9010.85,27032.55
5946,ORD02791,PROD0160,4,12278.28,49113.12
5947,ORD02791,PROD0026,3,34248.48,102745.44
5948,ORD02791,PROD0264,5,4118.15,20590.75
5949,ORD02792,PROD0018,1,120439.60,120439.60
5950,ORD02792,PROD0118,4,12699.55,50798.20
5951,ORD02792,PROD0049,4,27088.42,108353.68
5952,ORD02792,PROD0032,2,246601.80,493203.60
5953,ORD02793,PROD0157,1,10758.03,10758.03
5954,ORD02793,PROD0038,5,88262.22,441311.10
5955,ORD02793,PROD0149,3,8124.11,24372.33
5956,ORD02794,PROD0054,1,31709.48,31709.48
5957,ORD02795,PROD0031,1,290316.23,290316.23
5958,ORD02795,PROD0094,3,117897.53,353692.59
5959,ORD02795,PROD0200,4,29196.20,116784.80
5960,ORD02796,PROD0195,2,24091.13,48182.26
5961,ORD02797,PROD0148,4,3628.18,14512.72
5962,ORD02797,PROD0164,2,6702.72,13405.44
5963,ORD02798,PROD0141,5,11608.58,58042.90
5964,ORD02798,PROD0079,2,13912.80,27825.60
5965,ORD02798,PROD0109,3,70228.44,210685.32
5966,ORD02798,PROD0269,3,2989.48,8968.44
5967,ORD02799,PROD0008,2,121518.49,243036.98
5968,ORD02799,PROD0238,5,6026.76,30133.80
5969,ORD02800,PROD0016,1,256280.50,256280.50
5970,ORD02800,PROD0218,3,5238.20,15714.60
5971,ORD02800,PROD0223,5,7785.89,38929.45
5972,ORD02800,PROD0228,3,6170.81,18512.43
5973,ORD02801,PROD0034,2,272513.12,545026.24
5974,ORD02802,PROD0003,2,49538.31,99076.62
5975,ORD02803,PROD0261,5,8607.87,43039.35
5976,ORD02804,PROD0062,4,22431.17,89724.68
5977,ORD02804,PROD0081,5,110991.10,554955.50
5978,ORD02805,PROD0070,2,25905.43,51810.86
5979,ORD02805,PROD0143,1,13171.72,13171.72
5980,ORD02805,PROD0033,2,245627.48,491254.96
5981,ORD02805,PROD0119,2,47472.78,94945.56
5982,ORD02805,PROD0152,3,1904.28,5712.84
5983,ORD02806,PROD0259,3,7869.35,23608.05
5984,ORD02806,PROD0145,1,22657.06,22657.06
5985,ORD02807,PROD0137,2,2019.05,4038.10
5986,ORD02808,PROD0014,5,289145.53,1445727.65
5987,ORD02809,PROD0066,5,36291.81,181459.05
5988,ORD02810,PROD0262,5,3172.89,15864.45
5989,ORD02810,PROD0254,1,9824.37,9824.37
5990,ORD02810,PROD0055,3,42567.03,127701.09
5991,ORD02810,PROD0172,1,95695.43,95695.43
5992,ORD02811,PROD0248,3,4809.30,14427.90
5993,ORD02811,PROD0130,3,1182.88,3548.64
5994,ORD02812,PROD0129,1,5323.48,5323.48
5995,ORD02813,PROD0272,3,11096.23,33288.69
5996,ORD02813,PROD0203,4,3538.98,14155.92
5997,ORD02814,PROD0003,4,49538.31,198153.24
5998,ORD02815,PROD0076,1,27116.85,27116.85
5999,ORD02816,PROD0079,2,13912.80,27825.60
6000,ORD02816,PROD0183,5,26053.15,130265.75
6001,ORD02817,PROD0010,2,270434.00,540868.00
6002,ORD02818,PROD0221,4,13121.51,52486.04
6003,ORD02819,PROD0236,2,7038.57,14077.14
6004,ORD02819,PROD0162,3,2672.21,8016.63
6005,ORD02820,PROD0081,1,110991.10,110991.10
6006,ORD02820,PROD0264,2,4118.15,8236.30
6007,ORD02820,PROD0118,5,12699.55,63497.75
6008,ORD02820,PROD0113,3,145706.19,437118.57
6009,ORD02821,PROD0097,1,9141.77,9141.77
6010,ORD02821,PROD0093,1,8480.78,8480.78
6011,ORD02821,PROD0240,1,10219.29,10219.29
6012,ORD02821,PROD0122,3,16203.67,48611.01
6013,ORD02821,PROD0149,5,8124.11,40620.55
6014,ORD02822,PROD0104,1,,
6015,ORD02822,PROD0231,3,6206.49,18619.47
6016,ORD02822,PROD0238,5,6026.76,30133.80
6017,ORD02823,PROD0200,3,29196.20,87588.60
6018,ORD02824,PROD0017,1,257730.40,257730.40
6019,ORD02824,PROD0103,3,83304.08,249912.24
6020,ORD02824,PROD0129,4,5323.48,21293.92
6021,ORD02825,PROD0027,5,26206.57,131032.85
6022,ORD02826,PROD0161,4,25829.99,103319.96
6023,ORD02826,PROD0220,2,11275.57,22551.14
6024,ORD02826,PROD0143,1,13171.72,13171.72
6025,ORD02826,PROD0110,5,23332.73,116663.65
6026,ORD02826,PROD0017,5,257730.40,1288652.00
6027,ORD02827,PROD0052,2,23501.69,47003.38
6028,ORD02827,PROD0199,2,28468.05,56936.10
6029,ORD02827,PROD0164,4,6702.72,26810.88
6030,ORD02827,PROD0260,2,5050.94,10101.88
6031,ORD02827,PROD0237,3,7201.43,21604.29
6032,ORD02828,PROD0215,1,3385.48,3385.48
6033,ORD02828,PROD0231,2,6206.49,12412.98
6034,ORD02829,PROD0086,5,49202.47,246012.35
6035,ORD02829,PROD0252,3,8223.52,24670.56
6036,ORD02829,PROD0274,2,7846.95,15693.90
6037,ORD02830,PROD0150,3,12003.33,36009.99
6038,ORD02830,PROD0052,5,23501.69,117508.45
6039,ORD02831,PROD0143,4,13171.72,52686.88
6040,ORD02831,PROD0110,2,23332.73,46665.46
6041,ORD02831,PROD0234,1,6463.53,6463.53
6042,ORD02832,PROD0064,5,34644.88,173224.40
6043,ORD02832,PROD0223,3,7785.89,23357.67
6044,ORD02833,PROD0031,3,290316.23,870948.69
6045,ORD02834,PROD0217,3,7092.62,21277.86
6046,ORD02835,PROD0091,3,141135.80,423407.40
6047,ORD02835,PROD0258,2,4792.40,9584.80
6048,ORD02835,PROD0170,4,45302.42,181209.68
6049,ORD02836,PROD0077,1,20510.26,20510.26
6050,ORD02836,PROD0192,5,94625.99,473129.95
6051,ORD02837,PROD0229,4,4112.45,16449.80
6052,ORD02837,PROD0188,1,51993.13,51993.13
6053,ORD02837,PROD0261,1,8607.87,8607.87
6054,ORD02837,PROD0237,3,7201.43,21604.29
6055,ORD02837,PROD0125,2,22153.16,44306.32
6056,ORD02838,PROD0221,4,13121.51,52486.04
6057,ORD02839,PROD0055,2,42567.03,85134.06
6058,ORD02839,PROD0244,1,1664.99,1664.99
6059,ORD02839,PROD0149,3,8124.11,24372.33
6060,ORD02840,PROD0062,2,22431.17,44862.34
6061,ORD02841,PROD0246,1,5399.76,5399.76
6062,ORD02842,PROD0167,3,22365.17,67095.51
6063,ORD02842,PROD0005,2,85978.02,171956.04
6064,ORD02842,PROD0211,4,8250.11,33000.44
6065,ORD02843,PROD0052,4,23501.69,94006.76
6066,ORD02843,PROD0250,4,4620.81,18483.24
6067,ORD02844,PROD0179,3,21340.87,64022.61
6068,ORD02845,PROD0216,4,3485.44,13941.76
6069,ORD02845,PROD0140,2,2847.84,5695.68
6070,ORD02846,PROD0023,2,276589.43,553178.86
6071,ORD02847,PROD0095,4,49921.23,199684.92
6072,ORD02848,PROD0070,2,25905.43,51810.86
6073,ORD02849,PROD0147,3,5055.12,15165.36
6074,ORD02849,PROD0003,2,49538.31,99076.62
6075,ORD02849,PROD0167,1,22365.17,22365.17
6076,ORD02849,PROD0120,4,35341.43,141365.72
6077,ORD02849,PROD0092,5,140982.24,704911.20
6078,ORD02850,PROD0038,3,88262.22,264786.66
6079,ORD02850,PROD0239,5,1047.73,5238.65
6080,ORD02850,PROD0007,1,290642.30,290642.30
6081,ORD02851,PROD0060,2,10877.79,21755.58
6082,ORD02852,PROD0152,3,1904.28,5712.84
6083,ORD02852,PROD0183,3,26053.15,78159.45
6084,ORD02853,PROD0255,3,7571.15,22713.45
6085,ORD02853,PROD0005,2,85978.02,171956.04
6086,ORD02854,PROD0065,2,30524.10,61048.20
6087,ORD02855,PROD0223,3,7785.89,23357.67
6088,ORD02855,PROD0089,5,45090.58,225452.90
6089,ORD02856,PROD0096,3,179864.29,539592.87
6090,ORD02857,PROD0039,5,257535.23,1287676.15
6091,ORD02857,PROD0103,3,83304.08,249912.24
6092,ORD02857,PROD0244,2,1664.99,3329.98
6093,ORD02857,PROD0267,1,6230.11,6230.11
6094,ORD02857,PROD0129,2,5323.48,10646.96
6095,ORD02858,PROD0011,5,314229.61,1571148.05
6096,ORD02858,PROD0034,4,272513.12,1090052.48
6097,ORD02859,PROD0204,1,5933.15,5933.15
6098,ORD02859,PROD0142,3,8820.60,26461.80
6099,ORD02859,PROD0193,2,9954.82,19909.64
6100,ORD02860,PROD0073,2,6732.32,13464.64
6101,ORD02861,PROD0002,2,102447.74,204895.48
6102,ORD02861,PROD0055,5,42567.03,212835.15
6103,ORD02861,PROD0139,4,14201.82,56807.28
6104,ORD02861,PROD0271,1,1989.71,1989.71
6105,ORD02861,PROD0056,5,6299.62,31498.10
6106,ORD02862,PROD0230,3,6077.64,18232.92
6107,ORD02863,PROD0206,4,5427.42,21709.68
6108,ORD02863,PROD0264,5,4118.15,20590.75
6109,ORD02863,PROD0057,2,24240.82,48481.64
6110,ORD02864,PROD0007,5,290642.30,1453211.50
6111,ORD02864,PROD0169,1,41598.42,41598.42
6112,ORD02865,PROD0018,5,120439.60,602198.00
6113,ORD02866,PROD0266,4,408.26,1633.04
6114,ORD02867,PROD0036,4,78738.41,314953.64
6115,ORD02867,PROD0050,5,26917.21,134586.05
6116,ORD02867,PROD0211,3,8250.11,24750.33
6117,ORD02868,PROD0217,2,7092.62,14185.24
6118,ORD02868,PROD0133,3,23616.92,70850.76
6119,ORD02868,PROD0074,5,13460.87,67304.35
6120,ORD02868,PROD0259,5,7869.35,39346.75
6121,ORD02868,PROD0059,2,35594.97,71189.94
6122,ORD02869,PROD0135,5,2595.60,12978.00
6123,ORD02869,PROD0165,1,22136.37,22136.37
6124,ORD02870,PROD0133,4,23616.92,94467.68
6125,ORD02870,PROD0222,3,2802.33,8406.99
6126,ORD02870,PROD0190,4,22778.54,91114.16
6127,ORD02871,PROD0109,3,70228.44,210685.32
6128,ORD02871,PROD0012,5,248709.70,1243548.50
6129,ORD02872,PROD0203,1,3538.98,3538.98
6130,ORD02872,PROD0149,4,8124.11,32496.44
6131,ORD02873,PROD0098,1,54814.26,54814.26
6132,ORD02873,PROD0067,4,11627.77,46511.08
6133,ORD02873,PROD0066,2,36291.81,72583.62
6134,ORD02873,PROD0116,3,20859.43,62578.29
6135,ORD02874,PROD0096,4,179864.29,719457.16
6136,ORD02875,PROD0165,4,22136.37,88545.48
6137,ORD02875,PROD0279,1,962.48,962.48
6138,ORD02876,PROD0019,3,339524.65,1018573.95
6139,ORD02876,PROD0266,3,408.26,1224.78
6140,ORD02876,PROD0113,2,145706.19,291412.38
6141,ORD02876,PROD0189,4,96833.78,387335.12
6142,ORD02877,PROD0197,4,113579.08,454316.32
6143,ORD02877,PROD0191,5,44052.51,220262.55
6144,ORD02878,PROD0084,2,37258.14,74516.28
6145,ORD02878,PROD0072,4,43142.24,172568.96
6146,ORD02879,PROD0106,5,137481.28,687406.40
6147,ORD02880,PROD0017,1,257730.40,257730.40
6148,ORD02880,PROD0083,4,160848.97,643395.88
6149,ORD02880,PROD0069,4,39168.98,156675.92
6150,ORD02880,PROD0264,1,4118.15,4118.15
6151,ORD02880,PROD0010,1,270434.00,270434.00
6152,ORD02881,PROD0198,5,57432.47,287162.35
6153,ORD02882,PROD0127,5,8700.29,43501.45
6154,ORD02883,PROD0271,4,1989.71,7958.84
6155,ORD02884,PROD0218,4,5238.20,20952.80
6156,ORD02885,PROD0027,1,26206.57,26206.57
6157,ORD02886,PROD0240,5,10219.29,51096.45
6158,ORD02887,PROD0244,2,1664.99,3329.98
6159,ORD02887,PROD0178,2,87684.88,175369.76
6160,ORD02888,PROD0067,3,11627.77,34883.31
6161,ORD02888,PROD0069,2,39168.98,78337.96
6162,ORD02889,PROD0025,1,330590.39,330590.39
6163,ORD02889,PROD0085,5,89243.32,446216.60
6164,ORD02890,PROD0018,2,120439.60,240879.20
6165,ORD02891,PROD0259,2,7869.35,15738.70
6166,ORD02891,PROD0153,1,10840.50,10840.50
6167,ORD02892,PROD0127,5,8700.29,43501.45
6168,ORD02892,PROD0189,5,96833.78,484168.90
6169,ORD02893,PROD0091,3,141135.80,423407.40
6170,ORD02893,PROD0270,2,907.09,1814.18
6171,ORD02894,PROD0243,4,10094.25,40377.00
6172,ORD02894,PROD0149,4,8124.11,32496.44
6173,ORD02894,PROD0211,5,8250.11,41250.55
6174,ORD02895,PROD0041,5,14461.31,72306.55
6175,ORD02895,PROD0116,3,20859.43,62578.29
6176,ORD02895,PROD0167,3,22365.17,67095.51
6177,ORD02896,PROD0172,2,95695.43,191390.86
6178,ORD02896,PROD0225,3,9270.30,27810.90
6179,ORD02896,PROD0089,1,45090.58,45090.58
6180,ORD02897,PROD0101,5,114695.41,573477.05
6181,ORD02898,PROD0253,5,8743.34,43716.70
6182,ORD02898,PROD0238,2,6026.76,12053.52
6183,ORD02898,PROD0044,2,32574.27,65148.54
6184,ORD02898,PROD0246,1,5399.76,5399.76
6185,ORD02899,PROD0092,4,140982.24,563928.96
6186,ORD02899,PROD0259,5,7869.35,39346.75
6187,ORD02899,PROD0209,1,2728.52,2728.52
6188,ORD02900,PROD0022,5,222156.94,1110784.70
6189,ORD02901,PROD0008,3,121518.49,364555.47
6190,ORD02901,PROD0262,5,3172.89,15864.45
6191,ORD02901,PROD0005,4,85978.02,343912.08
6192,ORD02901,PROD0001,2,279610.57,559221.14
6193,ORD02901,PROD0136,3,8175.35,24526.05
6194,ORD02902,PROD0202,5,12764.12,63820.60
6195,ORD02902,PROD0217,3,7092.62,21277.86
6196,ORD02902,PROD0179,5,21340.87,106704.35
6197,ORD02902,PROD0066,2,36291.81,72583.62
6198,ORD02903,PROD0170,2,45302.42,90604.84
6199,ORD02903,PROD0033,2,245627.48,491254.96
6200,ORD02904,PROD0222,4,2802.33,11209.32
6201,ORD02905,PROD0067,4,11627.77,46511.08
6202,ORD02905,PROD0199,3,28468.05,85404.15
6203,ORD02905,PROD0172,1,95695.43,95695.43
6204,ORD02905,PROD0273,2,1784.35,3568.70
6205,ORD02906,PROD0132,4,23990.67,95962.68
6206,ORD02906,PROD0001,4,279610.57,1118442.28
6207,ORD02907,PROD0212,4,8757.97,35031.88
6208,ORD02907,PROD0044,4,32574.27,130297.08
6209,ORD02907,PROD0019,4,339524.65,1358098.60
6210,ORD02907,PROD0247,5,5416.29,27081.45
6211,ORD02907,PROD0136,4,8175.35,32701.40
6212,ORD02908,PROD0088,2,,
6213,ORD02908,PROD0149,3,8124.11,24372.33
6214,ORD02909,PROD0191,2,44052.51,88105.02
6215,ORD02910,PROD0164,4,6702.72,26810.88
6216,ORD02910,PROD0006,5,308912.61,1544563.05
6217,ORD02911,PROD0153,4,10840.50,43362.00
6218,ORD02911,PROD0237,3,7201.43,21604.29
6219,ORD02912,PROD0105,4,162358.65,649434.60
6220,ORD02913,PROD0153,3,10840.50,32521.50
6221,ORD02914,PROD0173,4,39177.27,156709.08
6222,ORD02914,PROD0202,2,12764.12,25528.24
6223,ORD02915,PROD0028,4,316366.34,1265465.36
6224,ORD02915,PROD0184,3,48414.15,145242.45
6225,ORD02915,PROD0040,1,47715.49,47715.49
6226,ORD02916,PROD0105,3,162358.65,487075.95
6227,ORD02917,PROD0213,2,2985.64,5971.28
6228,ORD02917,PROD0187,4,28776.04,115104.16
6229,ORD02918,PROD0279,4,962.48,3849.92
6230,ORD02918,PROD0201,4,10976.40,43905.60
6231,ORD02919,PROD0019,2,339524.65,679049.30
6232,ORD02919,PROD0243,5,10094.25,50471.25
6233,ORD02919,PROD0046,5,5762.47,28812.35
6234,ORD02920,PROD0245,1,,
6235,ORD02921,PROD0066,4,36291.81,145167.24
6236,ORD02922,PROD0223,5,7785.89,38929.45
6237,ORD02923,PROD0035,5,190414.55,952072.75
6238,ORD02924,PROD0212,1,8757.97,8757.97
6239,ORD02925,PROD0189,3,96833.78,290501.34
6240,ORD02926,PROD0224,2,607.93,1215.86
6241,ORD02927,PROD0115,3,2277.24,6831.72
6242,ORD02927,PROD0121,2,17176.67,34353.34
6243,ORD02928,PROD0210,3,14712.50,44137.50
6244,ORD02929,PROD0142,3,8820.60,26461.80
6245,ORD02930,PROD0006,1,308912.61,308912.61
6246,ORD02931,PROD0246,3,5399.76,16199.28
6247,ORD02931,PROD0162,1,2672.21,2672.21
6248,ORD02931,PROD0207,3,11561.20,34683.60
6249,ORD02931,PROD0159,5,17483.90,87419.50
6250,ORD02932,PROD0216,5,3485.44,17427.20
6251,ORD02932,PROD0250,4,4620.81,18483.24
6252,ORD02933,PROD0219,2,14849.13,29698.26
6253,ORD02933,PROD0193,4,9954.82,39819.28
6254,ORD02934,PROD0228,4,6170.81,24683.24
6255,ORD02935,PROD0076,5,27116.85,135584.25
6256,ORD02935,PROD0080,1,14845.55,14845.55
6257,ORD02935,PROD0221,5,13121.51,65607.55
6258,ORD02935,PROD0088,1,,
6259,ORD02936,PROD0148,1,3628.18,3628.18
6260,ORD02936,PROD0161,3,25829.99,77489.97
6261,ORD02937,PROD0067,4,11627.77,46511.08
6262,ORD02938,PROD0250,4,4620.81,18483.24
6263,ORD02939,PROD0048,3,10843.12,32529.36
6264,ORD02939,PROD0225,4,9270.30,37081.20
6265,ORD02940,PROD0270,5,907.09,4535.45
6266,ORD02940,PROD0180,4,60582.65,242330.60
6267,ORD02941,PROD0126,5,13544.05,67720.25
6268,ORD02941,PROD0058,5,14691.81,73459.05
6269,ORD02942,PROD0164,4,6702.72,26810.88
6270,ORD02942,PROD0093,3,8480.78,25442.34
6271,ORD02942,PROD0174,4,110640.11,442560.44
6272,ORD02943,PROD0260,3,5050.94,15152.82
6273,ORD02944,PROD0042,3,44258.35,132775.05
6274,ORD02944,PROD0266,3,408.26,1224.78
6275,ORD02944,PROD0241,4,1174.07,4696.28
6276,ORD02945,PROD0015,1,222324.51,222324.51
6277,ORD02946,PROD0165,5,22136.37,110681.85
6278,ORD02947,PROD0095,3,49921.23,149763.69
6279,ORD02948,PROD0097,3,9141.77,27425.31
6280,ORD02948,PROD0120,2,35341.43,70682.86
6281,ORD02948,PROD0127,2,8700.29,17400.58
6282,ORD02948,PROD0029,3,149660.33,448980.99
6283,ORD02948,PROD0209,2,2728.52,5457.04
6284,ORD02949,PROD0011,2,314229.61,628459.22
6285,ORD02949,PROD0203,5,3538.98,17694.90
6286,ORD02950,PROD0251,4,5175.86,20703.44
6287,ORD02950,PROD0167,5,22365.17,111825.85
6288,ORD02951,PROD0239,4,1047.73,4190.92
6289,ORD02951,PROD0218,2,5238.20,10476.40
6290,ORD02951,PROD0127,5,8700.29,43501.45
6291,ORD02951,PROD0025,5,330590.39,1652951.95
6292,ORD02951,PROD0241,2,1174.07,2348.14
6293,ORD02952,PROD0167,1,22365.17,22365.17
6294,ORD02952,PROD0172,1,95695.43,95695.43
6295,ORD02953,PROD0205,1,,
6296,ORD02953,PROD0081,1,110991.10,110991.10
6297,ORD02953,PROD0014,4,289145.53,1156582.12
6298,ORD02954,PROD0177,4,102403.06,409612.24
6299,ORD02954,PROD0149,2,8124.11,16248.22
6300,ORD02955,PROD0227,3,9871.34,29614.02
6301,ORD02956,PROD0162,5,2672.21,13361.05
6302,ORD02957,PROD0018,5,120439.60,602198.00
6303,ORD02957,PROD0260,3,5050.94,15152.82
6304,ORD02958,PROD0245,2,,
6305,ORD02959,PROD0013,2,337113.25,674226.50
6306,ORD02959,PROD0179,1,21340.87,21340.87
6307,ORD02959,PROD0043,4,16739.67,66958.68
6308,ORD02960,PROD0199,5,28468.05,142340.25
6309,ORD02961,PROD0058,3,14691.81,44075.43
6310,ORD02961,PROD0148,1,3628.18,3628.18
6311,ORD02961,PROD0088,2,,
6312,ORD02962,PROD0019,3,339524.65,1018573.95
6313,ORD02962,PROD0271,5,1989.71,9948.55
6314,ORD02963,PROD0218,5,5238.20,26191.00
6315,ORD02964,PROD0212,1,8757.97,8757.97
6316,ORD02965,PROD0230,3,6077.64,18232.92
6317,ORD02965,PROD0125,3,22153.16,66459.48
6318,ORD02966,PROD0007,3,290642.30,871926.90
6319,ORD02967,PROD0014,3,289145.53,867436.59
6320,ORD02967,PROD0277,3,9657.13,28971.39
6321,ORD02968,PROD0077,1,20510.26,20510.26
6322,ORD02968,PROD0024,2,321716.92,643433.84
6323,ORD02968,PROD0270,3,907.09,2721.27
6324,ORD02969,PROD0156,4,21374.21,85496.84
6325,ORD02969,PROD0126,4,13544.05,54176.20
6326,ORD02969,PROD0060,1,10877.79,10877.79
6327,ORD02970,PROD0224,2,607.93,1215.86
6328,ORD02970,PROD0046,3,5762.47,17287.41
6329,ORD02971,PROD0155,1,17522.15,17522.15
6330,ORD02972,PROD0020,3,293010.61,879031.83
6331,ORD02972,PROD0197,5,113579.08,567895.40
6332,ORD02973,PROD0021,2,34405.68,68811.36
6333,ORD02973,PROD0116,5,20859.43,104297.15
6334,ORD02973,PROD0202,2,12764.12,25528.24
6335,ORD02974,PROD0050,2,26917.21,53834.42
6336,ORD02974,PROD0249,2,774.24,1548.48
6337,ORD02974,PROD0020,3,293010.61,879031.83
6338,ORD02974,PROD0269,1,2989.48,2989.48
6339,ORD02975,PROD0209,4,2728.52,10914.08
6340,ORD02976,PROD0279,4,962.48,3849.92
6341,ORD02977,PROD0057,1,24240.82,24240.82
6342,ORD02977,PROD0225,5,9270.30,46351.50
6343,ORD02978,PROD0060,4,10877.79,43511.16
6344,ORD02978,PROD0204,5,5933.15,29665.75
6345,ORD02979,PROD0056,2,6299.62,12599.24
6346,ORD02980,PROD0198,2,57432.47,114864.94
6347,ORD02980,PROD0079,1,13912.80,13912.80
6348,ORD02980,PROD0190,2,22778.54,45557.08
6349,ORD02980,PROD0225,3,9270.30,27810.90
6350,ORD02981,PROD0182,4,33297.75,133191.00
6351,ORD02981,PROD0256,3,1625.49,4876.47
6352,ORD02981,PROD0159,3,17483.90,52451.70
6353,ORD02982,PROD0119,2,47472.78,94945.56
6354,ORD02983,PROD0089,3,45090.58,135271.74
6355,ORD02983,PROD0196,4,2511.26,10045.04
6356,ORD02983,PROD0043,1,16739.67,16739.67
6357,ORD02983,PROD0136,4,8175.35,32701.40
6358,ORD02984,PROD0257,3,2248.73,6746.19
6359,ORD02984,PROD0074,1,13460.87,13460.87
6360,ORD02984,PROD0213,5,2985.64,14928.20
6361,ORD02984,PROD0147,1,5055.12,5055.12
6362,ORD02984,PROD0189,2,96833.78,193667.56
6363,ORD02985,PROD0070,5,25905.43,129527.15
6364,ORD02985,PROD0011,2,314229.61,628459.22
6365,ORD02985,PROD0097,4,9141.77,36567.08
6366,ORD02986,PROD0244,3,1664.99,4994.97
6367,ORD02986,PROD0214,1,12483.89,12483.89
6368,ORD02986,PROD0002,3,102447.74,307343.22
6369,ORD02986,PROD0249,4,774.24,3096.96
6370,ORD02987,PROD0098,2,54814.26,109628.52
6371,ORD02987,PROD0181,3,63768.87,191306.61
6372,ORD02988,PROD0107,1,97418.23,97418.23
6373,ORD02988,PROD0274,3,7846.95,23540.85
6374,ORD02988,PROD0131,3,21092.44,63277.32
6375,ORD02989,PROD0073,4,6732.32,26929.28
6376,ORD02990,PROD0141,2,11608.58,23217.16
6377,ORD02990,PROD0270,1,907.09,907.09
6378,ORD02991,PROD0095,5,49921.23,249606.15
6379,ORD02992,PROD0065,4,30524.10,122096.40
6380,ORD02992,PROD0230,3,6077.64,18232.92
6381,ORD02992,PROD0229,4,4112.45,16449.80
6382,ORD02992,PROD0220,5,11275.57,56377.85
6383,ORD02993,PROD0276,3,6563.88,19691.64
6384,ORD02993,PROD0229,5,4112.45,20562.25
6385,ORD02993,PROD0235,2,1609.74,3219.48
6386,ORD02994,PROD0251,3,5175.86,15527.58
6387,ORD02995,PROD0134,3,19220.41,57661.23
6388,ORD02995,PROD0003,2,49538.31,99076.62
6389,ORD02996,PROD0106,5,137481.28,687406.40
6390,ORD02996,PROD0055,1,42567.03,42567.03
6391,ORD02996,PROD0248,3,4809.30,14427.90
6392,ORD02996,PROD0231,2,6206.49,12412.98
6393,ORD02997,PROD0050,5,26917.21,134586.05
6394,ORD02998,PROD0062,5,22431.17,112155.85
6395,ORD02998,PROD0114,5,7586.49,37932.45
6396,ORD02999,PROD0142,2,8820.60,17641.20
6397,ORD03000,PROD0044,4,32574.27,130297.08
6398,ORD03000,PROD0012,4,248709.70,994838.80
6399,ORD03001,PROD0090,3,102715.97,308147.91
6400,ORD03001,PROD0074,4,13460.87,53843.48
6401,ORD03002,PROD0075,4,5182.19,20728.76
6402,ORD03003,PROD0272,3,11096.23,33288.69
6403,ORD03004,PROD0010,1,270434.00,270434.00
6404,ORD03004,PROD0203,1,3538.98,3538.98
6405,ORD03004,PROD0070,5,25905.43,129527.15
6406,ORD03004,PROD0269,5,2989.48,14947.40
6407,ORD03005,PROD0192,1,94625.99,94625.99
6408,ORD03006,PROD0084,4,37258.14,149032.56
6409,ORD03006,PROD0059,2,35594.97,71189.94
6410,ORD03006,PROD0149,4,8124.11,32496.44
6411,ORD03006,PROD0022,2,222156.94,444313.88
6412,ORD03007,PROD0100,5,110269.71,551348.55
6413,ORD03007,PROD0006,2,308912.61,617825.22
6414,ORD03008,PROD0091,3,141135.80,423407.40
6415,ORD03009,PROD0274,5,7846.95,39234.75
6416,ORD03009,PROD0272,2,11096.23,22192.46
6417,ORD03010,PROD0079,5,13912.80,69564.00
6418,ORD03010,PROD0107,4,97418.23,389672.92
6419,ORD03010,PROD0089,2,45090.58,90181.16
6420,ORD03010,PROD0070,3,25905.43,77716.29
6421,ORD03011,PROD0152,4,1904.28,7617.12
6422,ORD03012,PROD0160,5,12278.28,61391.40
6423,ORD03012,PROD0185,3,112356.62,337069.86
6424,ORD03013,PROD0139,4,14201.82,56807.28
6425,ORD03014,PROD0009,3,198883.60,596650.80
6426,ORD03015,PROD0256,4,1625.49,6501.96
