order_id,customer_id,seller_id,order_date,delivery_date,order_status,total_amount
ORD00001,CUST0002,SELL055,2023-09-27,,Cancelled,471572.16
ORD00002,CUST0002,SELL026,2024-09-10,2024-09-23,Delivered,5416.29
ORD00003,CUST0003,SELL056,2024-09-07,2024-09-12,Delivered,343428.55
ORD00004,CUST0003,SELL040,2023-12-10,2023-12-14,Delivered,26203.69
ORD00005,CUST0003,SELL001,2023-11-19,,Shipped,6746.19
ORD00006,CUST0004,SELL083,2024-06-28,2024-07-01,Delivered,2257228.05
ORD00007,CUST0004,SELL063,2024-06-15,,Cancelled,1403075.56
ORD00008,CUST0004,SELL047,2024-01-06,,Shipped,802557.78
ORD00009,CUST0004,SELL085,2024-04-28,2024-05-03,Delivered,1260295.96
ORD00010,CUST0004,SELL022,2024-03-25,,Shipped,87246.65
ORD00011,CUST0004,SELL014,2024-12-26,,Processing,334130.92
ORD00012,CUST0004,SELL063,2024-05-25,2024-05-27,Delivered,314953.64
ORD00013,CUST0004,SELL048,2024-12-29,2024-12-31,Delivered,78337.96
ORD00014,CUST0004,SELL028,2024-02-14,2024-02-21,Delivered,580632.46
ORD00015,CUST0004,SELL014,2024-07-16,2024-07-21,Delivered,316660.38
ORD00016,CUST0004,SELL013,2024-08-20,2024-08-27,Delivered,2019.05
ORD00017,CUST0004,SELL001,2024-01-10,2024-01-15,Delivered,18690.33
ORD00018,CUST0005,SELL041,2024-04-18,2024-04-21,Delivered,
ORD00019,CUST0005,SELL052,2023-10-30,2023-11-05,Delivered,1154125.19
ORD00020,CUST0006,SELL085,2024-04-22,,Cancelled,22136.37
ORD00021,CUST0006,SELL042,2024-12-31,,Processing,145236.92
ORD00022,CUST0006,SELL061,2024-12-15,,Shipped,663220.45
ORD00023,CUST0006,SELL071,2024-10-22,,Returned,117343.55
ORD00024,CUST0008,SELL050,2023-09-23,2023-09-26,Delivered,202012.48
ORD00025,CUST0008,SELL029,2024-10-20,,Returned,1540352.66
ORD00026,CUST0008,SELL076,2023-11-05,2023-11-11,Delivered,641461.84
ORD00027,CUST0008,SELL041,2024-11-15,2024-11-19,Delivered,63031.03
ORD00028,CUST0009,SELL019,2023-10-10,2023-10-14,Delivered,387229.75
ORD00029,CUST0010,SELL028,2024-09-08,2024-09-15,Delivered,610496.92
ORD00030,CUST0010,SELL029,2024-11-29,,Shipped,537014.62
ORD00031,CUST0011,SELL051,2024-11-27,,Shipped,5969.13
ORD00032,CUST0012,SELL042,2024-10-08,2024-10-12,Delivered,742823.21
ORD00033,CUST0012,SELL084,2024-06-27,2024-07-02,Delivered,87218.76
ORD00034,CUST0012,SELL008,2024-11-10,,Processing,20188.50
ORD00035,CUST0012,SELL076,2024-09-29,,Returned,52581.72
ORD00036,CUST0013,SELL084,2024-12-01,,Shipped,37673.59
ORD00037,CUST0014,SELL074,2024-11-11,2024-11-16,Delivered,418860.68
ORD00038,CUST0014,SELL090,2024-11-18,2024-11-25,Delivered,50969.15
ORD00039,CUST0014,SELL084,2024-11-30,,Cancelled,97418.23
ORD00040,CUST0014,SELL041,2024-08-19,2024-08-23,Delivered,181459.05
ORD00041,CUST0015,SELL065,2023-11-10,,Shipped,1924.96
ORD00042,CUST0015,SELL067,2023-09-28,2023-09-29,Delivered,386969.63
ORD00043,CUST0015,SELL027,2024-08-03,,Cancelled,308996.77
ORD00044,CUST0016,SELL028,2023-10-22,,Cancelled,211025.84
ORD00045,CUST0017,SELL033,2023-07-07,2023-07-08,Delivered,37115.57
ORD00046,CUST0017,SELL025,2024-10-30,,Returned,131662.12
ORD00047,CUST0018,SELL088,2023-12-24,2023-12-27,Delivered,397308.38
ORD00048,CUST0020,SELL049,2023-11-03,2023-11-08,Delivered,620263.73
ORD00049,CUST0021,SELL024,2023-12-08,2023-12-16,Delivered,8921.75
ORD00050,CUST0021,SELL034,2024-05-13,,Cancelled,16398.46
ORD00051,CUST0021,SELL007,2024-06-28,,Returned,160005.84
ORD00052,CUST0021,SELL030,2024-04-18,,Cancelled,47284.02
ORD00053,CUST0021,SELL010,2023-10-28,,Returned,1548248.63
ORD00054,CUST0021,SELL055,2023-09-17,,Shipped,130620.52
ORD00055,CUST0021,SELL052,2024-06-10,,Returned,54814.26
ORD00056,CUST0021,SELL088,2024-09-29,2024-10-09,Delivered,55822.24
ORD00057,CUST0022,SELL022,2024-10-15,2024-10-19,Delivered,44075.43
ORD00058,CUST0023,SELL038,2024-11-25,,Processing,72814.92
ORD00059,CUST0023,SELL083,2024-10-05,2024-10-11,Delivered,
ORD00060,CUST0023,SELL014,2024-09-07,2024-09-14,Delivered,719457.16
ORD00061,CUST0024,SELL020,2024-04-05,,Cancelled,128676.99
ORD00062,CUST0024,SELL069,2024-07-24,2024-07-28,Delivered,841181.08
ORD00063,CUST0026,SELL005,2024-09-18,,Returned,180084.64
ORD00064,CUST0028,SELL017,2024-10-26,,Processing,
ORD00065,CUST0028,SELL003,2024-09-02,2024-09-05,Delivered,568676.24
ORD00066,CUST0029,SELL002,2024-10-15,,Shipped,55153.50
ORD00067,CUST0029,SELL024,2024-05-27,,Returned,106784.91
ORD00068,CUST0029,SELL014,2024-10-15,2024-10-21,Delivered,59207.10
ORD00069,CUST0029,SELL019,2024-07-28,,Shipped,105355.32
ORD00070,CUST0029,SELL062,2024-07-06,2024-07-10,Delivered,14849.13
ORD00071,CUST0029,SELL054,2024-07-31,,Shipped,661180.78
ORD00072,CUST0030,SELL013,2023-12-22,2023-12-27,Delivered,28219.20
ORD00073,CUST0030,SELL017,2023-03-18,,Returned,87090.70
ORD00074,CUST0030,SELL050,2024-12-29,2025-01-03,Delivered,85134.06
ORD00075,CUST0030,SELL084,2023-04-16,,Cancelled,317998.91
ORD00076,CUST0030,SELL020,2023-09-27,,Cancelled,523152.84
ORD00077,CUST0031,SELL058,2024-09-01,,Shipped,9252.98
ORD00078,CUST0031,SELL022,2024-10-11,,Processing,52248.32
ORD00079,CUST0031,SELL051,2024-07-23,,Returned,18182.81
ORD00080,CUST0031,SELL052,2024-10-26,,Processing,237323.74
ORD00081,CUST0031,SELL066,2024-06-07,,Shipped,56202.28
ORD00082,CUST0031,SELL069,2024-07-05,2024-07-06,Delivered,68811.36
ORD00083,CUST0031,SELL007,2024-07-09,2024-07-16,Delivered,221349.29
ORD00084,CUST0031,SELL071,2024-09-07,2024-09-13,Delivered,156675.92
ORD00085,CUST0031,SELL002,2024-06-19,,Returned,1143598.64
ORD00086,CUST0031,SELL089,2024-12-21,,Cancelled,119953.35
ORD00087,CUST0032,SELL051,2023-12-24,,Cancelled,189891.12
ORD00088,CUST0032,SELL024,2023-10-28,2023-11-01,Delivered,317920.43
ORD00089,CUST0033,SELL055,2024-02-07,2024-02-11,Delivered,11561.20
ORD00090,CUST0033,SELL049,2023-08-11,,Cancelled,24240.82
ORD00091,CUST0033,SELL035,2023-09-12,2023-09-16,Delivered,290642.30
ORD00092,CUST0034,SELL073,2023-06-12,2023-06-16,Delivered,172118.10
ORD00093,CUST0034,SELL014,2023-07-21,2023-07-22,Delivered,150879.51
ORD00094,CUST0034,SELL037,2024-04-14,2024-04-20,Delivered,113579.08
ORD00095,CUST0034,SELL046,2023-11-01,2023-11-04,Delivered,105588.96
ORD00096,CUST0034,SELL078,2023-06-11,,Shipped,56377.85
ORD00097,CUST0034,SELL088,2024-05-25,2024-05-31,Delivered,15165.36
ORD00098,CUST0035,SELL010,2024-06-30,,Shipped,176298.80
ORD00099,CUST0035,SELL015,2024-08-25,,Processing,28718.29
ORD00100,CUST0036,SELL089,2024-11-21,2024-11-25,Delivered,1216584.61
ORD00101,CUST0036,SELL054,2024-11-25,2024-12-01,Delivered,
ORD00102,CUST0037,SELL008,2024-08-24,,Shipped,551588.14
ORD00103,CUST0037,SELL049,2024-08-25,2024-08-29,Delivered,541867.09
ORD00104,CUST0037,SELL019,2024-08-30,2024-09-06,Delivered,47715.49
ORD00105,CUST0039,SELL039,2024-12-21,,Returned,57689.70
ORD00106,CUST0039,SELL023,2024-10-19,,Cancelled,1249806.36
ORD00107,CUST0040,SELL055,2024-10-28,2024-11-02,Delivered,163173.87
ORD00108,CUST0040,SELL010,2024-12-26,,Cancelled,
ORD00109,CUST0040,SELL014,2024-08-10,2024-08-13,Delivered,95695.43
ORD00110,CUST0040,SELL040,2023-09-20,2023-09-22,Delivered,
ORD00111,CUST0040,SELL062,2023-07-18,,Cancelled,
ORD00112,CUST0040,SELL051,2024-06-02,,Processing,29969.43
ORD00113,CUST0040,SELL065,2024-07-24,,Shipped,20510.26
ORD00114,CUST0040,SELL088,2023-07-11,2023-07-15,Delivered,116631.80
ORD00115,CUST0041,SELL044,2024-10-26,,Returned,461449.71
ORD00116,CUST0041,SELL088,2023-03-23,,Shipped,487091.15
ORD00117,CUST0041,SELL064,2024-09-13,,Returned,243036.98
ORD00118,CUST0041,SELL041,2023-05-11,2023-05-21,Delivered,3808.56
ORD00119,CUST0041,SELL059,2024-02-07,2024-02-12,Delivered,30282.75
ORD00120,CUST0041,SELL073,2023-07-04,,Shipped,135324.64
ORD00121,CUST0041,SELL080,2023-06-23,2023-07-04,Delivered,361871.41
ORD00122,CUST0043,SELL010,2023-07-08,,Cancelled,7201.43
ORD00123,CUST0044,SELL014,2024-03-23,2024-03-29,Delivered,286796.28
ORD00124,CUST0044,SELL005,2024-09-27,2024-10-01,Delivered,17894.71
ORD00125,CUST0044,SELL047,2024-08-09,2024-08-16,Delivered,1308986.59
ORD00126,CUST0044,SELL052,2024-03-10,2024-03-13,Delivered,17879.04
ORD00127,CUST0045,SELL055,2023-10-09,,Shipped,21681.00
ORD00128,CUST0046,SELL090,2024-12-13,,Processing,1690544.05
ORD00129,CUST0046,SELL042,2024-10-18,,Cancelled,522823.22
ORD00130,CUST0046,SELL053,2024-06-06,2024-06-12,Delivered,409790.96
ORD00131,CUST0046,SELL013,2024-11-15,2024-11-20,Delivered,36567.08
ORD00132,CUST0047,SELL087,2024-03-22,2024-03-28,Delivered,387334.01
ORD00133,CUST0047,SELL090,2024-11-18,,Processing,52128.03
ORD00134,CUST0048,SELL059,2024-09-27,,Shipped,854711.56
ORD00135,CUST0048,SELL082,2024-12-10,,Returned,33329.69
ORD00136,CUST0048,SELL014,2024-12-05,2024-12-09,Delivered,121358.37
ORD00137,CUST0048,SELL028,2024-10-20,,Processing,53108.20
ORD00138,CUST0049,SELL060,2024-07-18,2024-07-25,Delivered,90240.52
ORD00139,CUST0049,SELL054,2024-12-02,2024-12-09,Delivered,61679.19
ORD00140,CUST0050,SELL043,2024-11-18,,Cancelled,26243.02
ORD00141,CUST0050,SELL007,2024-09-15,,Returned,255306.98
ORD00142,CUST0050,SELL017,2023-12-25,,Returned,93322.82
ORD00143,CUST0051,SELL076,2024-01-30,,Returned,962.48
ORD00144,CUST0052,SELL029,2024-08-05,2024-08-18,Delivered,20387.66
ORD00145,CUST0052,SELL085,2024-08-26,,Processing,33479.34
ORD00146,CUST0052,SELL016,2023-11-18,2023-11-30,Delivered,67971.18
ORD00147,CUST0053,SELL027,2024-06-28,,Shipped,8223.52
ORD00148,CUST0053,SELL049,2023-09-10,2023-09-14,Delivered,424510.83
ORD00149,CUST0054,SELL077,2024-02-23,2024-02-28,Delivered,165983.83
ORD00150,CUST0055,SELL015,2023-08-20,2023-08-23,Delivered,923063.39
ORD00151,CUST0055,SELL084,2024-03-07,,Returned,39297.48
ORD00152,CUST0058,SELL014,2024-11-23,2024-11-27,Delivered,381529.84
ORD00153,CUST0058,SELL041,2024-09-22,,Returned,283536.01
ORD00154,CUST0058,SELL066,2023-12-24,2023-12-25,Delivered,44137.50
ORD00155,CUST0058,SELL015,2024-08-19,2024-08-20,Delivered,407731.20
ORD00156,CUST0058,SELL048,2023-12-29,2024-01-01,Delivered,28748.14
ORD00157,CUST0058,SELL042,2024-03-10,2024-03-17,Delivered,1837779.82
ORD00158,CUST0059,SELL083,2023-08-28,,Cancelled,60106.93
ORD00159,CUST0059,SELL054,2024-11-04,2024-11-11,Delivered,8939.52
ORD00160,CUST0059,SELL037,2024-02-10,,Cancelled,198153.24
ORD00161,CUST0059,SELL068,2024-07-29,2024-08-09,Delivered,198883.60
ORD00162,CUST0059,SELL036,2024-08-11,,Returned,350739.52
ORD00163,CUST0060,SELL059,2024-06-30,2024-07-06,Delivered,
ORD00164,CUST0060,SELL089,2024-07-14,,Shipped,
ORD00165,CUST0061,SELL010,2024-07-19,2024-07-22,Delivered,72273.39
ORD00166,CUST0061,SELL041,2024-12-04,2024-12-06,Delivered,241237.25
ORD00167,CUST0061,SELL062,2024-09-28,,Processing,24526.05
ORD00168,CUST0061,SELL027,2024-09-08,,Returned,229974.35
ORD00169,CUST0061,SELL027,2024-08-25,2024-08-28,Delivered,74101.71
ORD00170,CUST0061,SELL050,2024-08-10,2024-08-13,Delivered,
ORD00171,CUST0061,SELL031,2024-08-04,,Returned,14077.14
ORD00172,CUST0062,SELL011,2024-04-19,2024-04-24,Delivered,140456.88
ORD00173,CUST0062,SELL048,2024-05-24,2024-05-27,Delivered,10045.04
ORD00174,CUST0062,SELL068,2024-03-05,,Cancelled,3210.59
ORD00175,CUST0062,SELL074,2024-03-27,2024-03-28,Delivered,1362565.60
ORD00176,CUST0063,SELL029,2024-03-11,2024-03-12,Delivered,463018.78
ORD00177,CUST0063,SELL013,2023-11-12,,Returned,
ORD00178,CUST0063,SELL022,2023-07-15,2023-07-16,Delivered,12927.06
ORD00179,CUST0063,SELL034,2024-04-04,2024-04-06,Delivered,
ORD00180,CUST0063,SELL038,2023-02-08,,Cancelled,59973.83
ORD00181,CUST0063,SELL070,2024-04-29,2024-05-02,Delivered,
ORD00182,CUST0064,SELL085,2024-08-23,,Shipped,91816.72
ORD00183,CUST0064,SELL090,2024-11-15,2024-11-20,Delivered,1118704.60
ORD00184,CUST0065,SELL036,2024-12-18,2024-12-22,Delivered,1110784.70
ORD00185,CUST0066,SELL073,2024-10-24,,Processing,673130.69
ORD00186,CUST0066,SELL038,2024-10-07,2024-10-10,Delivered,68811.36
ORD00187,CUST0066,SELL056,2024-09-05,2024-09-07,Delivered,279610.57
ORD00188,CUST0067,SELL072,2024-12-30,,Shipped,47284.02
ORD00189,CUST0067,SELL011,2024-09-02,,Cancelled,1030921.60
ORD00190,CUST0067,SELL013,2024-12-16,2024-12-20,Delivered,205354.87
ORD00191,CUST0068,SELL060,2023-10-30,2023-11-05,Delivered,11170.68
ORD00192,CUST0069,SELL055,2024-12-14,2024-12-17,Delivered,51341.16
ORD00193,CUST0069,SELL039,2024-11-07,,Cancelled,695585.15
ORD00194,CUST0069,SELL086,2024-12-23,2024-12-27,Delivered,1633.04
ORD00195,CUST0069,SELL084,2024-11-16,,Processing,80751.63
ORD00196,CUST0069,SELL075,2024-12-24,2024-12-30,Delivered,1906549.00
ORD00197,CUST0071,SELL001,2023-10-04,2023-10-07,Delivered,1106566.77
ORD00198,CUST0071,SELL004,2024-01-07,2024-01-11,Delivered,637741.33
ORD00199,CUST0071,SELL070,2023-12-25,,Processing,46351.50
ORD00200,CUST0071,SELL085,2023-05-21,2023-05-28,Delivered,15864.45
ORD00201,CUST0071,SELL076,2024-02-19,,Returned,57410.72
ORD00202,CUST0071,SELL016,2023-09-27,2023-10-01,Delivered,415783.66
ORD00203,CUST0071,SELL060,2024-04-26,,Shipped,587515.04
ORD00204,CUST0071,SELL023,2024-06-01,,Cancelled,476355.70
ORD00205,CUST0072,SELL049,2024-08-09,2024-08-18,Delivered,184222.10
ORD00206,CUST0073,SELL014,2024-12-07,2024-12-13,Delivered,207195.58
ORD00207,CUST0073,SELL054,2024-12-25,,Shipped,1839733.68
ORD00208,CUST0075,SELL074,2024-10-26,2024-11-01,Delivered,463513.16
ORD00209,CUST0076,SELL025,2024-12-05,,Cancelled,337113.25
ORD00210,CUST0076,SELL053,2024-12-25,2025-01-01,Delivered,1046114.96
ORD00211,CUST0076,SELL065,2024-10-04,,Processing,9870.56
ORD00212,CUST0076,SELL017,2024-12-20,2024-12-21,Delivered,97186.64
ORD00213,CUST0076,SELL038,2024-07-07,,Processing,1098722.46
ORD00214,CUST0076,SELL052,2024-10-14,,Cancelled,135390.93
ORD00215,CUST0077,SELL043,2024-09-27,2024-10-03,Delivered,1067633.73
ORD00216,CUST0077,SELL054,2024-04-25,2024-04-29,Delivered,104715.98
ORD00217,CUST0077,SELL084,2024-12-17,,Cancelled,
ORD00218,CUST0080,SELL049,2024-09-16,,Cancelled,292099.16
ORD00219,CUST0080,SELL071,2024-08-21,,Returned,9270.30
ORD00220,CUST0080,SELL056,2024-08-05,2024-08-08,Delivered,1821077.11
ORD00221,CUST0080,SELL008,2024-12-12,,Returned,122096.40
ORD00222,CUST0080,SELL032,2024-07-31,,Cancelled,318265.38
ORD00223,CUST0081,SELL047,2024-03-02,2024-03-05,Delivered,81177.59
ORD00224,CUST0081,SELL080,2024-06-08,,Returned,840715.87
ORD00225,CUST0081,SELL019,2024-02-26,2024-03-03,Delivered,68706.68
ORD00226,CUST0081,SELL005,2024-01-08,2024-01-15,Delivered,340737.24
ORD00227,CUST0081,SELL050,2024-04-01,,Processing,123624.12
ORD00228,CUST0081,SELL085,2024-10-13,2024-10-14,Delivered,19060.11
ORD00229,CUST0081,SELL034,2024-12-01,,Shipped,1313680.59
ORD00230,CUST0081,SELL071,2024-11-30,2024-12-01,Delivered,18140.90
ORD00231,CUST0082,SELL060,2024-09-18,2024-09-22,Delivered,299658.88
ORD00232,CUST0082,SELL005,2024-05-27,2024-05-31,Delivered,114557.57
ORD00233,CUST0082,SELL057,2024-05-11,,Processing,114669.90
ORD00234,CUST0083,SELL036,2024-10-15,2024-10-16,Delivered,869814.44
ORD00235,CUST0083,SELL084,2024-08-09,,Processing,35594.97
ORD00236,CUST0083,SELL006,2024-10-23,,Cancelled,1007027.79
ORD00237,CUST0083,SELL077,2024-11-18,,Returned,6299.62
ORD00238,CUST0083,SELL074,2024-07-22,2024-07-25,Delivered,2985.64
ORD00239,CUST0083,SELL047,2024-08-08,2024-08-13,Delivered,8185.56
ORD00240,CUST0084,SELL076,2024-09-24,2024-09-26,Delivered,210685.32
ORD00241,CUST0084,SELL045,2024-10-30,,Processing,336109.81
ORD00242,CUST0084,SELL069,2024-11-09,,Returned,164002.60
ORD00243,CUST0084,SELL043,2024-11-16,2024-11-18,Delivered,34836.28
ORD00244,CUST0086,SELL053,2024-11-21,,Shipped,318844.35
ORD00245,CUST0087,SELL030,2024-01-12,2024-01-21,Delivered,87303.72
ORD00246,CUST0088,SELL053,2024-02-09,2024-02-10,Delivered,
ORD00247,CUST0088,SELL071,2023-06-28,2023-07-05,Delivered,125704.93
ORD00248,CUST0088,SELL068,2023-07-10,,Cancelled,216361.45
ORD00249,CUST0088,SELL079,2024-02-04,,Cancelled,321716.92
ORD00250,CUST0089,SELL056,2024-10-25,,Returned,
ORD00251,CUST0089,SELL066,2024-11-17,,Shipped,199058.95
ORD00252,CUST0090,SELL076,2024-10-26,2024-11-01,Delivered,53834.42
ORD00253,CUST0090,SELL068,2024-12-29,,Cancelled,64767.87
ORD00254,CUST0090,SELL027,2024-05-28,2024-06-03,Delivered,90661.69
ORD00255,CUST0091,SELL037,2024-01-21,,Shipped,250605.03
ORD00256,CUST0091,SELL006,2023-10-13,,Cancelled,395202.86
ORD00257,CUST0092,SELL016,2024-10-08,,Shipped,17150.33
ORD00258,CUST0093,SELL029,2024-02-26,,Processing,653256.02
ORD00259,CUST0093,SELL041,2024-09-29,2024-10-05,Delivered,1008375.05
ORD00260,CUST0093,SELL029,2024-01-01,2024-01-05,Delivered,21046.98
ORD00261,CUST0093,SELL012,2024-01-20,2024-01-26,Delivered,1033526.75
ORD00262,CUST0093,SELL031,2024-03-10,,Returned,42907.29
ORD00263,CUST0094,SELL070,2024-07-08,,Cancelled,464035.78
ORD00264,CUST0094,SELL015,2024-02-11,,Returned,6702.72
ORD00265,CUST0095,SELL063,2024-12-27,,Processing,718503.54
ORD00266,CUST0096,SELL053,2024-09-06,2024-09-14,Delivered,39485.36
ORD00267,CUST0096,SELL044,2024-08-09,2024-08-15,Delivered,1337468.88
ORD00268,CUST0096,SELL015,2024-12-24,2025-01-06,Delivered,1040455.46
ORD00269,CUST0096,SELL067,2024-04-26,,Returned,20387.66
ORD00270,CUST0097,SELL048,2024-12-06,2024-12-10,Delivered,13380.15
ORD00271,CUST0097,SELL068,2024-11-24,,Processing,23732.60
ORD00272,CUST0099,SELL049,2023-12-14,2023-12-17,Delivered,57378.28
ORD00273,CUST0099,SELL078,2024-06-03,2024-06-13,Delivered,688797.69
ORD00274,CUST0099,SELL049,2023-07-16,2023-07-25,Delivered,21686.24
ORD00275,CUST0099,SELL065,2024-08-11,2024-08-21,Delivered,795534.40
ORD00276,CUST0100,SELL004,2024-06-19,2024-06-24,Delivered,189891.12
ORD00277,CUST0100,SELL081,2024-11-03,2024-11-05,Delivered,565928.04
ORD00278,CUST0100,SELL064,2024-12-03,2024-12-10,Delivered,36834.84
ORD00279,CUST0100,SELL053,2024-11-15,,Cancelled,459256.77
ORD00280,CUST0100,SELL011,2024-10-12,,Processing,186735.09
ORD00281,CUST0100,SELL064,2024-06-21,2024-06-25,Delivered,11957.92
ORD00282,CUST0100,SELL016,2024-09-07,2024-09-10,Delivered,163963.66
ORD00283,CUST0101,SELL027,2024-02-21,,Cancelled,188490.04
ORD00284,CUST0101,SELL061,2023-09-15,2023-09-21,Delivered,24967.78
ORD00285,CUST0101,SELL026,2023-05-05,2023-05-07,Delivered,21301.38
ORD00286,CUST0101,SELL072,2023-10-07,2023-10-13,Delivered,1482049.93
ORD00287,CUST0102,SELL085,2024-09-22,,Cancelled,13912.80
ORD00288,CUST0102,SELL017,2023-11-22,,Cancelled,766746.28
ORD00289,CUST0102,SELL019,2023-10-05,2023-10-09,Delivered,838831.71
ORD00290,CUST0102,SELL057,2023-07-16,,Cancelled,517397.50
ORD00291,CUST0102,SELL061,2024-04-03,2024-04-11,Delivered,8834.25
ORD00292,CUST0102,SELL082,2023-10-03,,Shipped,65538.61
ORD00293,CUST0102,SELL060,2024-02-17,2024-02-24,Delivered,511280.86
ORD00294,CUST0102,SELL068,2023-03-08,2023-03-15,Delivered,52451.70
ORD00295,CUST0102,SELL002,2023-11-12,,Cancelled,528192.72
ORD00296,CUST0102,SELL074,2023-11-12,2023-11-14,Delivered,95114.76
ORD00297,CUST0105,SELL008,2023-07-21,2023-07-25,Delivered,375751.75
ORD00298,CUST0105,SELL041,2023-05-15,2023-05-28,Delivered,392099.74
ORD00299,CUST0105,SELL011,2023-09-26,,Returned,829768.29
ORD00300,CUST0105,SELL001,2024-06-20,2024-07-04,Delivered,60582.65
ORD00301,CUST0106,SELL024,2024-06-01,2024-06-05,Delivered,1006562.43
ORD00302,CUST0107,SELL017,2024-10-07,2024-10-12,Delivered,72273.39
ORD00303,CUST0107,SELL035,2024-10-16,2024-10-21,Delivered,541298.27
ORD00304,CUST0107,SELL081,2024-11-27,,Cancelled,
ORD00305,CUST0107,SELL027,2024-12-04,2024-12-10,Delivered,23962.00
ORD00306,CUST0107,SELL027,2024-09-17,,Cancelled,23581.39
ORD00307,CUST0107,SELL076,2024-09-29,2024-10-08,Delivered,124012.95
ORD00308,CUST0107,SELL002,2024-09-19,,Returned,4994.97
ORD00309,CUST0107,SELL040,2024-09-29,,Shipped,15371.06
ORD00310,CUST0108,SELL056,2024-09-02,,Cancelled,144597.19
ORD00311,CUST0108,SELL030,2023-02-14,,Shipped,56529.82
ORD00312,CUST0108,SELL077,2024-06-11,2024-06-17,Delivered,517459.78
ORD00313,CUST0110,SELL024,2024-09-22,2024-09-23,Delivered,649434.60
ORD00314,CUST0111,SELL013,2024-11-11,2024-11-14,Delivered,331970.24
ORD00315,CUST0111,SELL050,2024-12-29,,Shipped,156675.92
ORD00316,CUST0111,SELL055,2024-12-24,,Returned,1088264.77
ORD00317,CUST0111,SELL023,2024-11-12,2024-11-17,Delivered,1015340.04
ORD00318,CUST0111,SELL018,2024-11-15,,Returned,1110682.05
ORD00319,CUST0113,SELL062,2024-11-26,,Returned,6970.88
ORD00320,CUST0114,SELL045,2024-07-29,,Processing,41523.39
ORD00321,CUST0114,SELL002,2024-06-17,,Returned,26705.28
ORD00322,CUST0114,SELL058,2024-02-01,,Cancelled,337557.54
ORD00323,CUST0114,SELL050,2024-07-08,,Cancelled,409347.26
ORD00324,CUST0114,SELL037,2024-07-23,2024-07-27,Delivered,20703.44
ORD00325,CUST0114,SELL044,2024-11-19,2024-11-23,Delivered,1024046.49
ORD00326,CUST0115,SELL077,2024-01-29,,Returned,1697623.25
ORD00327,CUST0115,SELL017,2023-10-12,,Cancelled,136758.96
ORD00328,CUST0116,SELL006,2024-10-01,,Cancelled,44052.51
ORD00329,CUST0116,SELL044,2023-07-26,2023-07-29,Delivered,1056588.38
ORD00330,CUST0116,SELL079,2024-11-18,2024-11-24,Delivered,237701.88
ORD00331,CUST0116,SELL036,2024-07-04,2024-07-08,Delivered,
ORD00332,CUST0116,SELL085,2023-05-03,,Processing,8076.20
ORD00333,CUST0116,SELL003,2024-03-04,2024-03-09,Delivered,1038583.27
ORD00334,CUST0117,SELL002,2024-11-16,,Shipped,20108.16
ORD00335,CUST0117,SELL087,2024-11-28,2024-12-02,Delivered,11561.20
ORD00336,CUST0117,SELL072,2024-04-27,,Returned,499346.99
ORD00337,CUST0118,SELL037,2024-09-04,2024-09-07,Delivered,118777.43
ORD00338,CUST0119,SELL015,2023-11-08,2023-11-10,Delivered,835660.76
ORD00339,CUST0119,SELL036,2024-04-21,,Shipped,17418.14
ORD00340,CUST0119,SELL041,2024-08-09,,Processing,47474.30
ORD00341,CUST0119,SELL021,2024-11-15,,Shipped,
ORD00342,CUST0119,SELL054,2024-07-13,,Returned,456035.22
ORD00343,CUST0119,SELL053,2024-07-22,,Cancelled,173734.16
ORD00344,CUST0120,SELL021,2024-10-13,,Processing,249821.66
ORD00345,CUST0120,SELL059,2024-09-01,2024-09-10,Delivered,12341.62
ORD00346,CUST0120,SELL078,2024-12-31,,Returned,75091.84
ORD00347,CUST0121,SELL034,2024-05-19,2024-05-28,Delivered,1135166.90
ORD00348,CUST0122,SELL081,2024-04-13,2024-04-24,Delivered,80565.33
ORD00349,CUST0122,SELL015,2024-08-01,,Processing,564062.64
ORD00350,CUST0122,SELL059,2024-09-02,,Returned,259667.35
ORD00351,CUST0122,SELL019,2024-08-09,2024-08-14,Delivered,905369.04
ORD00352,CUST0123,SELL040,2023-11-14,,Cancelled,62889.22
ORD00353,CUST0123,SELL004,2024-03-08,2024-03-13,Delivered,1747386.06
ORD00354,CUST0123,SELL076,2024-02-17,,Returned,681549.77
ORD00355,CUST0123,SELL009,2023-09-01,,Returned,34967.80
ORD00356,CUST0123,SELL016,2024-09-26,,Returned,112340.05
ORD00357,CUST0123,SELL068,2024-10-28,,Returned,
ORD00358,CUST0123,SELL011,2024-10-31,,Returned,534672.17
ORD00359,CUST0123,SELL012,2024-01-08,,Cancelled,785948.40
ORD00360,CUST0123,SELL069,2024-06-17,2024-06-20,Delivered,579273.29
ORD00361,CUST0123,SELL039,2024-06-21,2024-06-30,Delivered,81869.66
ORD00362,CUST0124,SELL077,2024-11-23,,Processing,423407.40
ORD00363,CUST0124,SELL069,2024-12-18,2024-12-25,Delivered,58042.90
ORD00364,CUST0124,SELL024,2024-11-14,,Shipped,61242.36
ORD00365,CUST0124,SELL013,2024-12-04,,Returned,299455.34
ORD00366,CUST0124,SELL014,2024-12-26,,Cancelled,393687.16
ORD00367,CUST0126,SELL061,2024-03-31,2024-04-10,Delivered,71357.08
ORD00368,CUST0126,SELL043,2024-06-14,2024-06-20,Delivered,
ORD00369,CUST0126,SELL046,2024-08-04,2024-08-12,Delivered,135890.25
ORD00370,CUST0127,SELL004,2024-05-12,,Processing,7533.78
ORD00371,CUST0127,SELL057,2024-04-02,,Cancelled,1912003.69
ORD00372,CUST0127,SELL063,2024-11-15,2024-11-21,Delivered,9954.82
ORD00373,CUST0127,SELL057,2024-05-03,,Cancelled,350606.06
ORD00374,CUST0127,SELL042,2024-09-26,2024-09-28,Delivered,68757.46
ORD00375,CUST0128,SELL047,2024-07-21,,Shipped,329209.29
ORD00376,CUST0128,SELL018,2024-06-23,2024-06-25,Delivered,33000.44
ORD00377,CUST0128,SELL008,2024-03-07,,Processing,1081019.63
ORD00378,CUST0128,SELL073,2024-03-17,,Returned,73459.05
ORD00379,CUST0128,SELL060,2024-03-27,,Cancelled,484043.70
ORD00380,CUST0128,SELL010,2024-04-29,,Returned,442560.44
ORD00381,CUST0128,SELL052,2024-09-20,,Shipped,69007.99
ORD00382,CUST0128,SELL075,2024-06-23,,Processing,403673.98
ORD00383,CUST0129,SELL019,2024-12-26,2025-01-02,Delivered,8999.40
ORD00384,CUST0129,SELL009,2024-11-28,,Cancelled,5344.42
ORD00385,CUST0129,SELL030,2024-11-30,2024-12-03,Delivered,1340872.79
ORD00386,CUST0129,SELL057,2024-12-03,2024-12-07,Delivered,549925.12
ORD00387,CUST0130,SELL016,2024-12-10,,Returned,121332.02
ORD00388,CUST0130,SELL041,2024-11-11,,Returned,623198.53
ORD00389,CUST0130,SELL054,2024-11-24,2024-12-03,Delivered,170398.32
ORD00390,CUST0130,SELL011,2024-12-19,2025-01-02,Delivered,46462.10
ORD00391,CUST0130,SELL023,2024-10-02,2024-10-08,Delivered,73400.14
ORD00392,CUST0130,SELL027,2024-10-04,,Cancelled,746118.36
ORD00393,CUST0130,SELL021,2024-12-21,2024-12-25,Delivered,487075.95
ORD00394,CUST0131,SELL043,2024-09-20,2024-09-22,Delivered,1174.07
ORD00395,CUST0131,SELL077,2024-06-02,2024-06-10,Delivered,392693.70
ORD00396,CUST0131,SELL060,2024-01-03,,Shipped,783030.12
ORD00397,CUST0131,SELL013,2024-09-16,,Returned,382011.32
ORD00398,CUST0131,SELL013,2024-03-01,,Returned,189369.24
ORD00399,CUST0131,SELL086,2024-11-04,,Shipped,29538.45
ORD00400,CUST0132,SELL026,2024-10-11,,Returned,1371310.40
ORD00401,CUST0132,SELL074,2024-12-12,,Processing,148528.57
ORD00402,CUST0132,SELL066,2024-09-14,,Returned,1243150.89
ORD00403,CUST0133,SELL055,2024-04-02,,Processing,62010.68
ORD00404,CUST0133,SELL038,2024-05-01,,Cancelled,263054.64
ORD00405,CUST0133,SELL065,2024-04-12,,Shipped,6345.78
ORD00406,CUST0134,SELL068,2024-09-09,,Returned,101683.63
ORD00407,CUST0134,SELL068,2023-12-26,,Returned,54346.36
ORD00408,CUST0134,SELL020,2024-11-12,,Cancelled,
ORD00409,CUST0134,SELL054,2024-01-29,2024-02-09,Delivered,208766.75
ORD00410,CUST0135,SELL008,2024-12-13,,Shipped,134871.38
ORD00411,CUST0135,SELL032,2024-08-31,,Cancelled,624620.28
ORD00412,CUST0135,SELL087,2024-04-30,2024-05-04,Delivered,100026.32
ORD00413,CUST0135,SELL030,2024-11-07,2024-11-16,Delivered,227426.90
ORD00414,CUST0135,SELL006,2024-08-05,,Shipped,21092.44
ORD00415,CUST0137,SELL029,2024-11-23,,Processing,81197.50
ORD00416,CUST0137,SELL036,2024-11-06,2024-11-09,Delivered,73579.33
ORD00417,CUST0137,SELL063,2024-08-16,,Returned,19648.74
ORD00418,CUST0137,SELL063,2024-08-17,,Shipped,40227.54
ORD00419,CUST0138,SELL016,2023-04-14,,Cancelled,687984.41
ORD00420,CUST0138,SELL004,2024-03-21,,Returned,8480.78
ORD00421,CUST0138,SELL004,2023-10-30,,Shipped,407586.12
ORD00422,CUST0138,SELL082,2024-04-17,,Returned,321697.94
ORD00423,CUST0138,SELL045,2024-10-28,2024-11-05,Delivered,168960.56
ORD00424,CUST0139,SELL013,2023-12-18,,Processing,121442.45
ORD00425,CUST0139,SELL047,2024-01-08,,Processing,1211000.62
ORD00426,CUST0139,SELL072,2024-11-15,,Cancelled,269401.53
ORD00427,CUST0139,SELL019,2024-12-07,2024-12-13,Delivered,142692.85
ORD00428,CUST0139,SELL011,2023-11-24,,Cancelled,83437.72
ORD00429,CUST0139,SELL036,2023-07-05,,Returned,4554.48
ORD00430,CUST0139,SELL019,2024-11-21,,Processing,22153.16
ORD00431,CUST0139,SELL073,2024-04-21,2024-05-01,Delivered,899321.45
ORD00432,CUST0139,SELL047,2024-02-28,,Returned,102365.44
ORD00433,CUST0139,SELL069,2023-06-14,2023-06-19,Delivered,132923.54
ORD00434,CUST0140,SELL083,2024-05-01,,Returned,1687415.50
ORD00435,CUST0140,SELL072,2023-06-02,,Cancelled,
ORD00436,CUST0140,SELL004,2024-02-17,,Cancelled,215813.02
ORD00437,CUST0140,SELL066,2024-03-17,2024-03-22,Delivered,284037.06
ORD00438,CUST0140,SELL021,2023-07-15,,Cancelled,596873.08
ORD00439,CUST0141,SELL049,2024-05-23,,Processing,50530.96
ORD00440,CUST0141,SELL064,2024-07-06,,Shipped,76881.64
ORD00441,CUST0141,SELL013,2023-07-15,2023-07-22,Delivered,1817749.85
ORD00442,CUST0141,SELL068,2023-04-24,,Shipped,400105.28
ORD00443,CUST0142,SELL023,2024-03-22,,Processing,3250.98
ORD00444,CUST0142,SELL020,2023-06-12,,Processing,318136.45
ORD00445,CUST0142,SELL069,2023-04-05,,Cancelled,183364.82
ORD00446,CUST0144,SELL085,2024-07-17,,Shipped,59584.40
ORD00447,CUST0144,SELL063,2024-04-08,2024-04-15,Delivered,11561.20
ORD00448,CUST0145,SELL076,2024-12-17,,Processing,6230.11
ORD00449,CUST0145,SELL090,2024-12-05,,Cancelled,48584.83
ORD00450,CUST0145,SELL055,2024-11-14,2024-11-20,Delivered,115950.03
ORD00451,CUST0145,SELL040,2024-12-02,,Cancelled,167801.23
ORD00452,CUST0145,SELL074,2024-12-29,,Cancelled,459740.34
ORD00453,CUST0145,SELL007,2024-11-14,2024-11-19,Delivered,67579.57
ORD00454,CUST0145,SELL029,2024-11-15,2024-11-17,Delivered,1300172.97
ORD00455,CUST0145,SELL001,2024-12-16,2024-12-19,Delivered,792677.46
ORD00456,CUST0145,SELL088,2024-12-14,2024-12-18,Delivered,701886.30
ORD00457,CUST0145,SELL025,2024-11-28,2024-12-05,Delivered,1255316.56
ORD00458,CUST0148,SELL022,2024-08-16,2024-08-19,Delivered,166388.35
ORD00459,CUST0148,SELL072,2024-09-19,,Shipped,230104.36
ORD00460,CUST0148,SELL089,2024-11-06,2024-11-13,Delivered,160987.02
ORD00461,CUST0148,SELL025,2024-12-05,,Processing,1231073.02
ORD00462,CUST0148,SELL008,2024-09-19,,Shipped,41738.40
ORD00463,CUST0148,SELL057,2024-09-17,2024-09-23,Delivered,7172.97
ORD00464,CUST0148,SELL019,2024-10-11,,Cancelled,272309.74
ORD00465,CUST0148,SELL042,2024-09-11,,Returned,
ORD00466,CUST0148,SELL050,2024-07-30,,Cancelled,553086.42
ORD00467,CUST0149,SELL050,2024-03-15,,Returned,105688.91
ORD00468,CUST0149,SELL059,2024-06-11,2024-06-13,Delivered,231544.96
ORD00469,CUST0149,SELL021,2024-05-08,,Shipped,1256918.44
ORD00470,CUST0149,SELL030,2024-06-14,2024-06-19,Delivered,816829.96
ORD00471,CUST0150,SELL025,2024-10-15,2024-10-17,Delivered,167987.24
ORD00472,CUST0150,SELL070,2024-05-28,2024-05-29,Delivered,37254.90
ORD00473,CUST0150,SELL067,2023-09-29,,Returned,1368195.68
ORD00474,CUST0150,SELL083,2024-11-18,,Processing,234437.08
ORD00475,CUST0152,SELL079,2024-09-21,,Shipped,458822.98
ORD00476,CUST0152,SELL041,2024-05-01,,Processing,
ORD00477,CUST0152,SELL023,2024-06-29,2024-07-13,Delivered,117508.45
ORD00478,CUST0152,SELL080,2024-02-05,2024-02-16,Delivered,3149.21
ORD00479,CUST0152,SELL018,2024-06-28,2024-07-01,Delivered,
ORD00480,CUST0152,SELL086,2023-11-24,,Shipped,364494.60
ORD00481,CUST0152,SELL015,2024-10-25,2024-10-30,Delivered,924212.96
ORD00482,CUST0152,SELL067,2024-03-22,2024-03-29,Delivered,515180.54
ORD00483,CUST0153,SELL043,2024-12-08,,Returned,367051.46
ORD00484,CUST0153,SELL089,2024-12-10,2024-12-11,Delivered,508341.61
ORD00485,CUST0154,SELL034,2024-01-23,,Shipped,38184.64
ORD00486,CUST0154,SELL041,2023-12-30,,Processing,520184.35
ORD00487,CUST0154,SELL010,2024-03-17,,Processing,871926.90
ORD00488,CUST0156,SELL086,2024-11-17,,Processing,35488.70
ORD00489,CUST0156,SELL024,2024-12-16,,Shipped,5512.81
ORD00490,CUST0156,SELL050,2024-08-01,2024-08-05,Delivered,22192.46
ORD00491,CUST0156,SELL024,2024-10-13,,Cancelled,437038.04
ORD00492,CUST0156,SELL074,2024-07-15,,Shipped,1586657.86
ORD00493,CUST0156,SELL045,2024-08-21,2024-08-28,Delivered,118235.75
ORD00494,CUST0156,SELL011,2024-12-13,2024-12-22,Delivered,876039.35
ORD00495,CUST0156,SELL078,2024-09-09,,Returned,827921.76
ORD00496,CUST0157,SELL025,2024-09-08,2024-09-13,Delivered,
ORD00497,CUST0157,SELL052,2024-11-07,2024-11-14,Delivered,20993.04
ORD00498,CUST0157,SELL041,2024-12-13,2024-12-15,Delivered,82041.04
ORD00499,CUST0158,SELL024,2023-12-06,,Cancelled,795534.40
ORD00500,CUST0158,SELL021,2023-12-30,2024-01-03,Delivered,26343.44
ORD00501,CUST0158,SELL021,2024-06-01,2024-06-08,Delivered,354085.10
ORD00502,CUST0158,SELL067,2024-07-27,2024-07-29,Delivered,929593.33
ORD00503,CUST0158,SELL068,2023-11-21,,Cancelled,189251.98
ORD00504,CUST0158,SELL054,2023-10-22,2023-10-25,Delivered,200052.64
ORD00505,CUST0159,SELL074,2024-09-30,2024-10-03,Delivered,734614.02
ORD00506,CUST0159,SELL003,2023-12-30,2024-01-03,Delivered,108353.68
ORD00507,CUST0159,SELL060,2023-10-05,,Cancelled,769734.40
ORD00508,CUST0159,SELL047,2024-01-13,,Returned,616827.58
ORD00509,CUST0159,SELL041,2024-06-07,2024-06-10,Delivered,72047.64
ORD00510,CUST0161,SELL065,2024-05-29,,Cancelled,39819.28
ORD00511,CUST0161,SELL038,2024-07-21,2024-07-26,Delivered,3485.44
ORD00512,CUST0162,SELL077,2024-10-05,,Cancelled,102688.45
ORD00513,CUST0162,SELL017,2024-11-11,2024-11-16,Delivered,198883.60
ORD00514,CUST0162,SELL049,2024-11-23,2024-11-26,Delivered,235009.16
ORD00515,CUST0162,SELL042,2024-04-10,,Returned,40751.46
ORD00516,CUST0162,SELL021,2024-06-03,2024-06-08,Delivered,589959.06
ORD00517,CUST0162,SELL083,2024-12-28,2025-01-01,Delivered,168325.37
ORD00518,CUST0162,SELL088,2024-07-18,2024-07-24,Delivered,125685.71
ORD00519,CUST0162,SELL018,2024-06-10,,Shipped,436199.25
ORD00520,CUST0162,SELL090,2024-04-05,,Returned,463130.71
ORD00521,CUST0162,SELL075,2024-09-18,,Returned,820507.69
ORD00522,CUST0162,SELL026,2024-12-10,2024-12-17,Delivered,817839.94
ORD00523,CUST0162,SELL086,2024-04-07,2024-04-13,Delivered,180380.35
ORD00524,CUST0162,SELL039,2024-07-07,2024-07-12,Delivered,339418.37
ORD00525,CUST0163,SELL028,2024-09-01,2024-09-02,Delivered,841301.64
ORD00526,CUST0164,SELL037,2024-08-26,,Cancelled,
ORD00527,CUST0165,SELL073,2023-06-07,2023-06-15,Delivered,1380886.77
ORD00528,CUST0168,SELL088,2024-01-15,,Shipped,347417.94
ORD00529,CUST0169,SELL062,2024-01-05,2024-01-10,Delivered,27825.60
ORD00530,CUST0169,SELL060,2023-05-04,2023-05-08,Delivered,1120410.59
ORD00531,CUST0169,SELL004,2023-10-28,,Processing,53743.75
ORD00532,CUST0169,SELL056,2024-10-31,,Processing,147594.20
ORD00533,CUST0169,SELL070,2024-07-14,,Processing,220262.55
ORD00534,CUST0170,SELL048,2024-10-31,2024-11-04,Delivered,223383.08
ORD00535,CUST0170,SELL018,2024-11-13,2024-11-16,Delivered,193656.60
ORD00536,CUST0170,SELL044,2024-06-29,,Shipped,231412.15
ORD00537,CUST0170,SELL051,2024-07-20,,Processing,3385.48
ORD00538,CUST0171,SELL086,2023-12-21,2023-12-26,Delivered,451022.95
ORD00539,CUST0171,SELL053,2024-04-09,,Cancelled,211986.98
ORD00540,CUST0171,SELL065,2024-03-24,,Returned,1121118.77
ORD00541,CUST0171,SELL025,2024-11-09,2024-11-16,Delivered,768841.50
ORD00542,CUST0171,SELL058,2024-12-01,2024-12-04,Delivered,926660.16
ORD00543,CUST0172,SELL087,2024-11-25,,Cancelled,871730.60
ORD00544,CUST0172,SELL013,2024-09-27,,Processing,92772.76
ORD00545,CUST0173,SELL081,2024-11-13,2024-11-15,Delivered,240142.74
ORD00546,CUST0173,SELL053,2024-12-23,2024-12-28,Delivered,181459.05
ORD00547,CUST0174,SELL060,2024-11-08,,Cancelled,142340.25
ORD00548,CUST0174,SELL063,2024-12-11,2024-12-16,Delivered,13409.28
ORD00549,CUST0174,SELL088,2024-12-12,2024-12-13,Delivered,95430.98
ORD00550,CUST0174,SELL084,2024-11-28,,Processing,1408878.80
ORD00551,CUST0174,SELL015,2024-12-18,,Shipped,86284.48
ORD00552,CUST0174,SELL047,2024-12-10,2024-12-14,Delivered,1613502.06
ORD00553,CUST0174,SELL055,2024-12-01,,Cancelled,47284.02
ORD00554,CUST0174,SELL018,2024-12-04,2024-12-06,Delivered,160848.97
ORD00555,CUST0174,SELL070,2024-12-02,,Returned,10382.40
ORD00556,CUST0174,SELL015,2024-11-15,,Cancelled,
ORD00557,CUST0174,SELL002,2024-11-04,2024-11-09,Delivered,10095.25
ORD00558,CUST0175,SELL062,2024-04-26,,Shipped,
ORD00559,CUST0175,SELL010,2024-10-01,,Cancelled,181459.05
ORD00560,CUST0175,SELL010,2024-07-16,,Cancelled,43616.81
ORD00561,CUST0175,SELL051,2024-12-04,2024-12-11,Delivered,378503.96
ORD00562,CUST0175,SELL017,2024-03-09,,Returned,22672.78
ORD00563,CUST0175,SELL054,2024-12-14,2024-12-16,Delivered,65148.54
ORD00564,CUST0176,SELL044,2024-07-28,,Returned,50969.15
ORD00565,CUST0176,SELL050,2024-07-31,,Cancelled,132098.65
ORD00566,CUST0178,SELL030,2024-03-12,,Cancelled,203865.60
ORD00567,CUST0178,SELL067,2024-03-30,2024-04-02,Delivered,98560.00
ORD00568,CUST0178,SELL089,2023-10-11,,Processing,87090.70
ORD00569,CUST0178,SELL023,2024-09-06,,Cancelled,24006.66
ORD00570,CUST0178,SELL064,2024-05-01,2024-05-07,Delivered,43905.60
ORD00571,CUST0179,SELL033,2024-09-19,2024-09-22,Delivered,
ORD00572,CUST0179,SELL033,2024-08-11,,Processing,64819.73
ORD00573,CUST0181,SELL047,2024-05-31,2024-06-01,Delivered,1564948.01
ORD00574,CUST0181,SELL088,2024-05-19,,Shipped,324721.91
ORD00575,CUST0181,SELL030,2024-08-19,2024-08-21,Delivered,10095.25
ORD00576,CUST0182,SELL022,2024-06-07,,Processing,742960.79
ORD00577,CUST0182,SELL016,2024-04-20,,Processing,5457.04
ORD00578,CUST0183,SELL031,2024-01-27,2024-01-29,Delivered,146008.50
ORD00579,CUST0183,SELL057,2024-08-07,,Returned,567895.40
ORD00580,CUST0183,SELL056,2024-03-20,2024-03-29,Delivered,236830.69
ORD00581,CUST0183,SELL077,2024-01-12,2024-01-15,Delivered,109722.82
ORD00582,CUST0183,SELL049,2024-04-08,,Shipped,680096.85
ORD00583,CUST0183,SELL047,2023-07-08,2023-07-15,Delivered,32894.08
ORD00584,CUST0183,SELL030,2023-09-15,2023-09-22,Delivered,76881.64
ORD00585,CUST0183,SELL026,2024-11-26,,Cancelled,694979.34
ORD00586,CUST0185,SELL056,2024-11-10,2024-11-12,Delivered,359728.58
ORD00587,CUST0187,SELL055,2024-11-19,2024-11-28,Delivered,655577.48
ORD00588,CUST0187,SELL020,2024-12-14,,Returned,220496.44
ORD00589,CUST0187,SELL008,2024-10-30,,Cancelled,49202.47
ORD00590,CUST0187,SELL048,2024-11-27,,Processing,55149.16
ORD00591,CUST0188,SELL009,2024-09-28,,Processing,1283356.59
ORD00592,CUST0188,SELL046,2024-10-08,,Shipped,61637.76
ORD00593,CUST0188,SELL048,2024-05-05,2024-05-10,Delivered,76726.04
ORD00594,CUST0189,SELL019,2024-12-24,,Returned,207613.26
ORD00595,CUST0190,SELL060,2024-11-01,2024-11-10,Delivered,649434.60
ORD00596,CUST0190,SELL082,2024-10-31,,Shipped,1712169.09
ORD00597,CUST0190,SELL006,2024-12-04,,Cancelled,754309.18
ORD00598,CUST0190,SELL066,2024-12-10,2024-12-12,Delivered,17607.17
ORD00599,CUST0190,SELL037,2024-11-27,2024-12-04,Delivered,58703.25
ORD00600,CUST0190,SELL005,2024-12-01,2024-12-11,Delivered,771760.08
ORD00601,CUST0190,SELL019,2024-12-31,,Returned,114695.41
ORD00602,CUST0190,SELL002,2024-10-28,2024-11-03,Delivered,656811.71
ORD00603,CUST0192,SELL087,2024-11-20,2024-11-22,Delivered,78576.78
ORD00604,CUST0192,SELL034,2024-12-16,,Shipped,426564.74
ORD00605,CUST0192,SELL036,2024-12-23,,Cancelled,883743.02
ORD00606,CUST0192,SELL052,2024-12-17,,Shipped,59216.88
ORD00607,CUST0192,SELL029,2024-11-30,,Processing,327507.66
ORD00608,CUST0193,SELL085,2023-09-27,2023-10-01,Delivered,25829.99
ORD00609,CUST0194,SELL016,2023-04-12,2023-04-15,Delivered,18483.24
ORD00610,CUST0196,SELL022,2024-01-24,,Cancelled,500131.60
ORD00611,CUST0196,SELL002,2023-08-12,2023-08-18,Delivered,45102.28
ORD00612,CUST0196,SELL001,2023-10-22,,Shipped,890698.14
ORD00613,CUST0196,SELL012,2024-05-19,,Returned,52451.70
ORD00614,CUST0196,SELL079,2023-08-12,,Shipped,261576.42
ORD00615,CUST0196,SELL038,2024-10-03,2024-10-08,Delivered,803078.39
ORD00616,CUST0196,SELL090,2024-02-10,2024-02-17,Delivered,24990.69
ORD00617,CUST0197,SELL040,2024-07-03,2024-07-08,Delivered,21709.68
ORD00618,CUST0198,SELL027,2024-11-22,,Returned,30160.29
ORD00619,CUST0198,SELL017,2024-11-12,2024-11-16,Delivered,264786.66
ORD00620,CUST0198,SELL056,2024-12-10,2024-12-14,Delivered,191420.62
ORD00621,CUST0198,SELL033,2024-11-25,2024-11-26,Delivered,30284.60
ORD00622,CUST0198,SELL058,2024-12-18,,Processing,400105.28
ORD00623,CUST0198,SELL090,2024-12-21,,Cancelled,267729.96
ORD00624,CUST0198,SELL031,2024-11-24,2024-11-26,Delivered,45992.18
ORD00625,CUST0198,SELL079,2024-12-13,2024-12-16,Delivered,102447.74
ORD00626,CUST0198,SELL043,2024-12-05,2024-12-07,Delivered,85781.07
ORD00627,CUST0198,SELL026,2024-12-12,,Shipped,225136.60
ORD00628,CUST0198,SELL003,2024-12-02,2024-12-05,Delivered,1022886.92
ORD00629,CUST0198,SELL076,2024-11-17,,Shipped,24526.05
ORD00630,CUST0199,SELL001,2024-10-06,2024-10-09,Delivered,152795.70
ORD00631,CUST0199,SELL036,2024-01-22,,Processing,70104.98
ORD00632,CUST0199,SELL077,2024-11-06,,Processing,154519.40
ORD00633,CUST0199,SELL050,2024-04-13,,Shipped,469525.69
ORD00634,CUST0199,SELL003,2024-04-18,,Shipped,47233.84
ORD00635,CUST0199,SELL027,2024-07-14,2024-07-18,Delivered,204981.37
ORD00636,CUST0199,SELL001,2024-03-03,,Processing,1732506.27
ORD00637,CUST0199,SELL046,2024-10-24,2024-10-25,Delivered,918620.89
ORD00638,CUST0200,SELL021,2023-05-26,2023-06-03,Delivered,439020.25
ORD00639,CUST0200,SELL052,2024-06-07,2024-06-18,Delivered,274071.30
ORD00640,CUST0200,SELL030,2023-05-30,,Shipped,91238.43
ORD00641,CUST0202,SELL084,2024-12-03,,Shipped,119435.37
ORD00642,CUST0202,SELL072,2024-02-16,,Cancelled,209471.51
ORD00643,CUST0202,SELL069,2024-11-19,2024-11-22,Delivered,988437.53
ORD00644,CUST0203,SELL010,2024-09-05,,Processing,471432.66
ORD00645,CUST0203,SELL078,2024-07-15,,Shipped,40919.83
ORD00646,CUST0203,SELL024,2024-08-30,,Shipped,156879.65
ORD00647,CUST0203,SELL011,2024-12-20,,Cancelled,112087.69
ORD00648,CUST0203,SELL007,2024-11-25,2024-12-01,Delivered,167249.52
ORD00649,CUST0203,SELL034,2024-09-10,2024-09-11,Delivered,8700.29
ORD00650,CUST0203,SELL014,2024-11-02,,Returned,400115.34
ORD00651,CUST0203,SELL053,2024-12-01,,Cancelled,8834.25
ORD00652,CUST0203,SELL008,2024-07-28,2024-07-30,Delivered,534704.88
ORD00653,CUST0203,SELL037,2024-11-08,2024-11-13,Delivered,138579.52
ORD00654,CUST0203,SELL052,2024-06-10,,Shipped,78498.02
ORD00655,CUST0203,SELL006,2024-11-28,2024-12-04,Delivered,24463.34
ORD00656,CUST0203,SELL036,2024-07-14,,Shipped,1018515.34
ORD00657,CUST0204,SELL049,2024-01-04,,Shipped,35558.78
ORD00658,CUST0205,SELL056,2024-02-11,2024-02-17,Delivered,409790.96
ORD00659,CUST0205,SELL068,2023-08-08,,Returned,8757.97
ORD00660,CUST0205,SELL061,2024-03-20,2024-03-22,Delivered,872071.33
ORD00661,CUST0205,SELL050,2024-03-16,,Processing,10799.52
ORD00662,CUST0205,SELL050,2024-02-03,,Returned,17215.74
ORD00663,CUST0205,SELL035,2024-11-23,2024-11-26,Delivered,739180.57
ORD00664,CUST0206,SELL079,2024-10-26,,Shipped,808297.13
ORD00665,CUST0207,SELL001,2024-11-19,2024-11-26,Delivered,564791.35
ORD00666,CUST0207,SELL086,2024-12-22,2024-12-30,Delivered,286980.91
ORD00667,CUST0207,SELL069,2024-04-10,2024-04-15,Delivered,
ORD00668,CUST0207,SELL030,2023-07-19,2023-07-23,Delivered,1755792.32
ORD00669,CUST0209,SELL029,2024-08-31,2024-09-02,Delivered,130533.42
ORD00670,CUST0209,SELL058,2024-04-16,,Returned,434219.57
ORD00671,CUST0209,SELL036,2024-03-27,2024-04-02,Delivered,100327.02
ORD00672,CUST0209,SELL074,2024-08-08,,Cancelled,44547.39
ORD00673,CUST0209,SELL004,2024-09-04,,Returned,913252.80
ORD00674,CUST0209,SELL026,2024-03-04,,Processing,7038.57
ORD00675,CUST0209,SELL027,2024-02-01,2024-02-07,Delivered,78955.84
ORD00676,CUST0209,SELL022,2024-02-14,2024-02-15,Delivered,3568.70
ORD00677,CUST0209,SELL028,2024-01-19,2024-01-21,Delivered,2985.64
ORD00678,CUST0209,SELL072,2024-02-18,2024-02-23,Delivered,507804.25
ORD00679,CUST0209,SELL057,2024-10-02,,Processing,96102.05
ORD00680,CUST0209,SELL026,2024-12-24,,Processing,50013.11
ORD00681,CUST0210,SELL069,2024-10-22,2024-10-28,Delivered,178295.72
ORD00682,CUST0210,SELL066,2024-11-15,,Shipped,177386.77
ORD00683,CUST0210,SELL023,2024-11-27,,Cancelled,16447.04
ORD00684,CUST0210,SELL080,2024-10-27,,Cancelled,30149.21
ORD00685,CUST0211,SELL002,2024-01-08,2024-01-15,Delivered,1607599.10
ORD00686,CUST0211,SELL013,2024-06-03,,Shipped,179162.29
ORD00687,CUST0211,SELL065,2024-02-20,,Returned,43227.07
ORD00688,CUST0211,SELL062,2024-12-12,,Cancelled,2944.75
ORD00689,CUST0211,SELL006,2023-11-19,,Cancelled,1174.07
ORD00690,CUST0211,SELL001,2023-03-14,,Cancelled,115039.92
ORD00691,CUST0211,SELL052,2023-11-05,,Cancelled,70977.40
ORD00692,CUST0211,SELL048,2024-07-04,2024-07-07,Delivered,191405.76
ORD00693,CUST0211,SELL007,2023-03-09,,Returned,127071.80
ORD00694,CUST0211,SELL082,2023-02-14,,Processing,1913024.48
ORD00695,CUST0211,SELL001,2024-08-19,,Shipped,47233.84
ORD00696,CUST0211,SELL049,2023-10-09,,Cancelled,533791.17
ORD00697,CUST0212,SELL022,2024-12-25,,Returned,53290.52
ORD00698,CUST0212,SELL068,2024-04-19,2024-04-25,Delivered,112612.34
ORD00699,CUST0212,SELL050,2024-08-30,2024-09-05,Delivered,283877.97
ORD00700,CUST0212,SELL087,2024-09-06,,Processing,1924.96
ORD00701,CUST0213,SELL061,2023-12-03,,Returned,24750.33
ORD00702,CUST0213,SELL003,2024-08-19,,Cancelled,601488.25
ORD00703,CUST0213,SELL018,2024-05-09,,Returned,554853.60
ORD00704,CUST0213,SELL027,2024-04-19,2024-04-21,Delivered,526844.32
ORD00705,CUST0213,SELL016,2024-07-11,,Cancelled,242270.05
ORD00706,CUST0213,SELL042,2024-03-11,2024-03-17,Delivered,877534.55
ORD00707,CUST0213,SELL068,2024-06-17,,Processing,1523373.58
ORD00708,CUST0213,SELL068,2024-01-26,,Processing,474127.35
ORD00709,CUST0214,SELL088,2024-10-18,,Shipped,484168.90
ORD00710,CUST0214,SELL010,2024-10-25,2024-10-30,Delivered,32300.05
ORD00711,CUST0215,SELL053,2023-07-16,,Cancelled,221982.20
ORD00712,CUST0216,SELL010,2024-09-27,2024-10-01,Delivered,1018573.95
ORD00713,CUST0217,SELL044,2024-11-19,,Returned,14155.92
ORD00714,CUST0217,SELL013,2024-08-29,,Cancelled,
ORD00715,CUST0217,SELL008,2024-08-28,,Shipped,1098861.08
ORD00716,CUST0217,SELL059,2024-08-24,2024-08-30,Delivered,70228.44
ORD00717,CUST0217,SELL046,2024-10-22,,Shipped,65607.55
ORD00718,CUST0217,SELL063,2024-09-14,2024-09-21,Delivered,431300.41
ORD00719,CUST0217,SELL001,2024-09-16,2024-09-21,Delivered,361931.70
ORD00720,CUST0217,SELL028,2024-12-31,2025-01-01,Delivered,473129.95
ORD00721,CUST0217,SELL003,2024-11-20,2024-11-26,Delivered,1017025.87
ORD00722,CUST0217,SELL003,2024-10-31,2024-11-02,Delivered,569557.84
ORD00723,CUST0218,SELL085,2024-02-19,,Processing,6463.53
ORD00724,CUST0218,SELL075,2024-08-01,,Processing,48926.68
ORD00725,CUST0220,SELL025,2023-12-28,,Shipped,6831.72
ORD00726,CUST0220,SELL008,2024-08-25,2024-08-30,Delivered,537796.40
ORD00727,CUST0220,SELL004,2024-08-12,,Shipped,321528.06
ORD00728,CUST0220,SELL042,2024-11-25,,Cancelled,131397.02
ORD00729,CUST0220,SELL037,2023-06-29,,Processing,252555.02
ORD00730,CUST0220,SELL046,2023-11-09,2023-11-16,Delivered,89136.44
ORD00731,CUST0220,SELL010,2024-07-03,2024-07-09,Delivered,330791.24
ORD00732,CUST0220,SELL035,2023-10-13,2023-10-15,Delivered,41020.52
ORD00733,CUST0221,SELL006,2024-05-08,,Returned,
ORD00734,CUST0221,SELL015,2024-01-22,,Shipped,
ORD00735,CUST0221,SELL049,2024-01-03,2024-01-04,Delivered,260806.91
ORD00736,CUST0221,SELL023,2024-01-17,2024-01-24,Delivered,166699.15
ORD00737,CUST0221,SELL037,2024-08-30,2024-09-04,Delivered,1015740.44
ORD00738,CUST0221,SELL077,2024-07-18,,Returned,1352170.00
ORD00739,CUST0222,SELL050,2024-08-17,,Processing,2354575.73
ORD00740,CUST0222,SELL017,2024-01-13,2024-01-16,Delivered,
ORD00741,CUST0223,SELL001,2023-09-26,2023-09-28,Delivered,582824.76
ORD00742,CUST0223,SELL070,2024-05-04,2024-05-08,Delivered,122312.70
ORD00743,CUST0223,SELL076,2024-12-23,2024-12-26,Delivered,63585.10
ORD00744,CUST0223,SELL013,2024-07-23,2024-07-24,Delivered,1283879.52
ORD00745,CUST0223,SELL014,2023-09-26,2023-10-01,Delivered,
ORD00746,CUST0223,SELL014,2024-12-14,,Processing,77698.16
ORD00747,CUST0223,SELL088,2024-10-29,,Processing,144928.51
ORD00748,CUST0223,SELL041,2024-11-22,2024-11-28,Delivered,603998.75
ORD00749,CUST0223,SELL055,2024-12-22,,Returned,37906.68
ORD00750,CUST0223,SELL067,2024-02-10,,Shipped,657071.01
ORD00751,CUST0223,SELL045,2023-12-06,2023-12-12,Delivered,54346.36
ORD00752,CUST0223,SELL070,2024-06-22,2024-06-25,Delivered,462984.69
ORD00753,CUST0224,SELL072,2024-09-12,,Shipped,147735.75
ORD00754,CUST0224,SELL021,2024-08-18,,Processing,879031.83
ORD00755,CUST0225,SELL070,2023-10-13,,Returned,26072.32
ORD00756,CUST0225,SELL081,2024-11-05,,Cancelled,97722.81
ORD00757,CUST0225,SELL089,2024-07-23,2024-07-25,Delivered,63131.92
ORD00758,CUST0225,SELL085,2024-03-25,2024-04-04,Delivered,13409.28
ORD00759,CUST0227,SELL064,2024-12-03,,Cancelled,102551.30
ORD00760,CUST0227,SELL020,2024-12-04,,Returned,118506.89
ORD00761,CUST0227,SELL001,2024-12-13,2024-12-18,Delivered,359728.58
ORD00762,CUST0227,SELL047,2024-08-06,,Returned,135330.44
ORD00763,CUST0227,SELL044,2024-12-15,2024-12-21,Delivered,684591.89
ORD00764,CUST0228,SELL082,2024-10-24,,Returned,561051.96
ORD00765,CUST0228,SELL024,2024-12-27,,Shipped,92782.44
ORD00766,CUST0228,SELL029,2024-10-22,2024-10-27,Delivered,147425.86
ORD00767,CUST0228,SELL063,2024-11-16,2024-11-22,Delivered,169258.32
ORD00768,CUST0228,SELL029,2024-12-27,2024-12-30,Delivered,53790.15
ORD00769,CUST0228,SELL010,2024-12-05,,Processing,317300.85
ORD00770,CUST0228,SELL027,2024-10-05,2024-10-08,Delivered,17287.41
ORD00771,CUST0229,SELL047,2024-03-05,2024-03-07,Delivered,110258.32
ORD00772,CUST0229,SELL006,2024-08-27,,Processing,4038.10
ORD00773,CUST0229,SELL012,2024-03-06,2024-03-13,Delivered,66595.50
ORD00774,CUST0229,SELL068,2024-03-13,,Returned,1204441.38
ORD00775,CUST0229,SELL045,2024-09-30,,Cancelled,230562.48
ORD00776,CUST0229,SELL058,2024-11-04,,Cancelled,23283.14
ORD00777,CUST0231,SELL076,2024-12-22,,Returned,199004.09
ORD00778,CUST0231,SELL089,2023-10-16,,Shipped,500323.45
ORD00779,CUST0231,SELL076,2024-04-26,2024-04-28,Delivered,271470.00
ORD00780,CUST0231,SELL041,2023-10-13,,Processing,148614.93
ORD00781,CUST0231,SELL055,2024-01-11,,Returned,424197.66
ORD00782,CUST0231,SELL063,2024-07-13,2024-07-18,Delivered,30345.96
ORD00783,CUST0231,SELL038,2024-09-10,,Returned,160455.89
ORD00784,CUST0231,SELL037,2023-12-05,,Shipped,393692.05
ORD00785,CUST0231,SELL014,2024-12-24,,Processing,1398814.12
ORD00786,CUST0232,SELL002,2024-10-23,2024-10-31,Delivered,70957.82
ORD00787,CUST0232,SELL052,2024-06-28,,Processing,44449.74
ORD00788,CUST0232,SELL072,2024-08-07,2024-08-14,Delivered,71048.06
ORD00789,CUST0232,SELL066,2024-08-08,2024-08-11,Delivered,37830.93
ORD00790,CUST0233,SELL023,2024-09-20,,Returned,5352.06
ORD00791,CUST0233,SELL084,2024-10-15,,Shipped,984241.89
ORD00792,CUST0235,SELL055,2024-01-07,,Shipped,1428900.54
ORD00793,CUST0235,SELL032,2024-07-22,,Returned,555469.76
ORD00794,CUST0236,SELL064,2024-11-02,,Returned,
ORD00795,CUST0236,SELL074,2024-07-22,2024-07-25,Delivered,103294.81
ORD00796,CUST0236,SELL008,2024-06-11,2024-06-13,Delivered,51096.45
ORD00797,CUST0236,SELL042,2024-06-21,2024-06-28,Delivered,816.52
ORD00798,CUST0237,SELL051,2024-07-18,2024-07-25,Delivered,460779.85
ORD00799,CUST0237,SELL067,2024-12-15,,Shipped,82563.21
ORD00800,CUST0237,SELL051,2024-08-22,,Returned,
ORD00801,CUST0237,SELL009,2024-11-16,2024-11-25,Delivered,74516.28
ORD00802,CUST0238,SELL083,2024-12-04,2024-12-06,Delivered,1032680.62
ORD00803,CUST0238,SELL026,2024-12-31,2025-01-05,Delivered,643024.25
ORD00804,CUST0238,SELL020,2024-12-02,,Returned,110991.10
ORD00805,CUST0238,SELL085,2024-12-28,2025-01-04,Delivered,177974.85
ORD00806,CUST0238,SELL014,2024-12-06,2024-12-10,Delivered,8480.78
ORD00807,CUST0238,SELL085,2024-12-27,2024-12-30,Delivered,103538.61
ORD00808,CUST0238,SELL085,2024-12-20,2024-12-21,Delivered,87610.75
ORD00809,CUST0238,SELL037,2024-12-17,2024-12-18,Delivered,17694.90
ORD00810,CUST0242,SELL076,2024-07-10,,Processing,155979.39
ORD00811,CUST0244,SELL073,2024-12-12,,Returned,43862.96
ORD00812,CUST0244,SELL046,2024-12-08,2024-12-17,Delivered,194607.91
ORD00813,CUST0244,SELL020,2024-11-30,2024-12-04,Delivered,5416.29
ORD00814,CUST0244,SELL064,2024-12-09,2024-12-20,Delivered,246012.35
ORD00815,CUST0245,SELL053,2024-05-24,2024-05-26,Delivered,91572.30
ORD00816,CUST0245,SELL021,2024-05-30,2024-06-05,Delivered,60039.89
ORD00817,CUST0245,SELL064,2024-12-21,,Shipped,308380.38
ORD00818,CUST0245,SELL045,2024-10-01,,Returned,10476.40
ORD00819,CUST0245,SELL060,2024-12-04,2024-12-10,Delivered,397793.53
ORD00820,CUST0246,SELL071,2023-05-12,2023-05-20,Delivered,24825.96
ORD00821,CUST0246,SELL006,2024-08-15,2024-08-25,Delivered,142890.79
ORD00822,CUST0246,SELL008,2023-07-22,,Shipped,149126.89
ORD00823,CUST0247,SELL037,2024-02-20,2024-02-21,Delivered,33288.69
ORD00824,CUST0247,SELL026,2024-08-14,2024-08-20,Delivered,15571.78
ORD00825,CUST0248,SELL077,2024-06-09,2024-06-17,Delivered,
ORD00826,CUST0248,SELL026,2024-02-03,,Shipped,361665.18
ORD00827,CUST0248,SELL068,2024-01-09,2024-01-12,Delivered,29001.62
ORD00828,CUST0248,SELL043,2024-05-24,2024-05-30,Delivered,527527.80
ORD00829,CUST0249,SELL034,2024-10-23,2024-10-29,Delivered,576056.05
ORD00830,CUST0249,SELL006,2024-10-27,2024-10-29,Delivered,2248.73
ORD00831,CUST0249,SELL051,2024-12-21,,Shipped,28585.35
ORD00832,CUST0250,SELL038,2024-06-18,,Cancelled,2511.26
ORD00833,CUST0250,SELL032,2023-12-31,2024-01-06,Delivered,308147.91
ORD00834,CUST0250,SELL086,2024-11-22,,Shipped,183000.43
ORD00835,CUST0250,SELL085,2024-04-19,2024-04-27,Delivered,93330.92
ORD00836,CUST0250,SELL014,2024-09-07,,Processing,299320.66
ORD00837,CUST0250,SELL081,2024-10-23,,Processing,7685.53
ORD00838,CUST0251,SELL075,2024-12-14,,Cancelled,85884.09
ORD00839,CUST0251,SELL076,2024-12-20,,Cancelled,
ORD00840,CUST0252,SELL030,2024-11-09,,Cancelled,41722.67
ORD00841,CUST0252,SELL034,2024-03-18,,Processing,50533.44
ORD00842,CUST0252,SELL049,2024-05-18,,Processing,31300.16
ORD00843,CUST0252,SELL076,2024-10-28,,Returned,446216.60
ORD00844,CUST0252,SELL051,2024-10-31,2024-11-06,Delivered,
ORD00845,CUST0252,SELL012,2024-04-16,2024-04-23,Delivered,176253.29
ORD00846,CUST0252,SELL089,2024-05-16,2024-05-22,Delivered,325875.84
ORD00847,CUST0252,SELL085,2024-12-09,,Processing,135696.98
ORD00848,CUST0252,SELL049,2024-07-09,,Processing,73390.02
ORD00849,CUST0253,SELL057,2024-05-18,2024-05-21,Delivered,110640.11
ORD00850,CUST0254,SELL081,2024-10-27,,Processing,20392.27
ORD00851,CUST0254,SELL069,2024-04-27,2024-05-05,Delivered,570375.48
ORD00852,CUST0254,SELL068,2024-03-22,,Shipped,216605.55
ORD00853,CUST0254,SELL076,2024-02-11,2024-02-14,Delivered,545501.09
ORD00854,CUST0254,SELL006,2024-01-05,2024-01-10,Delivered,140041.10
ORD00855,CUST0254,SELL016,2024-06-07,2024-06-13,Delivered,48024.83
ORD00856,CUST0254,SELL061,2024-10-21,2024-10-24,Delivered,885861.21
ORD00857,CUST0254,SELL001,2024-11-22,2024-12-02,Delivered,120073.18
ORD00858,CUST0254,SELL080,2024-04-29,,Processing,51056.48
ORD00859,CUST0254,SELL080,2024-11-15,,Returned,119776.80
ORD00860,CUST0255,SELL041,2024-05-08,,Cancelled,392948.44
ORD00861,CUST0255,SELL047,2024-11-01,,Processing,2511.26
ORD00862,CUST0255,SELL008,2023-12-26,2024-01-09,Delivered,32819.40
ORD00863,CUST0255,SELL083,2024-04-24,2024-05-08,Delivered,20590.75
ORD00864,CUST0257,SELL084,2023-04-20,,Cancelled,183729.65
ORD00865,CUST0257,SELL088,2024-04-14,,Shipped,102185.35
ORD00866,CUST0258,SELL063,2024-09-18,,Processing,1206982.05
ORD00867,CUST0258,SELL078,2024-07-21,,Processing,23255.54
ORD00868,CUST0258,SELL017,2024-12-23,2024-12-27,Delivered,234388.12
ORD00869,CUST0258,SELL055,2024-06-15,2024-06-21,Delivered,179864.29
ORD00870,CUST0258,SELL055,2024-12-14,,Processing,
ORD00871,CUST0258,SELL012,2024-11-30,,Shipped,14377.20
ORD00872,CUST0258,SELL001,2024-09-09,,Shipped,679865.87
ORD00873,CUST0258,SELL017,2024-10-06,,Shipped,28922.62
ORD00874,CUST0258,SELL002,2024-09-01,2024-09-08,Delivered,135102.64
ORD00875,CUST0258,SELL033,2024-07-14,2024-07-19,Delivered,16199.28
ORD00876,CUST0258,SELL069,2024-10-30,,Returned,121165.30
ORD00877,CUST0259,SELL089,2024-09-22,2024-09-27,Delivered,104703.44
ORD00878,CUST0259,SELL044,2024-11-23,2024-11-27,Delivered,354205.42
ORD00879,CUST0259,SELL079,2024-11-02,,Processing,175604.14
ORD00880,CUST0259,SELL025,2024-10-02,2024-10-03,Delivered,552557.03
ORD00881,CUST0260,SELL006,2024-04-01,,Shipped,110269.71
ORD00882,CUST0260,SELL065,2023-10-23,2023-10-28,Delivered,109517.52
ORD00883,CUST0260,SELL066,2024-12-10,,Returned,14155.92
ORD00884,CUST0261,SELL036,2024-05-25,2024-05-29,Delivered,337069.86
ORD00885,CUST0261,SELL047,2024-09-11,2024-09-21,Delivered,183062.91
ORD00886,CUST0261,SELL019,2024-02-08,2024-02-11,Delivered,55373.35
ORD00887,CUST0261,SELL076,2024-10-18,,Cancelled,784342.05
ORD00888,CUST0261,SELL088,2024-07-19,2024-07-28,Delivered,15006.39
ORD00889,CUST0261,SELL049,2024-11-18,,Cancelled,369100.36
ORD00890,CUST0261,SELL020,2023-11-13,2023-11-16,Delivered,2057186.68
ORD00891,CUST0261,SELL002,2023-08-13,2023-08-16,Delivered,114528.20
ORD00892,CUST0262,SELL066,2024-05-10,,Shipped,328067.34
ORD00893,CUST0262,SELL037,2024-08-05,,Processing,85883.35
ORD00894,CUST0263,SELL007,2024-11-19,,Cancelled,57709.20
ORD00895,CUST0264,SELL003,2023-10-11,2023-10-16,Delivered,365253.79
ORD00896,CUST0265,SELL057,2024-11-17,,Cancelled,2724995.80
ORD00897,CUST0267,SELL012,2023-11-20,,Processing,1035554.73
ORD00898,CUST0267,SELL061,2024-09-14,2024-09-19,Delivered,364555.47
ORD00899,CUST0267,SELL038,2024-04-02,2024-04-04,Delivered,163247.70
ORD00900,CUST0267,SELL068,2024-09-30,2024-10-01,Delivered,14011.65
ORD00901,CUST0267,SELL088,2024-08-19,2024-08-24,Delivered,90584.94
ORD00902,CUST0268,SELL049,2024-11-14,2024-11-18,Delivered,24376.32
ORD00903,CUST0269,SELL067,2024-08-30,2024-09-05,Delivered,252137.68
ORD00904,CUST0269,SELL074,2024-06-01,,Processing,43142.24
ORD00905,CUST0269,SELL059,2024-10-08,2024-10-09,Delivered,38299.46
ORD00906,CUST0269,SELL087,2024-12-17,2024-12-22,Delivered,73288.78
ORD00907,CUST0272,SELL058,2024-12-25,,Cancelled,24526.05
ORD00908,CUST0272,SELL048,2024-12-30,2025-01-06,Delivered,1320381.28
ORD00909,CUST0272,SELL064,2024-11-08,2024-11-16,Delivered,1887115.40
ORD00910,CUST0272,SELL036,2024-12-18,2024-12-23,Delivered,731989.14
ORD00911,CUST0272,SELL063,2024-11-25,2024-11-29,Delivered,377173.89
ORD00912,CUST0272,SELL010,2024-11-07,,Shipped,14095.84
ORD00913,CUST0272,SELL008,2024-12-31,,Returned,44052.51
ORD00914,CUST0272,SELL085,2024-11-03,,Shipped,719457.16
ORD00915,CUST0273,SELL057,2024-12-28,,Processing,51810.86
ORD00916,CUST0273,SELL088,2024-11-23,2024-12-01,Delivered,14427.90
ORD00917,CUST0273,SELL074,2024-10-14,2024-10-25,Delivered,478987.84
ORD00918,CUST0273,SELL045,2024-09-23,2024-10-02,Delivered,71972.01
ORD00919,CUST0274,SELL066,2024-04-13,,Shipped,
ORD00920,CUST0274,SELL085,2024-08-26,,Processing,479176.61
ORD00921,CUST0274,SELL031,2024-08-30,2024-09-04,Delivered,72469.92
ORD00922,CUST0274,SELL056,2024-07-16,,Shipped,45102.28
ORD00923,CUST0275,SELL070,2024-08-12,,Shipped,346394.23
ORD00924,CUST0275,SELL070,2024-09-05,2024-09-07,Delivered,95695.43
ORD00925,CUST0275,SELL051,2024-08-25,,Returned,287086.29
ORD00926,CUST0275,SELL002,2024-06-26,2024-06-28,Delivered,134560.35
ORD00927,CUST0275,SELL086,2024-09-11,,Returned,473814.09
ORD00928,CUST0275,SELL007,2024-11-19,,Returned,192003.88
ORD00929,CUST0275,SELL090,2024-08-03,2024-08-06,Delivered,1580460.04
ORD00930,CUST0275,SELL090,2024-04-11,2024-04-15,Delivered,310936.87
ORD00931,CUST0275,SELL006,2024-09-26,2024-09-29,Delivered,291536.08
ORD00932,CUST0275,SELL030,2024-10-10,,Returned,1594874.68
ORD00933,CUST0275,SELL002,2024-07-25,,Shipped,6821.26
ORD00934,CUST0275,SELL055,2024-04-22,,Shipped,9207.08
ORD00935,CUST0276,SELL084,2024-09-22,,Shipped,513579.85
ORD00936,CUST0276,SELL088,2024-10-11,,Shipped,1368218.23
ORD00937,CUST0276,SELL074,2024-11-11,,Cancelled,1081736.00
ORD00938,CUST0277,SELL057,2023-10-02,2023-10-06,Delivered,1192178.97
ORD00939,CUST0277,SELL073,2024-03-13,,Returned,190714.01
ORD00940,CUST0277,SELL028,2024-01-10,2024-01-11,Delivered,21340.87
ORD00941,CUST0277,SELL051,2024-08-25,2024-08-27,Delivered,170268.12
ORD00942,CUST0277,SELL085,2023-10-04,,Returned,227473.76
ORD00943,CUST0277,SELL054,2023-09-12,,Returned,519702.92
ORD00944,CUST0277,SELL012,2024-04-07,2024-04-08,Delivered,12341.62
ORD00945,CUST0277,SELL043,2023-08-09,2023-08-15,Delivered,746747.97
ORD00946,CUST0277,SELL030,2024-06-17,2024-06-18,Delivered,945114.90
ORD00947,CUST0277,SELL089,2024-11-19,,Shipped,285781.38
ORD00948,CUST0278,SELL090,2023-05-08,2023-05-12,Delivered,
ORD00949,CUST0278,SELL065,2024-07-19,2024-07-20,Delivered,250844.04
ORD00950,CUST0278,SELL060,2024-03-17,,Cancelled,197983.95
ORD00951,CUST0280,SELL062,2024-08-19,,Shipped,775038.35
ORD00952,CUST0280,SELL066,2024-10-20,2024-10-22,Delivered,12278.28
ORD00953,CUST0280,SELL062,2024-06-29,2024-07-06,Delivered,632732.68
ORD00954,CUST0280,SELL030,2024-10-09,2024-10-16,Delivered,14845.55
ORD00955,CUST0280,SELL084,2024-09-26,,Shipped,215882.30
ORD00956,CUST0280,SELL026,2024-08-25,,Cancelled,648100.51
ORD00957,CUST0280,SELL017,2024-07-02,2024-07-04,Delivered,213274.88
ORD00958,CUST0280,SELL065,2024-12-09,,Processing,95695.43
ORD00959,CUST0280,SELL008,2024-05-25,,Returned,189891.12
ORD00960,CUST0280,SELL029,2024-10-21,2024-10-26,Delivered,266180.98
ORD00961,CUST0280,SELL088,2024-06-16,2024-06-23,Delivered,320608.15
ORD00962,CUST0280,SELL070,2024-07-27,,Processing,492647.20
ORD00963,CUST0281,SELL008,2024-03-17,2024-03-27,Delivered,387335.12
ORD00964,CUST0281,SELL006,2024-04-07,,Shipped,25528.24
ORD00965,CUST0281,SELL039,2024-03-04,2024-03-06,Delivered,100048.28
ORD00966,CUST0281,SELL078,2023-11-24,,Returned,570326.40
ORD00967,CUST0281,SELL050,2023-10-21,,Processing,6821.26
ORD00968,CUST0281,SELL086,2023-12-04,,Processing,153949.20
ORD00969,CUST0281,SELL066,2023-11-01,2023-11-11,Delivered,176857.47
ORD00970,CUST0281,SELL053,2024-08-28,,Cancelled,33292.29
ORD00971,CUST0281,SELL088,2024-07-17,,Cancelled,291412.38
ORD00972,CUST0281,SELL059,2024-11-12,2024-11-18,Delivered,1061481.88
ORD00973,CUST0282,SELL047,2023-10-09,,Returned,33898.73
ORD00974,CUST0282,SELL073,2024-08-23,,Shipped,187711.64
ORD00975,CUST0282,SELL082,2024-04-20,,Returned,249912.24
ORD00976,CUST0282,SELL035,2024-11-15,,Shipped,19169.60
ORD00977,CUST0285,SELL002,2024-03-31,2024-04-06,Delivered,36581.64
ORD00978,CUST0286,SELL058,2024-06-29,2024-07-06,Delivered,11097.43
ORD00979,CUST0288,SELL035,2024-11-30,,Shipped,106466.10
ORD00980,CUST0288,SELL075,2024-09-08,,Returned,443964.40
ORD00981,CUST0288,SELL028,2024-09-22,,Shipped,334715.64
ORD00982,CUST0288,SELL088,2024-07-07,2024-07-13,Delivered,67894.35
ORD00983,CUST0289,SELL027,2024-10-31,2024-11-02,Delivered,1602.14
ORD00984,CUST0289,SELL088,2024-07-24,2024-07-31,Delivered,1323987.05
ORD00985,CUST0290,SELL053,2023-04-17,,Returned,151154.98
ORD00986,CUST0290,SELL060,2024-02-17,2024-02-19,Delivered,13171.72
ORD00987,CUST0290,SELL020,2024-12-26,,Returned,2453030.18
ORD00988,CUST0290,SELL062,2023-04-17,,Shipped,1515860.19
ORD00989,CUST0290,SELL089,2024-01-25,2024-01-30,Delivered,62992.61
ORD00990,CUST0290,SELL045,2023-10-11,2023-10-14,Delivered,337561.86
ORD00991,CUST0290,SELL045,2024-07-31,,Processing,473129.95
ORD00992,CUST0290,SELL019,2023-10-27,,Shipped,19742.68
ORD00993,CUST0291,SELL047,2024-12-09,2024-12-12,Delivered,243429.47
ORD00994,CUST0291,SELL071,2024-12-01,2024-12-02,Delivered,556868.36
ORD00995,CUST0291,SELL071,2024-11-26,2024-12-02,Delivered,117897.53
ORD00996,CUST0292,SELL034,2024-09-13,,Shipped,117590.08
ORD00997,CUST0292,SELL089,2023-11-07,2023-11-09,Delivered,1067500.41
ORD00998,CUST0292,SELL086,2023-11-30,,Returned,1183040.92
ORD00999,CUST0292,SELL062,2024-07-28,2024-08-03,Delivered,734304.98
ORD01000,CUST0292,SELL030,2023-07-02,2023-07-05,Delivered,332153.37
ORD01001,CUST0292,SELL085,2024-11-27,,Processing,30282.75
ORD01002,CUST0292,SELL006,2024-04-04,,Processing,26617.40
ORD01003,CUST0293,SELL035,2024-02-26,2024-03-11,Delivered,
ORD01004,CUST0293,SELL049,2024-12-31,2025-01-14,Delivered,391595.61
ORD01005,CUST0293,SELL018,2023-04-16,2023-04-19,Delivered,50868.08
ORD01006,CUST0294,SELL085,2024-12-06,2024-12-12,Delivered,12650.30
ORD01007,CUST0294,SELL080,2024-11-19,,Shipped,17759.04
ORD01008,CUST0295,SELL030,2024-05-07,2024-05-16,Delivered,99842.46
ORD01009,CUST0296,SELL068,2024-10-02,,Returned,9547.40
ORD01010,CUST0296,SELL088,2024-08-30,,Shipped,
ORD01011,CUST0296,SELL066,2024-09-30,2024-10-01,Delivered,309288.39
ORD01012,CUST0296,SELL004,2024-12-05,2024-12-12,Delivered,137727.03
ORD01013,CUST0296,SELL001,2024-07-09,,Returned,24107.04
ORD01014,CUST0296,SELL074,2024-10-27,2024-10-30,Delivered,76142.09
ORD01015,CUST0297,SELL005,2023-05-16,2023-05-19,Delivered,40632.15
ORD01016,CUST0297,SELL050,2023-11-01,2023-11-07,Delivered,1018903.35
ORD01017,CUST0297,SELL076,2023-11-08,2023-11-11,Delivered,680880.78
ORD01018,CUST0298,SELL011,2024-03-16,2024-03-18,Delivered,467178.97
ORD01019,CUST0298,SELL029,2024-12-21,2024-12-24,Delivered,23990.67
ORD01020,CUST0298,SELL076,2024-02-02,2024-02-07,Delivered,66459.48
ORD01021,CUST0298,SELL035,2024-03-26,,Cancelled,
ORD01022,CUST0299,SELL086,2024-07-08,,Shipped,57794.83
ORD01023,CUST0299,SELL023,2024-11-02,2024-11-08,Delivered,5399.76
ORD01024,CUST0299,SELL081,2024-12-09,2024-12-12,Delivered,227279.12
ORD01025,CUST0299,SELL036,2024-07-22,2024-07-25,Delivered,26396.73
ORD01026,CUST0302,SELL015,2024-10-04,2024-10-11,Delivered,21604.29
ORD01027,CUST0302,SELL051,2024-12-31,,Returned,156709.08
ORD01028,CUST0302,SELL011,2024-11-11,,Shipped,788128.86
ORD01029,CUST0302,SELL070,2024-07-27,2024-07-29,Delivered,1316488.47
ORD01030,CUST0302,SELL025,2024-06-13,2024-06-15,Delivered,24006.66
ORD01031,CUST0303,SELL075,2024-03-27,,Returned,13196.11
ORD01032,CUST0304,SELL019,2024-09-04,,Returned,6516.61
ORD01033,CUST0304,SELL063,2023-10-22,,Returned,757102.92
ORD01034,CUST0304,SELL008,2023-12-22,,Processing,30581.49
ORD01035,CUST0304,SELL036,2024-10-28,,Cancelled,468002.78
ORD01036,CUST0304,SELL018,2024-09-29,2024-10-01,Delivered,75976.50
ORD01037,CUST0304,SELL030,2023-11-01,2023-11-02,Delivered,135063.48
ORD01038,CUST0304,SELL086,2024-09-16,,Returned,1365408.14
ORD01039,CUST0304,SELL008,2024-02-15,2024-02-21,Delivered,45557.08
ORD01040,CUST0304,SELL075,2023-12-04,,Shipped,48710.76
ORD01041,CUST0304,SELL070,2024-10-16,2024-10-18,Delivered,952072.75
ORD01042,CUST0304,SELL012,2024-12-19,,Processing,154950.88
ORD01043,CUST0305,SELL034,2024-05-03,,Shipped,36491.25
ORD01044,CUST0305,SELL053,2024-01-29,,Processing,353692.59
ORD01045,CUST0305,SELL020,2024-09-11,2024-09-21,Delivered,254267.42
ORD01046,CUST0306,SELL044,2024-12-16,,Processing,23540.85
ORD01047,CUST0306,SELL063,2024-10-21,,Shipped,36567.08
ORD01048,CUST0306,SELL012,2024-10-26,2024-10-27,Delivered,1229781.35
ORD01049,CUST0306,SELL063,2024-10-12,2024-10-13,Delivered,679049.30
ORD01050,CUST0306,SELL080,2024-12-17,,Shipped,66595.50
ORD01051,CUST0306,SELL023,2024-10-17,2024-10-19,Delivered,34973.36
ORD01052,CUST0307,SELL038,2024-10-21,2024-10-24,Delivered,58767.24
ORD01053,CUST0307,SELL076,2024-12-24,,Processing,1333503.85
ORD01054,CUST0307,SELL067,2024-09-30,2024-10-07,Delivered,1038425.47
ORD01055,CUST0308,SELL088,2024-08-15,,Processing,51659.98
ORD01056,CUST0308,SELL024,2024-04-14,,Cancelled,242664.04
ORD01057,CUST0308,SELL024,2024-06-14,2024-06-17,Delivered,42901.95
ORD01058,CUST0310,SELL011,2024-12-21,2024-12-26,Delivered,39168.98
ORD01059,CUST0310,SELL037,2024-12-26,2024-12-31,Delivered,407731.20
ORD01060,CUST0312,SELL060,2024-03-29,2024-04-03,Delivered,101388.10
ORD01061,CUST0312,SELL010,2023-12-07,2023-12-15,Delivered,118084.60
ORD01062,CUST0312,SELL027,2024-06-14,2024-06-19,Delivered,193997.28
ORD01063,CUST0312,SELL009,2024-08-31,,Processing,317128.75
ORD01064,CUST0313,SELL056,2024-11-23,,Cancelled,45651.79
ORD01065,CUST0313,SELL034,2024-09-17,,Cancelled,849393.93
ORD01066,CUST0313,SELL023,2024-08-20,2024-08-24,Delivered,57025.35
ORD01067,CUST0313,SELL050,2024-12-31,2025-01-06,Delivered,
ORD01068,CUST0314,SELL056,2024-12-19,2024-12-23,Delivered,931864.34
ORD01069,CUST0315,SELL037,2024-12-30,2024-12-31,Delivered,108201.85
ORD01070,CUST0316,SELL036,2024-11-06,,Shipped,136400.23
ORD01071,CUST0316,SELL056,2024-10-25,2024-10-30,Delivered,412524.16
ORD01072,CUST0316,SELL051,2024-10-23,2024-11-02,Delivered,26917.21
ORD01073,CUST0317,SELL031,2024-03-07,2024-03-12,Delivered,1464648.35
ORD01074,CUST0317,SELL073,2023-11-27,,Returned,2462814.31
ORD01075,CUST0317,SELL030,2024-08-24,,Shipped,687406.40
ORD01076,CUST0317,SELL053,2023-12-30,2024-01-03,Delivered,335910.17
ORD01077,CUST0317,SELL014,2024-12-21,2024-12-28,Delivered,515070.46
ORD01078,CUST0317,SELL078,2023-11-12,2023-11-14,Delivered,48285.65
ORD01079,CUST0318,SELL009,2024-09-10,,Returned,1346379.12
ORD01080,CUST0318,SELL048,2023-07-10,2023-07-16,Delivered,305515.78
ORD01081,CUST0318,SELL053,2023-10-04,2023-10-08,Delivered,4792.40
ORD01082,CUST0318,SELL070,2024-11-23,,Returned,128736.45
ORD01083,CUST0318,SELL049,2023-10-28,,Returned,
ORD01084,CUST0318,SELL013,2024-05-23,,Cancelled,12155.28
ORD01085,CUST0318,SELL021,2024-12-26,,Shipped,11386.20
ORD01086,CUST0318,SELL039,2023-06-05,,Processing,596785.81
ORD01087,CUST0320,SELL001,2024-12-20,2024-12-25,Delivered,44389.86
ORD01088,CUST0320,SELL010,2024-12-31,2025-01-03,Delivered,609401.78
ORD01089,CUST0320,SELL069,2024-12-20,,Returned,345294.13
ORD01090,CUST0320,SELL066,2024-12-05,,Returned,
ORD01091,CUST0321,SELL008,2024-09-14,,Cancelled,1924.96
ORD01092,CUST0322,SELL074,2024-03-05,2024-03-16,Delivered,1013423.02
ORD01093,CUST0323,SELL034,2024-11-05,,Returned,178790.22
ORD01094,CUST0324,SELL006,2024-06-28,2024-06-30,Delivered,87002.20
ORD01095,CUST0324,SELL003,2024-09-24,,Returned,441325.97
ORD01096,CUST0325,SELL065,2024-11-21,2024-11-24,Delivered,1139763.44
ORD01097,CUST0325,SELL055,2024-04-29,2024-05-05,Delivered,35488.70
ORD01098,CUST0326,SELL051,2024-03-18,2024-03-20,Delivered,182319.68
ORD01099,CUST0328,SELL079,2024-10-11,2024-10-19,Delivered,
ORD01100,CUST0329,SELL043,2024-07-03,,Cancelled,97086.56
ORD01101,CUST0329,SELL039,2024-08-19,2024-08-27,Delivered,199930.87
ORD01102,CUST0329,SELL030,2024-06-26,,Processing,143131.75
ORD01103,CUST0329,SELL022,2024-12-05,2024-12-08,Delivered,852463.48
ORD01104,CUST0329,SELL061,2024-06-19,,Shipped,53843.48
ORD01105,CUST0329,SELL070,2024-08-10,,Cancelled,331468.35
ORD01106,CUST0330,SELL013,2024-08-13,,Processing,319248.56
ORD01107,CUST0330,SELL068,2023-09-12,2023-09-15,Delivered,1144574.29
ORD01108,CUST0330,SELL046,2024-02-18,,Returned,49750.64
ORD01109,CUST0330,SELL074,2024-08-08,,Processing,94241.74
ORD01110,CUST0330,SELL068,2023-08-30,2023-09-03,Delivered,16739.67
ORD01111,CUST0331,SELL066,2024-07-08,2024-07-09,Delivered,141950.72
ORD01112,CUST0331,SELL037,2024-10-09,2024-10-10,Delivered,162894.00
ORD01113,CUST0331,SELL028,2024-09-04,2024-09-10,Delivered,120150.56
ORD01114,CUST0331,SELL049,2024-07-10,2024-07-17,Delivered,41341.72
ORD01115,CUST0331,SELL029,2024-06-08,,Shipped,7077.96
ORD01116,CUST0331,SELL056,2024-08-27,,Returned,102750.60
ORD01117,CUST0332,SELL077,2023-03-22,2023-04-02,Delivered,58514.20
ORD01118,CUST0332,SELL011,2024-01-27,2024-02-10,Delivered,52971.75
ORD01119,CUST0333,SELL039,2024-07-22,,Processing,51996.04
ORD01120,CUST0334,SELL074,2024-11-29,2024-12-05,Delivered,12460.22
ORD01121,CUST0334,SELL023,2024-11-05,,Cancelled,35864.85
ORD01122,CUST0334,SELL081,2024-08-04,,Shipped,98779.27
ORD01123,CUST0334,SELL075,2023-10-12,2023-10-15,Delivered,127390.86
ORD01124,CUST0334,SELL021,2024-05-12,,Processing,13921.15
ORD01125,CUST0334,SELL044,2023-09-16,2023-09-21,Delivered,343450.84
ORD01126,CUST0335,SELL044,2024-05-08,,Shipped,445519.58
ORD01127,CUST0335,SELL055,2024-06-19,2024-06-27,Delivered,291464.46
ORD01128,CUST0335,SELL060,2023-08-22,,Processing,567313.19
ORD01129,CUST0336,SELL061,2024-07-23,2024-07-28,Delivered,8016.63
ORD01130,CUST0338,SELL065,2024-11-07,,Processing,540650.06
ORD01131,CUST0338,SELL090,2024-08-31,2024-09-03,Delivered,349632.08
ORD01132,CUST0338,SELL077,2024-08-04,,Cancelled,283296.19
ORD01133,CUST0338,SELL070,2024-02-11,,Returned,13121.51
ORD01134,CUST0338,SELL012,2024-09-25,,Returned,164639.04
ORD01135,CUST0341,SELL006,2024-12-14,,Returned,78821.20
ORD01136,CUST0343,SELL032,2024-10-07,2024-10-10,Delivered,6230.11
ORD01137,CUST0343,SELL088,2024-05-02,,Processing,729035.92
ORD01138,CUST0343,SELL082,2024-07-10,2024-07-17,Delivered,940331.68
ORD01139,CUST0343,SELL063,2024-07-15,2024-07-17,Delivered,74632.08
ORD01140,CUST0343,SELL075,2024-08-13,2024-08-18,Delivered,36749.26
ORD01141,CUST0344,SELL089,2024-05-10,2024-05-13,Delivered,686857.19
ORD01142,CUST0344,SELL015,2024-12-28,2024-12-31,Delivered,247851.46
ORD01143,CUST0344,SELL071,2024-09-01,,Shipped,1072928.69
ORD01144,CUST0345,SELL046,2024-06-04,2024-06-10,Delivered,
ORD01145,CUST0345,SELL015,2023-09-04,,Cancelled,330684.40
ORD01146,CUST0345,SELL034,2024-10-05,2024-10-06,Delivered,
ORD01147,CUST0346,SELL001,2024-09-15,2024-09-19,Delivered,900.70
ORD01148,CUST0346,SELL035,2024-11-14,,Processing,5352.06
ORD01149,CUST0346,SELL083,2024-08-16,,Processing,24046.50
ORD01150,CUST0346,SELL070,2024-07-22,2024-07-28,Delivered,1255094.75
ORD01151,CUST0346,SELL024,2024-08-31,,Processing,16350.70
ORD01152,CUST0347,SELL049,2023-05-06,2023-05-09,Delivered,69170.64
ORD01153,CUST0347,SELL022,2024-04-26,2024-05-02,Delivered,16326.25
ORD01154,CUST0347,SELL054,2024-04-18,,Shipped,1310091.95
ORD01155,CUST0347,SELL064,2024-01-29,2024-01-30,Delivered,527944.80
ORD01156,CUST0347,SELL012,2024-06-29,2024-07-03,Delivered,481758.40
ORD01157,CUST0348,SELL066,2024-08-09,,Cancelled,1088533.32
ORD01158,CUST0349,SELL015,2024-12-02,,Returned,660221.58
ORD01159,CUST0349,SELL038,2024-11-25,,Processing,382139.74
ORD01160,CUST0349,SELL019,2024-12-01,,Processing,487249.66
ORD01161,CUST0349,SELL017,2024-12-12,2024-12-18,Delivered,75449.74
ORD01162,CUST0350,SELL089,2023-10-19,2023-10-26,Delivered,28971.39
ORD01163,CUST0350,SELL041,2023-10-05,2023-10-08,Delivered,
ORD01164,CUST0350,SELL066,2024-09-20,,Shipped,215427.32
ORD01165,CUST0350,SELL040,2024-04-24,,Cancelled,686918.06
ORD01166,CUST0350,SELL015,2023-09-26,,Shipped,101134.25
ORD01167,CUST0350,SELL026,2023-09-03,2023-09-13,Delivered,72583.62
ORD01168,CUST0350,SELL066,2024-01-01,,Cancelled,99199.56
ORD01169,CUST0350,SELL056,2024-05-08,2024-05-14,Delivered,171956.04
ORD01170,CUST0350,SELL088,2024-08-26,,Returned,
ORD01171,CUST0350,SELL052,2024-05-03,2024-05-09,Delivered,271932.37
ORD01172,CUST0350,SELL016,2024-05-28,,Shipped,11470.51
ORD01173,CUST0350,SELL081,2024-02-24,,Cancelled,34353.34
ORD01174,CUST0351,SELL074,2024-10-29,,Cancelled,1726285.36
ORD01175,CUST0351,SELL071,2024-01-01,,Shipped,75701.89
ORD01176,CUST0351,SELL088,2024-09-16,,Cancelled,7785.89
ORD01177,CUST0351,SELL011,2024-03-24,,Shipped,265248.35
ORD01178,CUST0352,SELL025,2024-01-04,,Shipped,1029403.72
ORD01179,CUST0352,SELL042,2024-05-18,2024-05-22,Delivered,15970.44
ORD01180,CUST0352,SELL007,2024-05-14,2024-05-16,Delivered,29611.68
ORD01181,CUST0352,SELL070,2024-12-07,2024-12-14,Delivered,169836.89
ORD01182,CUST0353,SELL065,2024-02-24,,Cancelled,154382.17
ORD01183,CUST0353,SELL003,2024-05-30,2024-06-03,Delivered,31522.68
ORD01184,CUST0353,SELL071,2024-11-19,,Shipped,
ORD01185,CUST0353,SELL008,2024-08-28,2024-08-29,Delivered,482209.15
ORD01186,CUST0353,SELL067,2024-03-21,2024-03-23,Delivered,15761.34
ORD01187,CUST0353,SELL073,2024-05-06,2024-05-08,Delivered,232908.60
ORD01188,CUST0353,SELL002,2024-11-05,,Returned,49398.49
ORD01189,CUST0353,SELL006,2024-06-18,2024-06-24,Delivered,509325.39
ORD01190,CUST0354,SELL040,2024-11-11,,Shipped,111871.28
ORD01191,CUST0355,SELL021,2024-11-18,,Cancelled,807200.55
ORD01192,CUST0355,SELL090,2024-11-13,,Shipped,107334.05
ORD01193,CUST0356,SELL035,2024-04-27,,Processing,95556.59
ORD01194,CUST0356,SELL066,2023-08-17,2023-08-20,Delivered,14427.90
ORD01195,CUST0356,SELL027,2024-01-17,,Processing,50601.20
ORD01196,CUST0357,SELL082,2024-04-27,2024-05-04,Delivered,80525.21
ORD01197,CUST0357,SELL085,2024-03-10,,Shipped,28419.53
ORD01198,CUST0357,SELL011,2024-06-10,,Cancelled,103880.12
ORD01199,CUST0358,SELL065,2024-08-16,,Processing,874450.51
ORD01200,CUST0358,SELL003,2024-05-10,2024-05-17,Delivered,33329.69
ORD01201,CUST0358,SELL048,2023-09-03,,Processing,13171.72
ORD01202,CUST0358,SELL007,2023-04-22,2023-04-26,Delivered,10088.47
ORD01203,CUST0358,SELL083,2023-07-03,,Returned,
ORD01204,CUST0359,SELL005,2024-11-03,2024-11-09,Delivered,271042.29
ORD01205,CUST0359,SELL081,2024-12-20,2024-12-23,Delivered,200327.57
ORD01206,CUST0359,SELL043,2024-12-26,,Processing,919080.41
ORD01207,CUST0361,SELL001,2024-04-11,,Cancelled,619079.90
ORD01208,CUST0361,SELL066,2024-03-24,2024-03-30,Delivered,2348.14
ORD01209,CUST0361,SELL076,2024-09-14,,Shipped,475610.24
ORD01210,CUST0361,SELL006,2024-05-23,2024-05-25,Delivered,88519.54
ORD01211,CUST0361,SELL071,2024-12-02,,Returned,255075.48
ORD01212,CUST0363,SELL018,2024-12-15,2024-12-22,Delivered,7077.96
ORD01213,CUST0363,SELL050,2024-04-15,,Cancelled,201351.65
ORD01214,CUST0363,SELL088,2024-04-14,,Processing,1363173.53
ORD01215,CUST0363,SELL019,2024-04-01,,Returned,149660.33
ORD01216,CUST0363,SELL001,2024-11-22,2024-11-23,Delivered,277797.81
ORD01217,CUST0363,SELL034,2024-11-17,,Returned,882156.73
ORD01218,CUST0365,SELL055,2024-08-22,,Shipped,1015642.67
ORD01219,CUST0366,SELL071,2024-06-08,,Returned,147534.54
ORD01220,CUST0366,SELL054,2023-11-16,,Shipped,59382.20
ORD01221,CUST0366,SELL016,2024-04-16,,Processing,43501.45
ORD01222,CUST0366,SELL010,2023-05-31,2023-06-07,Delivered,521312.75
ORD01223,CUST0366,SELL082,2024-02-12,2024-02-16,Delivered,14402.86
ORD01224,CUST0366,SELL056,2023-07-14,2023-07-17,Delivered,80161.95
ORD01225,CUST0366,SELL065,2024-05-23,2024-05-30,Delivered,506570.74
ORD01226,CUST0366,SELL008,2023-09-30,2023-10-06,Delivered,13862.43
ORD01227,CUST0366,SELL057,2023-02-23,,Processing,264786.66
ORD01228,CUST0367,SELL073,2024-02-25,2024-02-29,Delivered,94467.68
ORD01229,CUST0367,SELL024,2024-02-08,,Shipped,1365823.52
ORD01230,CUST0369,SELL027,2024-11-20,,Shipped,244411.45
ORD01231,CUST0369,SELL078,2024-11-27,,Processing,768841.50
ORD01232,CUST0369,SELL030,2024-10-29,,Cancelled,287086.29
ORD01233,CUST0369,SELL088,2024-10-17,,Processing,60835.63
ORD01234,CUST0370,SELL002,2024-12-16,2024-12-19,Delivered,88545.48
ORD01235,CUST0370,SELL060,2024-11-01,,Cancelled,536726.45
ORD01236,CUST0370,SELL031,2024-11-27,,Processing,150515.56
ORD01237,CUST0370,SELL024,2024-09-14,2024-09-16,Delivered,282271.60
ORD01238,CUST0370,SELL060,2024-09-11,2024-09-12,Delivered,125277.25
ORD01239,CUST0370,SELL070,2024-09-18,,Cancelled,10884.54
ORD01240,CUST0370,SELL023,2024-11-07,2024-11-10,Delivered,855219.84
ORD01241,CUST0370,SELL013,2024-12-08,,Cancelled,162812.75
ORD01242,CUST0370,SELL003,2024-12-20,,Shipped,
ORD01243,CUST0370,SELL024,2024-09-21,2024-09-25,Delivered,3204.28
ORD01244,CUST0371,SELL057,2024-04-09,2024-04-15,Delivered,184897.87
ORD01245,CUST0371,SELL042,2024-03-18,,Processing,332973.30
ORD01246,CUST0371,SELL078,2024-06-04,2024-06-09,Delivered,14402.86
ORD01247,CUST0371,SELL021,2024-05-30,,Processing,215521.34
ORD01248,CUST0371,SELL083,2024-08-29,2024-09-06,Delivered,
ORD01249,CUST0371,SELL076,2024-01-30,2024-02-04,Delivered,627213.66
ORD01250,CUST0372,SELL047,2023-08-02,2023-08-11,Delivered,1532854.95
ORD01251,CUST0375,SELL039,2024-11-27,,Processing,1488556.02
ORD01252,CUST0375,SELL032,2024-04-22,,Shipped,79623.58
ORD01253,CUST0375,SELL084,2024-01-13,,Processing,1199432.67
ORD01254,CUST0375,SELL029,2024-10-10,,Shipped,559798.45
ORD01255,CUST0375,SELL017,2024-01-18,,Cancelled,6563.88
ORD01256,CUST0375,SELL030,2024-07-28,,Shipped,46389.30
ORD01257,CUST0377,SELL079,2024-07-22,2024-07-29,Delivered,338489.64
ORD01258,CUST0377,SELL040,2024-04-13,2024-04-17,Delivered,67518.08
ORD01259,CUST0377,SELL073,2024-05-19,,Returned,18232.92
ORD01260,CUST0377,SELL058,2024-10-29,2024-11-02,Delivered,12699.55
ORD01261,CUST0377,SELL036,2024-07-26,2024-07-30,Delivered,98293.53
ORD01262,CUST0377,SELL080,2024-03-15,,Returned,18777.19
ORD01263,CUST0377,SELL041,2024-10-01,,Shipped,523651.34
ORD01264,CUST0378,SELL018,2024-03-26,2024-04-02,Delivered,95128.44
ORD01265,CUST0379,SELL060,2024-09-05,,Shipped,98197.51
ORD01266,CUST0379,SELL065,2024-03-08,2024-03-09,Delivered,127598.57
ORD01267,CUST0379,SELL062,2024-01-04,2024-01-09,Delivered,96202.74
ORD01268,CUST0379,SELL076,2024-04-30,,Processing,113014.76
ORD01269,CUST0381,SELL036,2024-01-12,,Shipped,18690.33
ORD01270,CUST0381,SELL068,2024-02-16,,Returned,12706.74
ORD01271,CUST0381,SELL062,2024-03-27,,Returned,45090.58
ORD01272,CUST0381,SELL022,2024-04-19,2024-04-24,Delivered,8028.09
ORD01273,CUST0381,SELL021,2024-06-11,2024-06-16,Delivered,60582.65
ORD01274,CUST0381,SELL085,2024-02-13,,Returned,168787.54
ORD01275,CUST0384,SELL074,2023-11-08,2023-11-13,Delivered,308912.61
ORD01276,CUST0384,SELL057,2024-03-10,2024-03-16,Delivered,73629.38
ORD01277,CUST0384,SELL047,2023-03-26,,Shipped,
ORD01278,CUST0384,SELL007,2023-09-26,,Cancelled,456855.44
ORD01279,CUST0384,SELL012,2023-12-03,,Processing,30345.96
ORD01280,CUST0385,SELL085,2024-07-31,2024-08-04,Delivered,
ORD01281,CUST0385,SELL008,2024-04-09,,Processing,37315.03
ORD01282,CUST0386,SELL030,2023-04-16,,Cancelled,347418.14
ORD01283,CUST0386,SELL087,2023-08-29,,Processing,180084.64
ORD01284,CUST0386,SELL012,2024-12-23,2024-12-29,Delivered,430462.89
ORD01285,CUST0386,SELL062,2024-05-02,,Cancelled,712325.89
ORD01286,CUST0386,SELL057,2024-03-14,2024-03-19,Delivered,63045.36
ORD01287,CUST0386,SELL006,2023-09-24,2023-09-26,Delivered,509055.94
ORD01288,CUST0386,SELL026,2024-06-12,,Processing,
ORD01289,CUST0386,SELL069,2024-04-02,,Processing,83437.72
ORD01290,CUST0386,SELL036,2024-10-24,,Cancelled,405537.54
ORD01291,CUST0386,SELL001,2023-04-13,,Shipped,101292.39
ORD01292,CUST0388,SELL076,2024-06-24,2024-07-01,Delivered,1759452.55
ORD01293,CUST0388,SELL083,2024-02-28,2024-03-06,Delivered,151263.40
ORD01294,CUST0389,SELL049,2024-08-24,2024-08-30,Delivered,13409.28
ORD01295,CUST0390,SELL030,2024-06-20,2024-06-28,Delivered,668077.43
ORD01296,CUST0390,SELL008,2024-11-12,,Cancelled,3329.98
ORD01297,CUST0391,SELL084,2024-06-04,2024-06-14,Delivered,1090050.21
ORD01298,CUST0391,SELL030,2024-06-07,,Shipped,51425.70
ORD01299,CUST0391,SELL003,2024-09-20,,Returned,159994.66
ORD01300,CUST0392,SELL079,2024-05-19,,Processing,32796.92
ORD01301,CUST0392,SELL043,2024-06-13,2024-06-20,Delivered,1343803.78
ORD01302,CUST0392,SELL090,2024-12-10,,Processing,24585.89
ORD01303,CUST0392,SELL086,2024-11-18,2024-11-19,Delivered,182439.52
ORD01304,CUST0392,SELL010,2024-10-10,2024-10-16,Delivered,44912.78
ORD01305,CUST0392,SELL052,2024-01-28,,Processing,919640.12
ORD01306,CUST0392,SELL069,2024-11-07,2024-11-12,Delivered,110900.42
ORD01307,CUST0392,SELL040,2023-12-31,,Cancelled,
ORD01308,CUST0392,SELL088,2024-12-18,,Cancelled,470493.77
ORD01309,CUST0392,SELL077,2024-07-29,2024-08-02,Delivered,
ORD01310,CUST0393,SELL030,2024-09-28,2024-10-01,Delivered,29570.18
ORD01311,CUST0393,SELL015,2023-06-20,2023-06-25,Delivered,217322.84
ORD01312,CUST0393,SELL044,2023-11-17,,Returned,
ORD01313,CUST0394,SELL020,2023-09-09,2023-09-14,Delivered,265518.94
ORD01314,CUST0394,SELL009,2024-11-17,2024-11-23,Delivered,68157.62
ORD01315,CUST0394,SELL038,2023-11-09,,Returned,913573.37
ORD01316,CUST0394,SELL024,2024-04-26,,Shipped,
ORD01317,CUST0394,SELL050,2023-09-07,,Returned,
ORD01318,CUST0394,SELL059,2024-01-15,,Cancelled,410863.88
ORD01319,CUST0394,SELL042,2024-02-09,2024-02-11,Delivered,261871.45
ORD01320,CUST0394,SELL038,2023-05-26,,Returned,211096.17
ORD01321,CUST0394,SELL059,2023-10-21,,Shipped,171956.04
ORD01322,CUST0394,SELL008,2024-08-19,2024-08-26,Delivered,49812.90
ORD01323,CUST0395,SELL089,2023-10-10,,Processing,191306.61
ORD01324,CUST0395,SELL011,2024-02-12,,Cancelled,118352.69
ORD01325,CUST0396,SELL066,2024-02-23,,Processing,289181.78
ORD01326,CUST0396,SELL053,2024-06-02,2024-06-10,Delivered,90042.32
ORD01327,CUST0396,SELL078,2024-07-06,,Processing,31091.23
ORD01328,CUST0396,SELL086,2024-09-28,,Shipped,756460.81
ORD01329,CUST0396,SELL051,2023-09-29,2023-10-07,Delivered,53108.20
ORD01330,CUST0396,SELL076,2024-05-08,2024-05-12,Delivered,
ORD01331,CUST0398,SELL033,2023-05-24,2023-05-30,Delivered,117469.19
ORD01332,CUST0398,SELL025,2023-12-02,,Cancelled,1039365.35
ORD01333,CUST0398,SELL019,2024-08-31,,Shipped,380265.64
ORD01334,CUST0398,SELL064,2023-05-29,2023-06-10,Delivered,3849.92
ORD01335,CUST0398,SELL086,2024-11-15,2024-11-23,Delivered,
ORD01336,CUST0398,SELL030,2023-10-13,2023-10-18,Delivered,47472.78
ORD01337,CUST0399,SELL014,2024-10-19,,Shipped,65577.92
ORD01338,CUST0399,SELL005,2024-08-15,,Shipped,124747.54
ORD01339,CUST0400,SELL001,2024-02-01,,Returned,167569.26
ORD01340,CUST0400,SELL084,2023-10-29,,Processing,244771.48
ORD01341,CUST0400,SELL062,2023-08-08,,Returned,11683.06
ORD01342,CUST0400,SELL010,2023-12-13,,Returned,1107572.50
ORD01343,CUST0401,SELL080,2024-11-27,,Returned,1178247.54
ORD01344,CUST0401,SELL040,2024-11-29,,Processing,
ORD01345,CUST0401,SELL057,2024-12-05,2024-12-06,Delivered,60942.63
ORD01346,CUST0401,SELL078,2024-12-18,2024-12-19,Delivered,5755.30
ORD01347,CUST0402,SELL031,2024-04-21,2024-04-27,Delivered,408079.72
ORD01348,CUST0402,SELL045,2024-04-18,,Cancelled,14461.31
ORD01349,CUST0402,SELL080,2024-01-13,2024-01-20,Delivered,103986.26
ORD01350,CUST0402,SELL061,2024-06-02,2024-06-06,Delivered,9207.08
ORD01351,CUST0402,SELL041,2023-05-04,,Returned,646899.17
ORD01352,CUST0402,SELL076,2023-05-16,,Returned,160848.97
ORD01353,CUST0403,SELL081,2024-11-02,2024-11-05,Delivered,2149209.07
ORD01354,CUST0403,SELL077,2024-08-06,2024-08-10,Delivered,324717.30
ORD01355,CUST0403,SELL078,2024-05-05,2024-05-07,Delivered,1317086.90
ORD01356,CUST0403,SELL006,2024-09-27,,Shipped,1144891.00
ORD01357,CUST0403,SELL037,2024-12-11,,Shipped,189703.99
ORD01358,CUST0403,SELL044,2024-07-15,,Cancelled,
ORD01359,CUST0404,SELL088,2024-04-24,2024-04-28,Delivered,135696.91
ORD01360,CUST0404,SELL047,2024-04-11,2024-04-14,Delivered,528191.14
ORD01361,CUST0404,SELL080,2024-09-03,2024-09-04,Delivered,100004.00
ORD01362,CUST0404,SELL024,2024-06-14,,Processing,9954.82
ORD01363,CUST0405,SELL039,2024-02-27,,Returned,378503.96
ORD01364,CUST0407,SELL007,2024-08-27,2024-09-03,Delivered,888627.76
ORD01365,CUST0407,SELL068,2023-12-11,2023-12-15,Delivered,191900.83
ORD01366,CUST0407,SELL008,2024-02-05,,Shipped,506720.90
ORD01367,CUST0407,SELL048,2024-11-23,2024-12-02,Delivered,289357.03
ORD01368,CUST0407,SELL056,2024-06-24,2024-07-04,Delivered,18080.28
ORD01369,CUST0407,SELL033,2024-05-06,,Returned,1446072.43
ORD01370,CUST0407,SELL016,2024-05-23,2024-05-26,Delivered,154882.11
ORD01371,CUST0407,SELL051,2024-04-29,,Processing,905535.81
ORD01372,CUST0408,SELL018,2024-06-01,2024-06-05,Delivered,7092.62
ORD01373,CUST0409,SELL052,2024-11-25,,Shipped,344086.23
ORD01374,CUST0409,SELL048,2024-12-06,2024-12-07,Delivered,1027134.30
ORD01375,CUST0409,SELL023,2024-12-15,2024-12-17,Delivered,515070.46
ORD01376,CUST0409,SELL008,2024-11-28,,Cancelled,257485.66
ORD01377,CUST0409,SELL011,2024-11-30,2024-12-06,Delivered,41043.57
ORD01378,CUST0409,SELL071,2024-11-21,,Shipped,509664.00
ORD01379,CUST0410,SELL048,2024-11-10,,Shipped,787954.12
ORD01380,CUST0410,SELL032,2023-07-29,,Cancelled,1962716.00
ORD01381,CUST0410,SELL078,2023-09-24,,Returned,336301.78
ORD01382,CUST0410,SELL072,2024-01-20,2024-01-27,Delivered,336920.80
ORD01383,CUST0411,SELL021,2024-05-16,,Cancelled,23540.85
ORD01384,CUST0411,SELL003,2024-05-17,,Returned,1123765.76
ORD01385,CUST0412,SELL039,2024-02-23,2024-02-25,Delivered,604011.00
ORD01386,CUST0412,SELL043,2024-03-16,,Processing,240474.84
ORD01387,CUST0412,SELL029,2024-08-17,2024-08-22,Delivered,409790.96
ORD01388,CUST0412,SELL024,2024-01-21,,Returned,228846.48
ORD01389,CUST0412,SELL065,2023-11-11,2023-11-17,Delivered,499557.85
ORD01390,CUST0412,SELL072,2024-11-17,2024-11-19,Delivered,64814.68
ORD01391,CUST0412,SELL039,2024-03-12,2024-03-17,Delivered,3628.18
ORD01392,CUST0413,SELL017,2024-07-30,,Returned,1450724.24
ORD01393,CUST0413,SELL056,2024-12-16,,Shipped,622605.57
ORD01394,CUST0413,SELL034,2024-09-22,,Shipped,946234.05
ORD01395,CUST0413,SELL090,2024-06-19,,Shipped,49739.73
ORD01396,CUST0414,SELL041,2024-11-07,,Cancelled,723338.14
ORD01397,CUST0414,SELL033,2024-11-08,2024-11-13,Delivered,407337.51
ORD01398,CUST0414,SELL090,2024-06-29,2024-06-30,Delivered,24825.96
ORD01399,CUST0414,SELL076,2024-12-12,2024-12-14,Delivered,1042211.85
ORD01400,CUST0415,SELL017,2024-09-13,,Shipped,4535.45
ORD01401,CUST0415,SELL038,2024-12-25,,Shipped,2944.75
ORD01402,CUST0415,SELL033,2024-09-28,,Returned,90045.30
ORD01403,CUST0416,SELL042,2024-09-09,2024-09-15,Delivered,92706.45
ORD01404,CUST0416,SELL080,2024-04-09,,Shipped,
ORD01405,CUST0416,SELL001,2023-10-30,2023-11-01,Delivered,305798.40
ORD01406,CUST0416,SELL043,2024-09-25,,Shipped,
ORD01407,CUST0417,SELL036,2024-09-24,2024-09-28,Delivered,104826.28
ORD01408,CUST0417,SELL068,2024-12-11,,Processing,1940456.15
ORD01409,CUST0418,SELL066,2024-12-25,2024-12-28,Delivered,9563.86
ORD01410,CUST0418,SELL069,2024-01-22,,Cancelled,369171.32
ORD01411,CUST0418,SELL020,2024-08-24,2024-08-30,Delivered,505004.26
ORD01412,CUST0418,SELL036,2023-10-26,,Shipped,703636.90
ORD01413,CUST0418,SELL074,2024-06-15,,Processing,205073.54
ORD01414,CUST0418,SELL006,2024-07-06,2024-07-13,Delivered,207598.77
ORD01415,CUST0418,SELL064,2023-10-18,,Cancelled,18247.68
ORD01416,CUST0418,SELL001,2024-07-17,2024-07-25,Delivered,15970.44
ORD01417,CUST0419,SELL077,2023-09-04,2023-09-09,Delivered,602922.95
ORD01418,CUST0419,SELL061,2024-08-27,,Returned,2431.72
ORD01419,CUST0419,SELL009,2023-09-28,,Returned,30229.10
ORD01420,CUST0419,SELL041,2023-10-14,,Processing,42820.06
ORD01421,CUST0419,SELL004,2024-01-15,2024-01-19,Delivered,267736.80
ORD01422,CUST0419,SELL057,2024-11-13,2024-11-20,Delivered,409790.96
ORD01423,CUST0421,SELL068,2024-04-18,2024-04-25,Delivered,69992.67
ORD01424,CUST0421,SELL071,2024-07-25,2024-07-30,Delivered,504390.28
ORD01425,CUST0421,SELL016,2024-01-31,,Returned,587875.86
ORD01426,CUST0421,SELL055,2024-07-30,2024-08-05,Delivered,14239.20
ORD01427,CUST0421,SELL036,2024-09-18,,Shipped,506311.33
ORD01428,CUST0421,SELL070,2024-08-09,,Cancelled,86690.40
ORD01429,CUST0421,SELL008,2023-11-13,2023-11-18,Delivered,201503.45
ORD01430,CUST0421,SELL027,2024-01-04,2024-01-09,Delivered,52539.60
ORD01431,CUST0422,SELL031,2024-05-04,2024-05-09,Delivered,58923.21
ORD01432,CUST0422,SELL070,2024-06-08,,Shipped,48285.65
ORD01433,CUST0422,SELL066,2024-10-07,,Processing,1061234.59
ORD01434,CUST0422,SELL076,2023-11-08,2023-11-13,Delivered,199354.44
ORD01435,CUST0422,SELL085,2024-12-21,,Processing,10621.64
ORD01436,CUST0422,SELL066,2024-04-04,2024-04-14,Delivered,63394.81
ORD01437,CUST0422,SELL013,2024-10-15,2024-10-21,Delivered,278279.64
ORD01438,CUST0423,SELL068,2023-12-02,2023-12-05,Delivered,57981.42
ORD01439,CUST0423,SELL014,2024-08-02,,Cancelled,569468.31
ORD01440,CUST0424,SELL051,2024-09-12,,Returned,2241418.11
ORD01441,CUST0424,SELL081,2024-06-10,2024-06-16,Delivered,74245.65
ORD01442,CUST0425,SELL030,2024-03-05,,Shipped,65303.75
ORD01443,CUST0425,SELL064,2024-08-03,2024-08-10,Delivered,326360.99
ORD01444,CUST0425,SELL086,2024-05-14,,Cancelled,18540.60
ORD01445,CUST0426,SELL018,2024-12-10,2024-12-12,Delivered,164719.61
ORD01446,CUST0426,SELL030,2024-11-14,2024-11-19,Delivered,22051.24
ORD01447,CUST0426,SELL081,2024-06-20,,Cancelled,46165.13
ORD01448,CUST0427,SELL016,2023-11-09,2023-11-15,Delivered,130265.75
ORD01449,CUST0427,SELL079,2024-11-25,2024-12-01,Delivered,695495.94
ORD01450,CUST0427,SELL013,2023-08-10,2023-08-16,Delivered,276291.22
ORD01451,CUST0427,SELL050,2023-11-29,,Returned,1311860.43
ORD01452,CUST0427,SELL076,2023-12-13,2023-12-15,Delivered,129981.66
ORD01453,CUST0427,SELL082,2023-07-27,2023-08-03,Delivered,1281402.50
ORD01454,CUST0428,SELL025,2024-12-06,,Cancelled,39662.61
ORD01455,CUST0428,SELL001,2024-12-25,2024-12-26,Delivered,103319.96
ORD01456,CUST0428,SELL017,2024-12-01,2024-12-08,Delivered,437118.57
ORD01457,CUST0428,SELL027,2024-12-03,,Shipped,68557.15
ORD01458,CUST0429,SELL082,2024-11-04,2024-11-06,Delivered,11561.20
ORD01459,CUST0429,SELL045,2024-03-19,2024-03-26,Delivered,85496.84
ORD01460,CUST0429,SELL049,2024-05-31,2024-06-07,Delivered,358922.60
ORD01461,CUST0429,SELL083,2024-06-25,,Returned,287086.29
ORD01462,CUST0429,SELL049,2024-03-28,2024-04-01,Delivered,842568.75
ORD01463,CUST0429,SELL027,2024-06-18,2024-06-24,Delivered,169891.58
ORD01464,CUST0430,SELL030,2024-08-09,2024-08-14,Delivered,337069.86
ORD01465,CUST0430,SELL038,2024-08-30,2024-09-08,Delivered,155573.74
ORD01466,CUST0430,SELL060,2024-12-04,,Cancelled,
ORD01467,CUST0432,SELL056,2024-10-16,2024-10-22,Delivered,555466.70
ORD01468,CUST0433,SELL011,2024-12-17,,Shipped,97722.81
ORD01469,CUST0433,SELL053,2024-08-11,2024-08-16,Delivered,31709.48
ORD01470,CUST0434,SELL052,2024-11-12,,Cancelled,34293.40
ORD01471,CUST0434,SELL084,2024-11-13,2024-11-18,Delivered,173260.79
ORD01472,CUST0434,SELL005,2024-12-27,2024-12-31,Delivered,110269.71
ORD01473,CUST0435,SELL003,2024-02-14,,Shipped,42328.70
ORD01474,CUST0435,SELL005,2023-04-04,2023-04-14,Delivered,772605.69
ORD01475,CUST0435,SELL055,2023-07-31,2023-08-09,Delivered,296286.45
ORD01476,CUST0435,SELL023,2024-10-29,2024-11-11,Delivered,49605.18
ORD01477,CUST0435,SELL010,2024-11-25,,Processing,292254.69
ORD01478,CUST0436,SELL047,2024-11-13,,Returned,24802.59
ORD01479,CUST0436,SELL043,2024-12-15,,Cancelled,351681.26
ORD01480,CUST0437,SELL055,2024-07-20,,Cancelled,229462.18
ORD01481,CUST0437,SELL032,2024-12-13,,Shipped,51526.03
ORD01482,CUST0437,SELL030,2024-08-21,2024-08-25,Delivered,32529.36
ORD01483,CUST0437,SELL073,2024-09-12,2024-09-15,Delivered,76292.93
ORD01484,CUST0437,SELL035,2024-09-19,2024-09-20,Delivered,628381.84
ORD01485,CUST0438,SELL051,2024-06-20,,Shipped,125806.75
ORD01486,CUST0439,SELL074,2024-08-03,,Processing,294670.24
ORD01487,CUST0439,SELL020,2024-10-09,2024-10-14,Delivered,442560.44
ORD01488,CUST0439,SELL054,2024-12-14,,Returned,932741.10
ORD01489,CUST0439,SELL051,2024-10-15,,Processing,145263.16
ORD01490,CUST0439,SELL010,2024-11-18,,Processing,168765.99
ORD01491,CUST0440,SELL012,2024-11-17,,Returned,994838.80
ORD01492,CUST0440,SELL001,2024-11-29,2024-12-03,Delivered,114532.41
ORD01493,CUST0440,SELL037,2024-11-18,2024-11-21,Delivered,573477.05
ORD01494,CUST0441,SELL019,2024-06-03,,Returned,385410.72
ORD01495,CUST0441,SELL075,2023-10-27,2023-11-02,Delivered,1042351.76
ORD01496,CUST0442,SELL073,2024-06-20,,Returned,32591.54
ORD01497,CUST0443,SELL005,2024-10-26,,Cancelled,29196.20
ORD01498,CUST0444,SELL032,2023-09-29,2023-10-05,Delivered,243727.04
ORD01499,CUST0444,SELL054,2024-03-09,2024-03-15,Delivered,180153.97
ORD01500,CUST0444,SELL010,2024-03-02,2024-03-03,Delivered,420883.00
ORD01501,CUST0445,SELL011,2024-11-18,,Returned,1159391.80
ORD01502,CUST0445,SELL052,2024-05-25,,Shipped,1001521.90
ORD01503,CUST0445,SELL020,2024-02-25,2024-02-28,Delivered,651736.73
ORD01504,CUST0445,SELL049,2023-07-05,2023-07-10,Delivered,407731.20
ORD01505,CUST0445,SELL015,2023-06-21,,Processing,25905.43
ORD01506,CUST0446,SELL039,2023-07-09,,Shipped,327218.95
ORD01507,CUST0446,SELL090,2024-04-24,2024-05-03,Delivered,93330.92
ORD01508,CUST0446,SELL025,2024-11-06,2024-11-14,Delivered,68942.67
ORD01509,CUST0446,SELL022,2024-07-15,2024-07-21,Delivered,18117.48
ORD01510,CUST0446,SELL011,2023-09-08,,Returned,443026.21
ORD01511,CUST0446,SELL023,2024-06-09,2024-06-16,Delivered,804733.40
ORD01512,CUST0448,SELL079,2024-09-20,,Cancelled,2721.27
ORD01513,CUST0448,SELL077,2024-08-12,,Cancelled,253935.11
ORD01514,CUST0448,SELL044,2024-10-13,,Returned,58964.00
ORD01515,CUST0448,SELL024,2024-02-09,,Processing,57376.80
ORD01516,CUST0449,SELL002,2023-06-09,2023-06-16,Delivered,716689.83
ORD01517,CUST0449,SELL054,2024-06-04,,Cancelled,86508.56
ORD01518,CUST0449,SELL013,2024-02-16,,Shipped,37123.11
ORD01519,CUST0450,SELL085,2024-10-08,,Processing,25399.10
ORD01520,CUST0450,SELL036,2024-06-30,2024-07-11,Delivered,32412.37
ORD01521,CUST0450,SELL012,2024-09-11,2024-09-18,Delivered,61852.40
ORD01522,CUST0450,SELL014,2024-10-19,,Shipped,970312.13
ORD01523,CUST0451,SELL068,2023-12-28,,Processing,120043.30
ORD01524,CUST0451,SELL072,2024-07-15,,Shipped,381487.47
ORD01525,CUST0451,SELL079,2024-06-14,2024-06-15,Delivered,152620.50
ORD01526,CUST0451,SELL053,2024-04-06,2024-04-11,Delivered,1741171.42
ORD01527,CUST0451,SELL045,2024-02-26,2024-02-28,Delivered,1506030.00
ORD01528,CUST0451,SELL085,2023-12-09,2023-12-16,Delivered,
ORD01529,CUST0451,SELL045,2024-06-16,,Cancelled,1725784.12
ORD01530,CUST0451,SELL007,2024-09-25,,Cancelled,311634.75
ORD01531,CUST0452,SELL059,2023-08-12,2023-08-16,Delivered,13409.28
ORD01532,CUST0452,SELL057,2023-09-16,2023-09-18,Delivered,14771.68
ORD01533,CUST0452,SELL082,2023-08-22,2023-08-24,Delivered,1602.14
ORD01534,CUST0452,SELL051,2023-12-05,,Returned,70088.60
ORD01535,CUST0453,SELL087,2024-10-02,,Cancelled,20196.96
ORD01536,CUST0453,SELL036,2024-10-01,,Processing,91572.30
ORD01537,CUST0453,SELL051,2024-11-01,,Shipped,323619.81
ORD01538,CUST0453,SELL050,2024-12-14,,Shipped,
ORD01539,CUST0453,SELL008,2024-11-05,2024-11-15,Delivered,46665.46
ORD01540,CUST0453,SELL038,2024-11-13,,Returned,7586.49
ORD01541,CUST0454,SELL003,2024-08-11,2024-08-18,Delivered,465301.97
ORD01542,CUST0454,SELL017,2024-04-15,,Cancelled,63045.36
ORD01543,CUST0454,SELL046,2024-04-25,,Shipped,609597.45
ORD01544,CUST0455,SELL046,2024-09-25,2024-09-27,Delivered,321721.45
ORD01545,CUST0455,SELL006,2024-09-06,2024-09-08,Delivered,1738086.01
ORD01546,CUST0455,SELL011,2024-06-30,2024-07-04,Delivered,610317.96
ORD01547,CUST0455,SELL024,2024-10-13,2024-10-15,Delivered,40190.19
ORD01548,CUST0455,SELL075,2024-03-08,,Returned,1063841.04
ORD01549,CUST0455,SELL037,2024-12-05,,Processing,32496.44
ORD01550,CUST0458,SELL011,2024-11-17,2024-11-20,Delivered,51604.24
ORD01551,CUST0459,SELL074,2024-06-05,2024-06-06,Delivered,47284.02
ORD01552,CUST0459,SELL080,2023-06-18,,Processing,86352.92
ORD01553,CUST0459,SELL088,2024-08-05,,Returned,
ORD01554,CUST0459,SELL075,2023-08-08,,Cancelled,39482.24
ORD01555,CUST0459,SELL048,2024-01-20,,Returned,57790.16
ORD01556,CUST0459,SELL032,2023-10-18,2023-10-19,Delivered,263606.60
ORD01557,CUST0460,SELL027,2024-10-25,,Returned,1823.79
ORD01558,CUST0460,SELL017,2024-05-13,2024-05-18,Delivered,
ORD01559,CUST0460,SELL018,2024-02-16,,Shipped,99989.07
ORD01560,CUST0460,SELL021,2024-05-17,,Processing,198912.26
ORD01561,CUST0460,SELL036,2024-12-17,2024-12-21,Delivered,204806.12
ORD01562,CUST0460,SELL047,2024-07-08,,Shipped,358879.83
ORD01563,CUST0460,SELL076,2024-06-13,,Cancelled,485731.76
ORD01564,CUST0460,SELL041,2023-11-12,2023-11-16,Delivered,43789.85
ORD01565,CUST0461,SELL019,2024-05-06,,Processing,1401503.52
ORD01566,CUST0461,SELL079,2024-11-30,2024-12-01,Delivered,56009.43
ORD01567,CUST0461,SELL085,2024-04-20,2024-04-27,Delivered,99076.62
ORD01568,CUST0462,SELL064,2023-07-01,2023-07-04,Delivered,339257.53
ORD01569,CUST0462,SELL079,2023-07-19,2023-07-25,Delivered,103389.13
ORD01570,CUST0462,SELL025,2023-11-19,,Processing,523208.74
ORD01571,CUST0462,SELL057,2024-08-02,2024-08-09,Delivered,458781.64
ORD01572,CUST0462,SELL015,2024-12-08,2024-12-09,Delivered,25061.13
ORD01573,CUST0462,SELL017,2024-12-06,2024-12-09,Delivered,5914.40
ORD01574,CUST0462,SELL087,2024-01-28,2024-02-01,Delivered,540458.75
ORD01575,CUST0462,SELL049,2023-09-20,,Returned,287086.29
ORD01576,CUST0462,SELL077,2024-09-12,,Shipped,91114.16
ORD01577,CUST0464,SELL012,2024-03-14,,Cancelled,1038879.17
ORD01578,CUST0464,SELL083,2024-12-15,,Returned,661180.78
ORD01579,CUST0464,SELL009,2023-07-27,2023-08-02,Delivered,739805.40
ORD01580,CUST0464,SELL044,2024-07-19,,Shipped,69998.19
ORD01581,CUST0464,SELL028,2023-10-04,2023-10-10,Delivered,38342.82
ORD01582,CUST0464,SELL067,2023-07-03,2023-07-07,Delivered,260280.99
ORD01583,CUST0467,SELL083,2024-07-06,,Returned,50242.47
ORD01584,CUST0467,SELL015,2024-06-26,,Shipped,4696.28
ORD01585,CUST0468,SELL021,2024-11-29,,Returned,227151.91
ORD01586,CUST0468,SELL046,2024-11-30,2024-12-03,Delivered,825680.81
ORD01587,CUST0468,SELL032,2024-12-10,2024-12-12,Delivered,100339.89
ORD01588,CUST0468,SELL090,2024-11-23,2024-11-30,Delivered,1781841.04
ORD01589,CUST0469,SELL027,2024-10-05,,Cancelled,
ORD01590,CUST0469,SELL060,2024-05-14,2024-05-21,Delivered,454316.32
ORD01591,CUST0470,SELL008,2023-08-30,,Returned,152620.50
ORD01592,CUST0470,SELL001,2023-10-07,,Shipped,484414.91
ORD01593,CUST0471,SELL022,2024-05-17,,Cancelled,102269.93
ORD01594,CUST0472,SELL008,2024-03-01,2024-03-06,Delivered,33479.34
ORD01595,CUST0472,SELL019,2024-11-21,,Processing,32496.44
ORD01596,CUST0472,SELL062,2023-12-17,2023-12-23,Delivered,52346.95
ORD01597,CUST0472,SELL079,2024-07-21,2024-07-24,Delivered,
ORD01598,CUST0473,SELL025,2024-06-21,,Processing,2277.57
ORD01599,CUST0473,SELL087,2023-10-17,,Shipped,57552.08
ORD01600,CUST0473,SELL012,2024-12-13,2024-12-20,Delivered,140237.76
ORD01601,CUST0473,SELL054,2023-10-20,2023-10-22,Delivered,106784.91
ORD01602,CUST0473,SELL005,2023-04-29,2023-05-02,Delivered,978096.05
ORD01603,CUST0473,SELL027,2023-12-25,,Cancelled,207805.53
ORD01604,CUST0474,SELL027,2024-12-09,2024-12-19,Delivered,28812.35
ORD01605,CUST0475,SELL050,2024-12-08,2024-12-11,Delivered,31477.40
ORD01606,CUST0475,SELL031,2024-11-02,,Returned,1211726.50
ORD01607,CUST0476,SELL034,2024-06-06,2024-06-13,Delivered,96615.35
ORD01608,CUST0476,SELL049,2024-06-03,,Returned,1092137.37
ORD01609,CUST0476,SELL008,2024-02-27,2024-03-03,Delivered,199233.48
ORD01610,CUST0478,SELL077,2024-01-09,,Cancelled,1368736.41
ORD01611,CUST0478,SELL069,2024-05-20,,Processing,789996.34
ORD01612,CUST0478,SELL029,2024-12-26,2024-12-29,Delivered,22960.29
ORD01613,CUST0478,SELL004,2024-09-12,,Shipped,206048.30
ORD01614,CUST0478,SELL090,2024-10-01,2024-10-05,Delivered,1272167.51
ORD01615,CUST0478,SELL056,2023-12-18,,Processing,
ORD01616,CUST0478,SELL016,2024-09-24,,Cancelled,306963.73
ORD01617,CUST0479,SELL013,2024-12-03,2024-12-10,Delivered,40465.27
ORD01618,CUST0480,SELL086,2024-10-27,,Cancelled,1379975.68
ORD01619,CUST0480,SELL056,2024-06-09,2024-06-13,Delivered,638415.97
ORD01620,CUST0481,SELL083,2024-04-09,2024-04-19,Delivered,865087.23
ORD01621,CUST0481,SELL014,2024-04-02,,Cancelled,513753.00
ORD01622,CUST0481,SELL049,2024-07-30,2024-08-08,Delivered,45708.85
ORD01623,CUST0481,SELL038,2023-06-07,2023-06-10,Delivered,7172.97
ORD01624,CUST0481,SELL074,2024-04-14,2024-04-19,Delivered,215711.20
ORD01625,CUST0481,SELL069,2024-06-21,2024-06-24,Delivered,310749.90
ORD01626,CUST0481,SELL001,2024-05-16,,Processing,325806.45
ORD01627,CUST0481,SELL007,2024-09-27,2024-10-06,Delivered,767003.95
ORD01628,CUST0481,SELL009,2024-04-25,,Returned,1062479.55
ORD01629,CUST0481,SELL020,2023-06-05,2023-06-12,Delivered,
ORD01630,CUST0482,SELL034,2024-08-31,2024-09-02,Delivered,380329.47
ORD01631,CUST0482,SELL037,2024-11-17,,Returned,560071.01
ORD01632,CUST0482,SELL027,2024-07-12,,Shipped,64122.63
ORD01633,CUST0482,SELL036,2024-03-26,,Returned,56377.85
ORD01634,CUST0482,SELL066,2024-05-10,2024-05-17,Delivered,77315.50
ORD01635,CUST0482,SELL085,2024-10-22,,Processing,544947.62
ORD01636,CUST0482,SELL085,2024-02-09,2024-02-16,Delivered,84100.44
ORD01637,CUST0482,SELL084,2023-12-29,,Processing,116488.73
ORD01638,CUST0482,SELL069,2024-08-09,,Returned,1011339.75
ORD01639,CUST0482,SELL069,2024-10-12,2024-10-14,Delivered,
ORD01640,CUST0483,SELL073,2024-08-19,2024-08-24,Delivered,40877.16
ORD01641,CUST0483,SELL076,2024-07-15,,Processing,102403.06
ORD01642,CUST0486,SELL017,2023-12-16,2023-12-29,Delivered,168353.89
ORD01643,CUST0488,SELL018,2024-02-24,,Shipped,159679.04
ORD01644,CUST0490,SELL036,2024-07-31,,Cancelled,628372.20
ORD01645,CUST0490,SELL068,2024-07-27,2024-07-28,Delivered,11386.20
ORD01646,CUST0491,SELL034,2024-09-21,,Shipped,100013.23
ORD01647,CUST0491,SELL045,2024-05-09,2024-05-12,Delivered,629898.03
ORD01648,CUST0491,SELL032,2024-05-24,2024-05-26,Delivered,141953.36
ORD01649,CUST0492,SELL022,2024-09-27,,Returned,344917.27
ORD01650,CUST0492,SELL076,2024-10-16,2024-10-18,Delivered,1462057.55
ORD01651,CUST0493,SELL056,2024-04-12,,Shipped,805628.22
ORD01652,CUST0494,SELL054,2024-11-16,,Returned,182275.12
ORD01653,CUST0494,SELL068,2024-09-02,,Shipped,311454.20
ORD01654,CUST0494,SELL019,2024-06-10,2024-06-16,Delivered,160108.43
ORD01655,CUST0494,SELL024,2024-06-12,2024-06-16,Delivered,809604.90
ORD01656,CUST0494,SELL067,2024-10-22,2024-10-23,Delivered,
ORD01657,CUST0494,SELL075,2024-02-24,,Returned,63030.81
ORD01658,CUST0494,SELL060,2024-02-02,,Shipped,471756.64
ORD01659,CUST0494,SELL019,2024-02-01,,Processing,1349163.71
ORD01660,CUST0495,SELL010,2024-12-02,2024-12-07,Delivered,187646.29
ORD01661,CUST0495,SELL058,2024-12-04,,Cancelled,89630.67
ORD01662,CUST0497,SELL007,2023-06-02,2023-06-05,Delivered,141135.80
ORD01663,CUST0497,SELL072,2024-09-20,2024-09-24,Delivered,87482.09
ORD01664,CUST0497,SELL007,2024-05-19,2024-05-23,Delivered,1158907.10
ORD01665,CUST0497,SELL059,2024-01-10,2024-01-16,Delivered,211679.32
ORD01666,CUST0497,SELL032,2024-09-04,2024-09-05,Delivered,182560.65
ORD01667,CUST0497,SELL040,2024-04-24,2024-04-29,Delivered,102447.74
ORD01668,CUST0499,SELL010,2024-10-24,,Returned,120704.02
ORD01669,CUST0499,SELL062,2024-12-25,2024-12-31,Delivered,1280228.45
ORD01670,CUST0501,SELL059,2024-06-14,,Shipped,51492.75
ORD01671,CUST0501,SELL086,2023-03-15,,Processing,107691.70
ORD01672,CUST0501,SELL075,2023-05-08,,Processing,158321.24
ORD01673,CUST0501,SELL015,2024-03-25,2024-03-29,Delivered,53762.13
ORD01674,CUST0502,SELL065,2024-12-28,,Processing,39655.64
ORD01675,CUST0502,SELL049,2024-10-15,,Processing,1281457.61
ORD01676,CUST0502,SELL006,2024-11-16,2024-11-19,Delivered,86284.48
ORD01677,CUST0502,SELL009,2024-09-16,,Returned,43905.60
ORD01678,CUST0503,SELL015,2024-05-29,,Shipped,6438.96
ORD01679,CUST0503,SELL014,2024-01-25,,Returned,9521.40
ORD01680,CUST0503,SELL034,2024-10-04,2024-10-08,Delivered,129842.64
ORD01681,CUST0503,SELL028,2024-12-06,,Shipped,48648.69
ORD01682,CUST0503,SELL089,2024-03-20,2024-03-22,Delivered,530860.46
ORD01683,CUST0504,SELL034,2024-01-22,2024-01-24,Delivered,25910.95
ORD01684,CUST0505,SELL067,2024-09-21,2024-09-22,Delivered,78806.70
ORD01685,CUST0505,SELL062,2024-11-22,,Returned,30388.20
ORD01686,CUST0506,SELL062,2024-01-16,,Processing,437628.20
ORD01687,CUST0506,SELL054,2024-06-25,,Processing,135442.10
ORD01688,CUST0506,SELL028,2023-05-12,2023-05-16,Delivered,54388.50
ORD01689,CUST0506,SELL047,2023-08-07,2023-08-11,Delivered,584934.80
ORD01690,CUST0506,SELL065,2024-09-13,,Shipped,351142.20
ORD01691,CUST0507,SELL022,2024-10-26,2024-11-05,Delivered,425267.89
ORD01692,CUST0507,SELL015,2024-08-27,2024-08-31,Delivered,441078.84
ORD01693,CUST0507,SELL043,2024-07-30,2024-08-09,Delivered,339524.65
ORD01694,CUST0507,SELL077,2024-06-13,2024-06-17,Delivered,5712.84
ORD01695,CUST0509,SELL016,2024-12-30,,Processing,26343.44
ORD01696,CUST0509,SELL044,2024-12-15,,Processing,2847.84
ORD01697,CUST0511,SELL033,2024-01-23,,Returned,459203.48
ORD01698,CUST0511,SELL077,2024-09-22,2024-09-27,Delivered,23616.92
ORD01699,CUST0511,SELL013,2024-09-29,2024-10-01,Delivered,
ORD01700,CUST0511,SELL067,2024-08-16,,Cancelled,1482754.03
ORD01701,CUST0511,SELL018,2024-10-11,,Cancelled,822273.60
ORD01702,CUST0511,SELL012,2024-03-25,2024-04-01,Delivered,499862.83
ORD01703,CUST0511,SELL058,2024-03-27,,Shipped,25905.43
ORD01704,CUST0511,SELL024,2024-05-18,,Shipped,
ORD01705,CUST0512,SELL030,2024-12-22,,Shipped,563880.02
ORD01706,CUST0512,SELL013,2024-11-25,,Shipped,68699.92
ORD01707,CUST0513,SELL021,2024-12-06,2024-12-08,Delivered,497712.95
ORD01708,CUST0513,SELL055,2024-11-24,2024-12-04,Delivered,130015.70
ORD01709,CUST0513,SELL025,2024-11-25,2024-12-02,Delivered,1220840.69
ORD01710,CUST0513,SELL012,2024-11-27,2024-12-04,Delivered,333752.14
ORD01711,CUST0513,SELL041,2024-11-23,2024-11-28,Delivered,4038.10
ORD01712,CUST0513,SELL031,2024-11-30,2024-12-04,Delivered,23765.62
ORD01713,CUST0513,SELL069,2024-12-25,2024-12-30,Delivered,5323.48
ORD01714,CUST0513,SELL025,2024-12-23,,Processing,691596.36
ORD01715,CUST0517,SELL087,2024-07-25,2024-07-28,Delivered,70505.99
ORD01716,CUST0518,SELL033,2024-11-14,2024-11-19,Delivered,82979.02
ORD01717,CUST0518,SELL018,2024-06-20,,Shipped,1065848.19
ORD01718,CUST0518,SELL045,2023-06-16,,Cancelled,14723.75
ORD01719,CUST0518,SELL002,2024-09-27,,Processing,74245.65
ORD01720,CUST0518,SELL013,2024-04-23,2024-04-28,Delivered,194600.30
ORD01721,CUST0518,SELL076,2023-12-17,2023-12-24,Delivered,675417.62
ORD01722,CUST0518,SELL079,2024-03-11,,Returned,146172.96
ORD01723,CUST0518,SELL090,2024-02-13,2024-02-17,Delivered,994838.80
ORD01724,CUST0518,SELL011,2024-02-16,,Cancelled,13380.15
ORD01725,CUST0518,SELL062,2024-08-25,2024-08-29,Delivered,34157.64
ORD01726,CUST0519,SELL038,2024-06-28,2024-07-04,Delivered,16961.56
ORD01727,CUST0519,SELL082,2024-09-06,,Cancelled,1955906.49
ORD01728,CUST0519,SELL034,2024-08-30,2024-09-01,Delivered,629332.63
ORD01729,CUST0519,SELL088,2024-07-07,2024-07-14,Delivered,501907.37
ORD01730,CUST0519,SELL032,2024-09-17,,Processing,82232.97
ORD01731,CUST0519,SELL029,2024-07-24,2024-07-27,Delivered,32574.27
ORD01732,CUST0519,SELL049,2024-07-10,2024-07-15,Delivered,324828.96
ORD01733,CUST0519,SELL063,2024-09-06,2024-09-13,Delivered,21912.74
ORD01734,CUST0519,SELL055,2024-09-18,2024-09-20,Delivered,64122.63
ORD01735,CUST0519,SELL077,2024-09-15,,Cancelled,27088.10
ORD01736,CUST0519,SELL057,2024-07-12,2024-07-15,Delivered,
ORD01737,CUST0519,SELL046,2024-09-26,2024-10-03,Delivered,135283.44
ORD01738,CUST0521,SELL071,2024-09-04,,Shipped,269130.44
ORD01739,CUST0522,SELL025,2024-10-08,,Cancelled,9404.33
ORD01740,CUST0522,SELL034,2024-12-01,2024-12-02,Delivered,813081.63
ORD01741,CUST0522,SELL061,2024-10-02,2024-10-09,Delivered,1657410.01
ORD01742,CUST0522,SELL046,2024-12-31,2025-01-04,Delivered,129271.75
ORD01743,CUST0523,SELL024,2024-08-05,2024-08-08,Delivered,1416912.17
ORD01744,CUST0525,SELL086,2023-12-30,,Cancelled,3485.44
ORD01745,CUST0525,SELL076,2024-10-22,,Cancelled,220692.32
ORD01746,CUST0525,SELL036,2024-05-21,,Processing,192259.59
ORD01747,CUST0525,SELL083,2024-07-24,,Returned,1132304.71
ORD01748,CUST0525,SELL050,2024-12-15,,Processing,479117.75
ORD01749,CUST0526,SELL080,2024-08-11,,Cancelled,
ORD01750,CUST0526,SELL024,2024-09-22,,Cancelled,611816.16
ORD01751,CUST0526,SELL009,2024-12-21,2024-12-23,Delivered,33297.75
ORD01752,CUST0526,SELL063,2024-11-14,2024-11-17,Delivered,44306.32
ORD01753,CUST0527,SELL044,2024-08-27,,Returned,19390.59
ORD01754,CUST0528,SELL003,2024-10-31,2024-11-01,Delivered,195934.03
ORD01755,CUST0529,SELL064,2024-08-08,2024-08-15,Delivered,351805.72
ORD01756,CUST0529,SELL066,2023-12-21,2023-12-24,Delivered,8076.20
ORD01757,CUST0529,SELL068,2023-08-31,2023-09-05,Delivered,395222.81
ORD01758,CUST0529,SELL067,2023-08-10,,Processing,515070.46
ORD01759,CUST0529,SELL067,2024-06-30,2024-07-07,Delivered,136573.70
ORD01760,CUST0529,SELL040,2023-09-19,,Cancelled,449826.69
ORD01761,CUST0530,SELL078,2024-06-26,2024-07-02,Delivered,654050.30
ORD01762,CUST0530,SELL020,2024-05-25,,Cancelled,132692.49
ORD01763,CUST0532,SELL007,2024-07-03,2024-07-10,Delivered,1746773.40
ORD01764,CUST0534,SELL039,2024-07-18,2024-07-23,Delivered,130130.84
ORD01765,CUST0534,SELL040,2024-01-26,,Returned,21374.21
ORD01766,CUST0534,SELL013,2023-12-02,,Cancelled,6057.15
ORD01767,CUST0535,SELL089,2024-06-01,2024-06-05,Delivered,476073.93
ORD01768,CUST0536,SELL054,2024-09-12,,Cancelled,243407.52
ORD01769,CUST0536,SELL049,2024-12-31,,Cancelled,1430577.19
ORD01770,CUST0536,SELL082,2024-12-22,,Returned,23255.54
ORD01771,CUST0536,SELL004,2024-11-28,2024-11-30,Delivered,18080.28
ORD01772,CUST0536,SELL025,2024-12-06,2024-12-13,Delivered,192990.07
ORD01773,CUST0536,SELL043,2024-12-01,,Processing,1259946.96
ORD01774,CUST0539,SELL039,2024-08-24,,Processing,
ORD01775,CUST0540,SELL056,2024-06-22,,Cancelled,58586.40
ORD01776,CUST0540,SELL018,2024-10-31,2024-11-07,Delivered,41117.60
ORD01777,CUST0540,SELL045,2024-09-03,,Shipped,385456.22
ORD01778,CUST0540,SELL076,2024-07-24,2024-07-26,Delivered,5762.47
ORD01779,CUST0540,SELL062,2024-06-07,2024-06-10,Delivered,
ORD01780,CUST0540,SELL033,2024-02-12,2024-02-18,Delivered,390298.12
ORD01781,CUST0540,SELL007,2024-01-07,2024-01-12,Delivered,411387.98
ORD01782,CUST0540,SELL017,2024-06-11,2024-06-13,Delivered,56480.82
ORD01783,CUST0540,SELL068,2024-05-18,2024-05-24,Delivered,292210.30
ORD01784,CUST0540,SELL024,2024-08-01,,Cancelled,521857.71
ORD01785,CUST0540,SELL066,2023-09-18,2023-09-23,Delivered,30581.49
ORD01786,CUST0540,SELL082,2024-05-02,,Shipped,
ORD01787,CUST0541,SELL074,2023-10-23,,Cancelled,97617.63
ORD01788,CUST0541,SELL088,2024-05-12,2024-05-15,Delivered,439754.74
ORD01789,CUST0541,SELL009,2023-10-19,2023-10-25,Delivered,257364.90
ORD01790,CUST0541,SELL080,2024-11-06,2024-11-11,Delivered,335067.63
ORD01791,CUST0541,SELL083,2023-11-30,2023-12-03,Delivered,116573.24
ORD01792,CUST0541,SELL007,2023-01-17,,Shipped,808571.70
ORD01793,CUST0541,SELL011,2023-07-24,,Processing,234738.71
ORD01794,CUST0541,SELL028,2024-07-16,,Processing,196809.88
ORD01795,CUST0541,SELL033,2024-08-12,,Returned,187982.07
ORD01796,CUST0541,SELL071,2023-07-29,,Shipped,211177.92
ORD01797,CUST0541,SELL063,2024-07-01,2024-07-07,Delivered,263054.64
ORD01798,CUST0541,SELL020,2023-01-25,2023-01-30,Delivered,145973.64
ORD01799,CUST0541,SELL039,2023-08-08,2023-08-14,Delivered,1313271.46
ORD01800,CUST0541,SELL081,2024-01-01,2024-01-07,Delivered,782873.27
ORD01801,CUST0542,SELL003,2023-11-29,,Cancelled,545617.92
ORD01802,CUST0542,SELL028,2024-05-20,2024-05-23,Delivered,
ORD01803,CUST0542,SELL044,2023-05-13,,Processing,117508.45
ORD01804,CUST0542,SELL074,2024-05-08,2024-05-10,Delivered,68037.48
ORD01805,CUST0543,SELL080,2024-12-25,,Shipped,71782.70
ORD01806,CUST0544,SELL041,2024-08-30,2024-09-06,Delivered,355773.52
ORD01807,CUST0544,SELL027,2024-07-17,,Returned,80964.57
ORD01808,CUST0546,SELL001,2024-08-31,,Shipped,654671.31
ORD01809,CUST0546,SELL060,2024-10-18,,Cancelled,26206.57
ORD01810,CUST0546,SELL030,2024-12-29,2025-01-07,Delivered,1158331.97
ORD01811,CUST0546,SELL044,2024-10-19,2024-10-29,Delivered,101960.16
ORD01812,CUST0546,SELL069,2024-11-19,2024-11-27,Delivered,378503.96
ORD01813,CUST0546,SELL069,2024-08-25,2024-08-29,Delivered,132157.53
ORD01814,CUST0547,SELL045,2024-12-16,,Shipped,75670.50
ORD01815,CUST0547,SELL034,2024-09-12,2024-09-17,Delivered,247824.46
ORD01816,CUST0547,SELL082,2024-11-29,,Processing,638398.91
ORD01817,CUST0547,SELL057,2024-11-21,,Shipped,213131.04
ORD01818,CUST0547,SELL038,2024-12-21,,Returned,64022.61
ORD01819,CUST0547,SELL064,2024-11-12,,Returned,1044264.04
ORD01820,CUST0548,SELL085,2024-12-27,,Returned,1861542.37
ORD01821,CUST0549,SELL023,2024-09-09,,Returned,185175.91
ORD01822,CUST0549,SELL087,2024-10-18,2024-10-22,Delivered,180084.64
ORD01823,CUST0550,SELL077,2024-12-27,2025-01-06,Delivered,528573.66
ORD01824,CUST0550,SELL028,2024-08-15,,Processing,102403.06
ORD01825,CUST0550,SELL078,2024-06-26,2024-06-28,Delivered,337665.56
ORD01826,CUST0550,SELL029,2024-09-18,,Processing,35031.88
ORD01827,CUST0550,SELL026,2024-12-01,2024-12-03,Delivered,722299.05
ORD01828,CUST0550,SELL066,2024-07-16,2024-07-18,Delivered,61579.68
ORD01829,CUST0550,SELL061,2024-08-06,,Shipped,1019878.78
ORD01830,CUST0550,SELL087,2024-06-29,,Processing,229390.82
ORD01831,CUST0552,SELL083,2023-07-01,,Cancelled,452351.13
ORD01832,CUST0552,SELL081,2024-02-02,2024-02-05,Delivered,137710.20
ORD01833,CUST0552,SELL015,2023-12-24,2023-12-25,Delivered,63364.03
ORD01834,CUST0552,SELL088,2024-08-17,,Shipped,507870.22
ORD01835,CUST0552,SELL028,2024-09-15,2024-09-20,Delivered,42025.94
ORD01836,CUST0552,SELL034,2024-08-02,,Shipped,58338.32
ORD01837,CUST0553,SELL013,2024-03-25,2024-03-26,Delivered,19742.68
ORD01838,CUST0555,SELL060,2024-11-21,,Shipped,1622826.09
ORD01839,CUST0556,SELL084,2024-10-23,2024-10-31,Delivered,557510.13
ORD01840,CUST0556,SELL085,2024-11-03,,Cancelled,8994.92
ORD01841,CUST0556,SELL086,2024-08-08,,Shipped,32521.50
ORD01842,CUST0556,SELL076,2024-11-20,2024-11-23,Delivered,695331.56
ORD01843,CUST0556,SELL073,2024-08-21,,Processing,4620.81
ORD01844,CUST0557,SELL077,2024-12-02,,Returned,1616476.58
ORD01845,CUST0557,SELL070,2024-12-31,2025-01-04,Delivered,43905.60
ORD01846,CUST0557,SELL032,2024-12-06,2024-12-09,Delivered,97853.36
ORD01847,CUST0557,SELL052,2024-12-16,,Shipped,700840.62
ORD01848,CUST0557,SELL066,2024-12-18,,Processing,94945.56
ORD01849,CUST0557,SELL039,2024-12-09,,Processing,16739.67
ORD01850,CUST0558,SELL062,2024-02-27,,Processing,4731.52
ORD01851,CUST0558,SELL021,2024-09-08,2024-09-09,Delivered,1707225.31
ORD01852,CUST0558,SELL082,2024-03-19,,Cancelled,882759.48
ORD01853,CUST0558,SELL011,2024-05-02,2024-05-06,Delivered,2943847.83
ORD01854,CUST0558,SELL049,2023-11-18,2023-11-24,Delivered,43372.48
ORD01855,CUST0558,SELL072,2024-10-06,,Returned,434062.64
ORD01856,CUST0558,SELL052,2024-06-24,2024-07-01,Delivered,987015.13
ORD01857,CUST0558,SELL076,2024-08-13,,Processing,127630.73
ORD01858,CUST0559,SELL058,2024-12-06,,Processing,4876.47
ORD01859,CUST0560,SELL006,2024-06-09,2024-06-14,Delivered,185673.25
ORD01860,CUST0560,SELL038,2023-09-16,,Processing,104826.28
ORD01861,CUST0560,SELL075,2024-12-05,,Shipped,
ORD01862,CUST0560,SELL058,2024-06-26,2024-06-29,Delivered,242330.60
ORD01863,CUST0560,SELL020,2024-06-21,,Processing,363996.06
ORD01864,CUST0560,SELL075,2024-08-19,2024-08-21,Delivered,15152.82
ORD01865,CUST0561,SELL049,2024-06-20,2024-06-24,Delivered,630266.76
ORD01866,CUST0561,SELL057,2024-08-20,2024-08-27,Delivered,549230.53
ORD01867,CUST0561,SELL076,2024-05-10,2024-05-14,Delivered,6170.81
ORD01868,CUST0561,SELL046,2024-07-12,,Processing,6770.96
ORD01869,CUST0561,SELL084,2024-06-10,,Cancelled,
ORD01870,CUST0561,SELL003,2023-12-12,2023-12-16,Delivered,563919.29
ORD01871,CUST0561,SELL051,2023-11-02,2023-11-07,Delivered,215711.20
ORD01872,CUST0561,SELL007,2024-04-06,2024-04-12,Delivered,7533.78
ORD01873,CUST0562,SELL032,2024-08-11,2024-08-19,Delivered,6230.11
ORD01874,CUST0563,SELL042,2024-10-21,,Processing,24683.24
ORD01875,CUST0563,SELL062,2024-07-11,2024-07-14,Delivered,76433.95
ORD01876,CUST0563,SELL017,2024-06-18,2024-06-30,Delivered,24463.34
ORD01877,CUST0563,SELL042,2024-07-01,,Cancelled,502019.35
ORD01878,CUST0563,SELL062,2024-10-06,,Cancelled,1633.04
ORD01879,CUST0563,SELL040,2024-06-27,2024-07-02,Delivered,118653.08
ORD01880,CUST0563,SELL055,2024-09-16,2024-09-20,Delivered,220539.42
ORD01881,CUST0563,SELL011,2024-10-06,2024-10-14,Delivered,430288.80
ORD01882,CUST0563,SELL084,2024-11-29,2024-12-13,Delivered,402816.45
ORD01883,CUST0564,SELL090,2024-08-12,,Returned,61852.40
ORD01884,CUST0564,SELL003,2024-09-27,,Returned,
ORD01885,CUST0565,SELL044,2024-11-06,2024-11-11,Delivered,12706.74
ORD01886,CUST0566,SELL089,2023-12-05,,Shipped,37320.95
ORD01887,CUST0566,SELL020,2024-02-03,2024-02-08,Delivered,21709.68
ORD01888,CUST0566,SELL013,2024-06-22,2024-06-28,Delivered,126473.94
ORD01889,CUST0567,SELL004,2024-12-11,,Returned,479437.69
ORD01890,CUST0567,SELL046,2024-01-10,,Cancelled,63030.80
ORD01891,CUST0567,SELL074,2023-08-08,,Processing,
ORD01892,CUST0567,SELL048,2023-11-18,2023-11-24,Delivered,586047.25
ORD01893,CUST0568,SELL039,2024-12-10,2024-12-14,Delivered,100933.34
ORD01894,CUST0568,SELL021,2024-10-12,,Cancelled,438424.40
ORD01895,CUST0568,SELL023,2024-10-12,,Returned,4696.28
ORD01896,CUST0568,SELL060,2024-12-02,,Returned,79755.34
ORD01897,CUST0568,SELL060,2024-10-29,,Cancelled,307549.24
ORD01898,CUST0568,SELL087,2024-10-30,2024-11-04,Delivered,1213753.37
ORD01899,CUST0568,SELL075,2024-10-27,2024-10-31,Delivered,705677.44
ORD01900,CUST0568,SELL052,2024-09-14,2024-09-16,Delivered,19741.12
ORD01901,CUST0569,SELL007,2024-01-12,2024-01-17,Delivered,48037.37
ORD01902,CUST0569,SELL059,2024-02-02,2024-02-05,Delivered,471590.12
ORD01903,CUST0569,SELL043,2024-10-15,,Shipped,1835205.35
ORD01904,CUST0569,SELL079,2024-01-14,2024-01-21,Delivered,20698.80
ORD01905,CUST0569,SELL083,2024-02-03,,Processing,69170.07
ORD01906,CUST0569,SELL039,2023-11-19,2023-11-23,Delivered,63091.21
ORD01907,CUST0569,SELL082,2024-12-27,2024-12-29,Delivered,78955.84
ORD01908,CUST0569,SELL065,2024-04-14,2024-04-23,Delivered,85470.14
ORD01909,CUST0570,SELL077,2024-10-23,2024-10-27,Delivered,986407.20
ORD01910,CUST0570,SELL029,2024-11-11,,Shipped,243681.27
ORD01911,CUST0570,SELL086,2024-11-04,,Returned,674219.46
ORD01912,CUST0570,SELL066,2024-11-19,2024-11-21,Delivered,15003.67
ORD01913,CUST0571,SELL055,2023-11-12,2023-11-17,Delivered,281964.48
ORD01914,CUST0572,SELL025,2024-09-26,,Cancelled,674182.67
ORD01915,CUST0572,SELL017,2024-07-01,2024-07-03,Delivered,889298.04
ORD01916,CUST0572,SELL064,2024-06-09,2024-06-16,Delivered,2019.05
ORD01917,CUST0573,SELL051,2024-12-16,,Shipped,72306.55
ORD01918,CUST0574,SELL005,2024-02-05,2024-02-16,Delivered,358222.29
ORD01919,CUST0575,SELL061,2023-08-08,,Cancelled,22713.45
ORD01920,CUST0575,SELL023,2024-07-04,2024-07-09,Delivered,470699.26
ORD01921,CUST0575,SELL056,2024-06-06,,Shipped,
ORD01922,CUST0575,SELL041,2024-08-18,,Shipped,13912.80
ORD01923,CUST0575,SELL046,2024-06-27,,Cancelled,18054.21
ORD01924,CUST0575,SELL006,2024-08-04,2024-08-14,Delivered,1418267.19
ORD01925,CUST0575,SELL063,2024-01-06,,Cancelled,109521.65
ORD01926,CUST0575,SELL072,2023-09-24,2023-09-29,Delivered,53953.43
ORD01927,CUST0575,SELL077,2024-05-25,,Shipped,60582.65
ORD01928,CUST0575,SELL069,2024-07-12,,Processing,266991.21
ORD01929,CUST0576,SELL071,2023-06-17,,Returned,32496.44
ORD01930,CUST0576,SELL003,2024-01-17,2024-01-20,Delivered,456035.22
ORD01931,CUST0577,SELL045,2024-10-08,2024-10-11,Delivered,795566.29
ORD01932,CUST0577,SELL058,2024-12-20,,Returned,156709.08
ORD01933,CUST0577,SELL045,2024-09-03,2024-09-04,Delivered,120268.52
ORD01934,CUST0577,SELL084,2024-12-14,2024-12-20,Delivered,424884.05
ORD01935,CUST0578,SELL028,2024-04-13,,Processing,4696.28
ORD01936,CUST0579,SELL062,2023-06-17,2023-06-27,Delivered,643395.88
ORD01937,CUST0579,SELL002,2024-07-12,,Returned,616829.11
ORD01938,CUST0579,SELL065,2024-11-01,,Shipped,1240191.46
ORD01939,CUST0579,SELL032,2023-10-13,2023-10-19,Delivered,1401938.78
ORD01940,CUST0582,SELL036,2024-08-08,,Returned,26273.91
ORD01941,CUST0582,SELL064,2024-06-16,2024-06-21,Delivered,359579.20
ORD01942,CUST0582,SELL042,2024-05-21,2024-05-28,Delivered,398397.28
ORD01943,CUST0582,SELL060,2024-04-25,2024-04-29,Delivered,180749.37
ORD01944,CUST0582,SELL014,2024-12-12,2024-12-15,Delivered,1428725.36
ORD01945,CUST0582,SELL028,2024-01-28,,Processing,25825.32
ORD01946,CUST0582,SELL049,2024-10-10,2024-10-15,Delivered,492031.74
ORD01947,CUST0582,SELL002,2024-04-23,2024-04-25,Delivered,118084.60
ORD01948,CUST0582,SELL032,2024-06-19,2024-06-20,Delivered,173901.38
ORD01949,CUST0582,SELL049,2024-08-29,2024-08-31,Delivered,48466.70
ORD01950,CUST0582,SELL004,2024-06-27,2024-06-28,Delivered,54215.60
ORD01951,CUST0582,SELL079,2024-01-22,,Processing,10688.84
ORD01952,CUST0585,SELL028,2024-12-26,,Returned,643433.84
ORD01953,CUST0585,SELL067,2023-12-29,,Processing,122712.27
ORD01954,CUST0586,SELL015,2024-07-17,2024-07-23,Delivered,
ORD01955,CUST0586,SELL050,2024-11-25,2024-11-26,Delivered,31579.12
ORD01956,CUST0586,SELL046,2024-06-14,2024-06-21,Delivered,127824.90
ORD01957,CUST0586,SELL007,2024-09-16,,Cancelled,609217.26
ORD01958,CUST0587,SELL068,2024-10-12,,Cancelled,72198.04
ORD01959,CUST0587,SELL081,2024-09-29,2024-10-01,Delivered,868327.05
ORD01960,CUST0587,SELL090,2024-04-14,2024-04-15,Delivered,1372231.16
ORD01961,CUST0589,SELL038,2024-12-06,2024-12-09,Delivered,259751.90
ORD01962,CUST0589,SELL057,2024-10-26,2024-10-29,Delivered,24920.44
ORD01963,CUST0590,SELL067,2024-12-23,,Cancelled,44222.23
ORD01964,CUST0590,SELL004,2023-11-20,2023-11-21,Delivered,1073842.93
ORD01965,CUST0590,SELL005,2023-10-05,,Processing,140572.66
ORD01966,CUST0590,SELL005,2024-05-19,,Processing,674226.50
ORD01967,CUST0590,SELL046,2024-01-07,2024-01-14,Delivered,28370.48
ORD01968,CUST0591,SELL053,2024-05-18,,Returned,
ORD01969,CUST0591,SELL075,2023-09-07,2023-09-13,Delivered,363859.64
ORD01970,CUST0591,SELL059,2024-11-13,,Returned,21243.28
ORD01971,CUST0591,SELL020,2024-09-22,,Returned,19648.74
ORD01972,CUST0591,SELL049,2024-07-04,,Processing,257220.91
ORD01973,CUST0591,SELL016,2024-03-16,2024-03-18,Delivered,433699.07
ORD01974,CUST0592,SELL016,2024-08-25,,Cancelled,832088.60
ORD01975,CUST0592,SELL051,2024-05-23,,Processing,487091.15
ORD01976,CUST0592,SELL085,2023-05-25,2023-05-28,Delivered,1016135.30
ORD01977,CUST0592,SELL051,2024-11-13,,Shipped,
ORD01978,CUST0592,SELL015,2023-07-31,,Processing,515939.67
ORD01979,CUST0592,SELL034,2024-12-29,2025-01-03,Delivered,135777.09
ORD01980,CUST0592,SELL025,2024-10-15,2024-10-22,Delivered,156645.15
ORD01981,CUST0592,SELL062,2024-12-04,,Processing,35280.59
ORD01982,CUST0592,SELL060,2024-11-01,2024-11-07,Delivered,186774.13
ORD01983,CUST0593,SELL003,2024-01-25,,Shipped,179754.67
ORD01984,CUST0593,SELL029,2024-10-08,,Returned,134382.79
ORD01985,CUST0593,SELL079,2024-02-21,2024-02-27,Delivered,47930.68
ORD01986,CUST0593,SELL074,2024-09-07,,Returned,939059.84
ORD01987,CUST0593,SELL031,2024-02-14,2024-02-19,Delivered,82713.56
ORD01988,CUST0593,SELL034,2024-06-16,,Processing,18690.33
ORD01989,CUST0593,SELL070,2024-12-03,,Returned,47325.18
ORD01990,CUST0593,SELL078,2023-12-10,2023-12-11,Delivered,1375465.84
ORD01991,CUST0593,SELL089,2024-10-27,,Returned,56936.10
ORD01992,CUST0593,SELL074,2024-09-24,2024-09-27,Delivered,18117.48
ORD01993,CUST0593,SELL060,2024-06-03,,Shipped,17515.94
ORD01994,CUST0593,SELL028,2024-06-06,,Returned,509664.00
ORD01995,CUST0593,SELL045,2023-11-20,2023-11-23,Delivered,51228.88
ORD01996,CUST0593,SELL046,2024-02-25,,Cancelled,490432.66
ORD01997,CUST0594,SELL055,2024-09-08,2024-09-18,Delivered,133191.00
ORD01998,CUST0594,SELL047,2024-08-14,2024-08-18,Delivered,957676.93
ORD01999,CUST0595,SELL022,2024-04-10,,Cancelled,178914.74
ORD02000,CUST0595,SELL006,2024-04-23,,Processing,
ORD02001,CUST0596,SELL061,2024-01-28,2024-01-30,Delivered,1228137.40
ORD02002,CUST0597,SELL087,2024-09-01,2024-09-08,Delivered,643395.88
ORD02003,CUST0598,SELL080,2024-09-01,2024-09-05,Delivered,209097.61
ORD02004,CUST0598,SELL080,2023-08-26,,Cancelled,19691.64
ORD02005,CUST0598,SELL002,2024-01-17,2024-01-19,Delivered,1235650.44
ORD02006,CUST0598,SELL030,2023-09-01,2023-09-11,Delivered,164442.78
ORD02007,CUST0598,SELL043,2024-04-30,2024-05-09,Delivered,219422.34
ORD02008,CUST0598,SELL055,2024-09-01,2024-09-09,Delivered,
ORD02009,CUST0598,SELL009,2024-08-09,2024-08-15,Delivered,275127.81
ORD02010,CUST0598,SELL013,2024-06-27,,Cancelled,108353.68
ORD02011,CUST0599,SELL076,2023-12-13,,Cancelled,26917.21
ORD02012,CUST0599,SELL053,2023-07-10,,Returned,39300.97
ORD02013,CUST0599,SELL090,2024-05-26,2024-05-31,Delivered,991771.17
ORD02014,CUST0599,SELL082,2024-09-30,,Returned,181747.95
ORD02015,CUST0599,SELL023,2024-04-30,2024-05-08,Delivered,1124082.02
ORD02016,CUST0599,SELL060,2024-09-09,,Processing,28180.48
ORD02017,CUST0599,SELL031,2024-09-19,2024-09-21,Delivered,242070.75
ORD02018,CUST0599,SELL056,2024-10-16,2024-10-26,Delivered,34967.80
ORD02019,CUST0599,SELL089,2024-02-02,2024-02-09,Delivered,1720355.06
ORD02020,CUST0599,SELL012,2024-11-10,,Cancelled,36567.08
ORD02021,CUST0600,SELL060,2024-10-30,2024-11-02,Delivered,69996.63
ORD02022,CUST0602,SELL046,2024-10-07,,Shipped,557154.99
ORD02023,CUST0602,SELL026,2024-08-19,2024-08-24,Delivered,2802.33
ORD02024,CUST0602,SELL076,2024-10-09,,Shipped,245496.97
ORD02025,CUST0602,SELL074,2024-06-13,,Returned,52123.14
ORD02026,CUST0603,SELL029,2023-03-13,,Shipped,3871.20
ORD02027,CUST0603,SELL083,2023-06-21,,Cancelled,250878.09
ORD02028,CUST0603,SELL061,2024-08-27,2024-08-29,Delivered,46035.40
ORD02029,CUST0603,SELL036,2024-11-22,,Processing,3548.64
ORD02030,CUST0605,SELL082,2024-12-10,2024-12-19,Delivered,271616.18
ORD02031,CUST0606,SELL084,2024-08-20,2024-08-25,Delivered,2017488.79
ORD02032,CUST0606,SELL029,2024-11-26,,Cancelled,1057640.67
ORD02033,CUST0606,SELL063,2024-09-13,,Returned,1176557.82
ORD02034,CUST0606,SELL083,2024-07-17,2024-07-18,Delivered,58333.34
ORD02035,CUST0608,SELL025,2024-10-09,2024-10-15,Delivered,548636.31
ORD02036,CUST0610,SELL059,2024-11-16,2024-11-18,Delivered,45302.42
ORD02037,CUST0610,SELL007,2024-10-14,,Cancelled,72583.62
ORD02038,CUST0610,SELL043,2024-10-21,2024-10-26,Delivered,369351.72
ORD02039,CUST0610,SELL034,2024-08-26,2024-08-29,Delivered,191629.85
ORD02040,CUST0610,SELL019,2024-08-31,,Shipped,367940.95
ORD02041,CUST0611,SELL084,2024-11-03,2024-11-14,Delivered,867436.59
ORD02042,CUST0611,SELL032,2024-05-27,,Returned,140307.63
ORD02043,CUST0611,SELL028,2024-02-02,2024-02-11,Delivered,212476.89
ORD02044,CUST0611,SELL030,2024-11-30,,Processing,82804.12
ORD02045,CUST0611,SELL005,2024-07-28,,Processing,281964.48
ORD02046,CUST0611,SELL019,2024-07-19,,Shipped,1260871.90
ORD02047,CUST0611,SELL005,2024-03-08,2024-03-20,Delivered,1018541.18
ORD02048,CUST0612,SELL005,2023-10-23,2023-10-28,Delivered,150697.55
ORD02049,CUST0612,SELL088,2023-10-08,,Returned,620872.37
ORD02050,CUST0614,SELL072,2023-05-24,,Processing,25910.95
ORD02051,CUST0614,SELL041,2024-01-22,2024-01-24,Delivered,407731.20
ORD02052,CUST0614,SELL071,2024-07-09,,Processing,
ORD02053,CUST0614,SELL038,2024-11-21,,Cancelled,10156.44
ORD02054,CUST0614,SELL073,2024-01-13,2024-01-15,Delivered,870698.52
ORD02055,CUST0614,SELL028,2024-03-26,2024-04-04,Delivered,25484.84
ORD02056,CUST0614,SELL054,2023-04-25,2023-05-01,Delivered,40877.16
ORD02057,CUST0614,SELL065,2024-06-28,2024-07-08,Delivered,57109.46
ORD02058,CUST0615,SELL019,2024-12-09,,Processing,1180810.69
ORD02059,CUST0615,SELL005,2024-12-13,,Shipped,29665.75
ORD02060,CUST0615,SELL083,2023-09-18,,Returned,71056.05
ORD02061,CUST0616,SELL023,2024-06-19,,Shipped,459768.00
ORD02062,CUST0616,SELL079,2024-03-23,2024-03-26,Delivered,1517372.93
ORD02063,CUST0616,SELL088,2024-12-02,,Processing,139211.89
ORD02064,CUST0617,SELL008,2024-09-14,2024-09-20,Delivered,83437.72
ORD02065,CUST0617,SELL058,2024-12-09,2024-12-17,Delivered,33029.61
ORD02066,CUST0617,SELL074,2024-09-11,,Shipped,140129.81
ORD02067,CUST0617,SELL021,2024-10-13,,Cancelled,127505.15
ORD02068,CUST0617,SELL035,2024-12-29,2025-01-07,Delivered,578743.00
ORD02069,CUST0618,SELL045,2024-08-22,2024-08-26,Delivered,47233.84
ORD02070,CUST0618,SELL057,2024-08-09,2024-08-14,Delivered,51993.13
ORD02071,CUST0618,SELL057,2024-07-17,2024-07-22,Delivered,
ORD02072,CUST0618,SELL012,2024-12-13,2024-12-22,Delivered,1057590.73
ORD02073,CUST0618,SELL076,2024-12-02,2024-12-08,Delivered,770041.63
ORD02074,CUST0618,SELL057,2024-04-09,,Returned,45302.42
ORD02075,CUST0618,SELL048,2024-10-26,2024-11-01,Delivered,104228.31
ORD02076,CUST0618,SELL067,2024-04-15,,Shipped,1330904.90
ORD02077,CUST0618,SELL086,2024-12-03,,Cancelled,619796.13
ORD02078,CUST0618,SELL026,2024-11-04,,Returned,173740.39
ORD02079,CUST0618,SELL085,2024-07-30,2024-08-08,Delivered,857314.46
ORD02080,CUST0618,SELL079,2024-12-22,,Processing,736882.44
ORD02081,CUST0620,SELL023,2023-11-26,2023-11-29,Delivered,184401.52
ORD02082,CUST0621,SELL059,2023-11-21,2023-11-22,Delivered,195886.35
ORD02083,CUST0621,SELL024,2024-11-23,2024-11-30,Delivered,80339.85
ORD02084,CUST0621,SELL043,2024-07-05,2024-07-09,Delivered,207992.10
ORD02085,CUST0621,SELL031,2024-03-09,,Shipped,54388.95
ORD02086,CUST0621,SELL028,2024-08-03,,Shipped,678632.38
ORD02087,CUST0621,SELL090,2024-09-14,,Shipped,60421.06
ORD02088,CUST0621,SELL037,2024-12-14,2024-12-19,Delivered,111904.54
ORD02089,CUST0621,SELL052,2024-04-12,2024-04-19,Delivered,86352.92
ORD02090,CUST0621,SELL054,2024-11-29,2024-12-05,Delivered,5261.71
ORD02091,CUST0621,SELL017,2024-04-21,2024-04-27,Delivered,56642.17
ORD02092,CUST0621,SELL063,2024-09-20,2024-09-26,Delivered,17515.94
ORD02093,CUST0621,SELL009,2024-12-31,2025-01-02,Delivered,169273.30
ORD02094,CUST0622,SELL007,2024-12-13,,Processing,342064.22
ORD02095,CUST0623,SELL038,2024-07-30,,Returned,444649.02
ORD02096,CUST0623,SELL010,2024-11-08,2024-11-12,Delivered,45926.31
ORD02097,CUST0624,SELL023,2024-12-26,,Processing,340110.70
ORD02098,CUST0624,SELL087,2024-08-25,2024-08-30,Delivered,48285.65
ORD02099,CUST0624,SELL003,2024-09-25,2024-09-29,Delivered,11209.32
ORD02100,CUST0624,SELL062,2024-09-15,,Processing,174074.54
ORD02101,CUST0626,SELL062,2023-12-24,2023-12-29,Delivered,
ORD02102,CUST0626,SELL030,2023-11-23,,Returned,473947.30
ORD02103,CUST0626,SELL058,2024-12-22,,Returned,1467554.94
ORD02104,CUST0626,SELL028,2024-08-17,,Cancelled,122096.40
ORD02105,CUST0626,SELL045,2024-10-17,2024-10-22,Delivered,770562.66
ORD02106,CUST0626,SELL053,2024-02-07,2024-02-10,Delivered,15315.45
ORD02107,CUST0626,SELL069,2024-04-22,,Shipped,796626.60
ORD02108,CUST0626,SELL002,2024-11-11,2024-11-16,Delivered,65858.60
ORD02109,CUST0626,SELL064,2024-09-07,,Returned,948919.92
ORD02110,CUST0626,SELL089,2024-02-18,,Cancelled,632010.46
ORD02111,CUST0626,SELL076,2024-01-29,,Cancelled,204410.76
ORD02112,CUST0626,SELL011,2024-06-21,2024-06-22,Delivered,661180.78
ORD02113,CUST0626,SELL031,2024-05-09,2024-05-10,Delivered,62292.43
ORD02114,CUST0626,SELL042,2024-05-29,,Cancelled,1553648.52
ORD02115,CUST0628,SELL058,2024-04-12,2024-04-18,Delivered,24288.60
ORD02116,CUST0628,SELL048,2024-11-08,,Returned,198923.73
ORD02117,CUST0629,SELL042,2024-08-15,,Shipped,274063.06
ORD02118,CUST0629,SELL072,2024-10-21,,Shipped,204806.12
ORD02119,CUST0629,SELL059,2024-11-10,2024-11-11,Delivered,345924.48
ORD02120,CUST0631,SELL038,2024-09-24,2024-09-30,Delivered,580632.46
ORD02121,CUST0631,SELL080,2024-07-25,2024-07-29,Delivered,
ORD02122,CUST0631,SELL023,2024-12-12,,Processing,47669.61
ORD02123,CUST0631,SELL003,2024-10-10,2024-10-16,Delivered,711191.81
ORD02124,CUST0631,SELL074,2024-12-06,2024-12-10,Delivered,246601.80
ORD02125,CUST0631,SELL012,2024-11-23,,Shipped,32407.34
ORD02126,CUST0632,SELL015,2024-11-24,,Shipped,35044.30
ORD02127,CUST0632,SELL028,2024-12-12,2024-12-14,Delivered,575752.52
ORD02128,CUST0633,SELL020,2023-11-02,2023-11-03,Delivered,446216.60
ORD02129,CUST0633,SELL029,2024-01-18,,Cancelled,40620.55
ORD02130,CUST0633,SELL078,2023-12-07,,Cancelled,38427.65
ORD02131,CUST0634,SELL021,2024-01-30,,Processing,31498.10
ORD02132,CUST0634,SELL025,2023-11-15,2023-11-20,Delivered,137481.28
ORD02133,CUST0634,SELL063,2024-09-21,2024-09-29,Delivered,19738.96
ORD02134,CUST0634,SELL089,2024-11-10,,Returned,196595.48
ORD02135,CUST0635,SELL021,2024-10-28,,Returned,73390.02
ORD02136,CUST0635,SELL010,2024-11-14,2024-11-18,Delivered,1633.04
ORD02137,CUST0635,SELL020,2024-12-28,2024-12-31,Delivered,14077.14
ORD02138,CUST0635,SELL026,2024-10-24,2024-10-25,Delivered,52507.89
ORD02139,CUST0635,SELL004,2024-11-23,,Shipped,
ORD02140,CUST0635,SELL051,2024-12-13,,Processing,27088.10
ORD02141,CUST0636,SELL088,2023-09-02,2023-09-08,Delivered,85978.02
ORD02142,CUST0636,SELL072,2023-10-10,2023-10-11,Delivered,402619.27
ORD02143,CUST0636,SELL063,2024-09-22,2024-09-27,Delivered,31766.85
ORD02144,CUST0636,SELL077,2024-01-26,2024-01-29,Delivered,616971.17
ORD02145,CUST0637,SELL015,2024-03-01,2024-03-08,Delivered,177974.85
ORD02146,CUST0637,SELL067,2023-12-31,,Shipped,182969.82
ORD02147,CUST0637,SELL069,2023-12-09,2023-12-11,Delivered,47233.84
ORD02148,CUST0638,SELL036,2024-09-29,,Shipped,13475.96
ORD02149,CUST0638,SELL014,2023-12-06,2023-12-08,Delivered,562883.38
ORD02150,CUST0638,SELL001,2024-04-17,2024-04-20,Delivered,88185.56
ORD02151,CUST0638,SELL028,2023-11-18,,Returned,749726.57
ORD02152,CUST0640,SELL022,2023-07-13,,Cancelled,746129.10
ORD02153,CUST0640,SELL034,2024-01-14,2024-01-17,Delivered,29665.75
ORD02154,CUST0640,SELL030,2023-12-30,,Shipped,9800.57
ORD02155,CUST0640,SELL041,2024-01-17,,Returned,553200.55
ORD02156,CUST0640,SELL001,2024-06-20,2024-06-22,Delivered,171216.94
ORD02157,CUST0640,SELL089,2024-01-11,,Returned,12341.62
ORD02158,CUST0640,SELL008,2024-10-11,2024-10-18,Delivered,2195798.60
ORD02159,CUST0640,SELL009,2024-04-16,2024-04-17,Delivered,23616.92
ORD02160,CUST0641,SELL060,2024-12-19,2024-12-28,Delivered,6970.88
ORD02161,CUST0641,SELL074,2024-10-21,,Returned,103934.64
ORD02162,CUST0641,SELL055,2024-10-27,2024-11-04,Delivered,63753.88
ORD02163,CUST0641,SELL017,2024-10-27,,Processing,14965.75
ORD02164,CUST0642,SELL058,2023-08-18,,Returned,43032.12
ORD02165,CUST0642,SELL030,2024-05-02,,Cancelled,27285.04
ORD02166,CUST0642,SELL066,2023-11-24,2023-11-30,Delivered,327229.73
ORD02167,CUST0642,SELL080,2023-09-24,2023-09-30,Delivered,156709.08
ORD02168,CUST0642,SELL073,2024-02-11,2024-02-14,Delivered,22657.06
ORD02169,CUST0642,SELL082,2023-12-05,,Returned,277403.35
ORD02170,CUST0642,SELL046,2024-12-09,,Processing,1769642.81
ORD02171,CUST0643,SELL044,2023-11-29,,Processing,1148191.33
ORD02172,CUST0643,SELL036,2024-07-04,,Processing,409790.96
ORD02173,CUST0643,SELL052,2024-05-11,2024-05-14,Delivered,2511.26
ORD02174,CUST0643,SELL008,2024-12-22,,Cancelled,140970.74
ORD02175,CUST0644,SELL084,2024-11-15,,Shipped,289033.42
ORD02176,CUST0644,SELL061,2024-10-25,2024-10-27,Delivered,121527.21
ORD02177,CUST0644,SELL004,2023-11-13,2023-11-23,Delivered,506005.84
ORD02178,CUST0644,SELL053,2024-07-28,,Returned,159664.84
ORD02179,CUST0644,SELL040,2024-06-09,2024-06-17,Delivered,50265.21
ORD02180,CUST0645,SELL076,2024-10-04,,Processing,2253493.62
ORD02181,CUST0645,SELL054,2024-12-07,,Processing,2195842.84
ORD02182,CUST0645,SELL089,2024-12-18,2025-01-01,Delivered,124125.36
ORD02183,CUST0645,SELL037,2024-11-24,2024-12-04,Delivered,370104.20
ORD02184,CUST0645,SELL012,2024-11-22,2024-11-29,Delivered,670530.77
ORD02185,CUST0645,SELL025,2024-11-16,2024-11-19,Delivered,86352.92
ORD02186,CUST0645,SELL008,2024-10-25,2024-10-31,Delivered,87588.60
ORD02187,CUST0645,SELL029,2024-11-19,,Shipped,1030921.60
ORD02188,CUST0645,SELL030,2024-10-08,,Returned,14011.65
ORD02189,CUST0645,SELL062,2024-11-06,2024-11-20,Delivered,91572.30
ORD02190,CUST0646,SELL046,2024-04-17,2024-04-24,Delivered,
ORD02191,CUST0646,SELL017,2024-07-25,,Shipped,133191.00
ORD02192,CUST0646,SELL029,2024-12-27,2024-12-29,Delivered,1322728.85
ORD02193,CUST0646,SELL090,2024-07-31,,Returned,1703192.03
ORD02194,CUST0646,SELL002,2024-04-22,2024-04-26,Delivered,109628.52
ORD02195,CUST0646,SELL069,2024-06-07,,Returned,507131.62
ORD02196,CUST0646,SELL057,2024-04-11,2024-04-13,Delivered,8968.44
ORD02197,CUST0648,SELL084,2024-06-07,,Cancelled,74048.46
ORD02198,CUST0648,SELL086,2024-02-04,2024-02-08,Delivered,49985.97
ORD02199,CUST0648,SELL081,2024-03-07,,Returned,273656.26
ORD02200,CUST0649,SELL074,2024-06-17,,Returned,32317.65
ORD02201,CUST0649,SELL087,2024-11-20,,Processing,44052.51
ORD02202,CUST0650,SELL047,2024-09-12,,Shipped,582657.42
ORD02203,CUST0650,SELL005,2024-12-27,2025-01-02,Delivered,13938.18
ORD02204,CUST0650,SELL074,2024-05-09,,Processing,66052.59
ORD02205,CUST0652,SELL061,2024-07-22,2024-07-24,Delivered,13912.80
ORD02206,CUST0652,SELL057,2024-08-25,2024-08-31,Delivered,5971.28
ORD02207,CUST0653,SELL073,2024-02-29,2024-03-05,Delivered,20220.48
ORD02208,CUST0653,SELL061,2024-09-03,2024-09-04,Delivered,12989.38
ORD02209,CUST0653,SELL060,2023-10-13,,Returned,240843.57
ORD02210,CUST0654,SELL058,2024-07-08,2024-07-13,Delivered,116663.65
ORD02211,CUST0654,SELL075,2024-10-12,2024-10-13,Delivered,926737.83
ORD02212,CUST0655,SELL027,2023-03-08,,Returned,264206.69
ORD02213,CUST0656,SELL008,2024-07-15,2024-07-23,Delivered,458267.45
ORD02214,CUST0656,SELL082,2024-12-07,,Returned,525731.42
ORD02215,CUST0656,SELL028,2024-09-06,2024-09-15,Delivered,189651.37
ORD02216,CUST0656,SELL074,2024-12-21,2024-12-31,Delivered,181209.68
ORD02217,CUST0656,SELL057,2024-07-14,,Cancelled,91703.33
ORD02218,CUST0656,SELL057,2024-11-07,,Cancelled,24526.05
ORD02219,CUST0656,SELL065,2024-10-30,2024-11-04,Delivered,332973.30
ORD02220,CUST0656,SELL083,2024-10-30,,Processing,120790.15
ORD02221,CUST0656,SELL046,2024-08-17,2024-08-22,Delivered,45054.25
ORD02222,CUST0656,SELL088,2024-08-08,,Processing,515460.80
ORD02223,CUST0657,SELL040,2023-10-03,2023-10-10,Delivered,35007.70
ORD02224,CUST0657,SELL034,2023-10-10,2023-10-14,Delivered,48314.36
ORD02225,CUST0657,SELL015,2024-04-15,2024-04-17,Delivered,923433.55
ORD02226,CUST0658,SELL082,2023-05-03,,Returned,17522.15
ORD02227,CUST0658,SELL070,2023-09-29,2023-10-03,Delivered,564648.56
ORD02228,CUST0658,SELL004,2023-02-21,,Processing,442560.44
ORD02229,CUST0658,SELL004,2023-06-09,,Shipped,72814.92
ORD02230,CUST0659,SELL050,2024-03-15,,Cancelled,46853.29
ORD02231,CUST0659,SELL076,2023-06-03,,Returned,41250.55
ORD02232,CUST0659,SELL069,2024-07-14,2024-07-15,Delivered,61391.40
ORD02233,CUST0660,SELL072,2024-10-03,,Processing,1110726.95
ORD02234,CUST0661,SELL036,2023-10-11,,Processing,166785.29
ORD02235,CUST0661,SELL028,2024-04-23,2024-04-24,Delivered,370314.78
ORD02236,CUST0661,SELL033,2024-01-01,,Returned,
ORD02237,CUST0661,SELL017,2024-01-28,,Shipped,962914.49
ORD02238,CUST0661,SELL071,2023-10-30,2023-10-31,Delivered,251980.85
ORD02239,CUST0661,SELL079,2024-03-18,,Processing,1230207.90
ORD02240,CUST0662,SELL020,2024-06-14,2024-06-21,Delivered,27621.24
ORD02241,CUST0662,SELL014,2024-12-20,,Returned,175672.42
ORD02242,CUST0662,SELL007,2024-05-21,2024-05-28,Delivered,167564.56
ORD02243,CUST0662,SELL053,2024-04-12,2024-04-18,Delivered,780584.55
ORD02244,CUST0662,SELL042,2024-08-04,2024-08-09,Delivered,
ORD02245,CUST0662,SELL065,2024-09-23,,Processing,172705.84
ORD02246,CUST0662,SELL082,2024-07-27,,Returned,188580.52
ORD02247,CUST0665,SELL059,2023-08-13,2023-08-20,Delivered,518985.79
ORD02248,CUST0665,SELL045,2023-10-23,,Shipped,107668.84
ORD02249,CUST0665,SELL016,2024-12-16,2024-12-24,Delivered,
ORD02250,CUST0666,SELL058,2024-08-28,2024-09-04,Delivered,417590.00
ORD02251,CUST0666,SELL052,2024-07-29,,Processing,1405617.22
ORD02252,CUST0666,SELL006,2024-12-17,,Returned,115104.16
ORD02253,CUST0666,SELL042,2024-11-20,,Shipped,281964.48
ORD02254,CUST0666,SELL001,2024-11-27,2024-11-28,Delivered,84659.35
ORD02255,CUST0666,SELL008,2024-06-17,2024-06-24,Delivered,20510.26
ORD02256,CUST0666,SELL012,2024-07-18,2024-07-25,Delivered,34106.30
ORD02257,CUST0666,SELL080,2024-05-25,2024-06-01,Delivered,41020.52
ORD02258,CUST0666,SELL011,2024-11-19,2024-11-24,Delivered,135100.29
ORD02259,CUST0666,SELL034,2024-12-09,2024-12-11,Delivered,464020.29
ORD02260,CUST0666,SELL020,2024-12-30,2025-01-06,Delivered,142379.88
ORD02261,CUST0666,SELL073,2024-06-13,2024-06-18,Delivered,105159.48
ORD02262,CUST0667,SELL079,2024-05-03,,Cancelled,622116.46
ORD02263,CUST0667,SELL054,2024-11-27,2024-12-02,Delivered,98694.80
ORD02264,CUST0667,SELL064,2023-12-18,,Returned,91431.76
ORD02265,CUST0667,SELL068,2023-11-07,2023-11-17,Delivered,876706.12
ORD02266,CUST0667,SELL068,2024-03-14,2024-03-28,Delivered,9866.86
ORD02267,CUST0667,SELL006,2024-04-18,2024-04-27,Delivered,61685.11
ORD02268,CUST0667,SELL086,2024-05-22,2024-06-05,Delivered,17265.90
ORD02269,CUST0667,SELL072,2024-11-02,2024-11-11,Delivered,54814.26
ORD02270,CUST0667,SELL085,2023-11-17,2023-11-21,Delivered,11129.13
ORD02271,CUST0667,SELL016,2023-09-10,,Returned,28468.05
ORD02272,CUST0670,SELL028,2024-10-17,2024-10-19,Delivered,5399.76
ORD02273,CUST0670,SELL032,2024-10-30,2024-11-06,Delivered,108471.43
ORD02274,CUST0670,SELL077,2024-10-15,2024-10-18,Delivered,118094.97
ORD02275,CUST0671,SELL066,2024-10-10,2024-10-14,Delivered,89272.26
ORD02276,CUST0671,SELL029,2024-06-03,2024-06-07,Delivered,44745.78
ORD02277,CUST0671,SELL030,2024-03-25,2024-03-27,Delivered,202825.74
ORD02278,CUST0671,SELL072,2024-10-19,2024-10-23,Delivered,32284.63
ORD02279,CUST0671,SELL046,2024-08-22,,Processing,422203.94
ORD02280,CUST0671,SELL088,2024-04-13,2024-04-15,Delivered,226321.39
ORD02281,CUST0671,SELL034,2024-10-26,2024-10-31,Delivered,
ORD02282,CUST0672,SELL056,2024-09-03,,Cancelled,1192014.28
ORD02283,CUST0672,SELL033,2024-02-05,2024-02-07,Delivered,711932.45
ORD02284,CUST0673,SELL085,2024-12-17,2024-12-22,Delivered,8406.99
ORD02285,CUST0673,SELL050,2024-10-30,2024-11-06,Delivered,77977.95
ORD02286,CUST0673,SELL013,2024-11-24,2024-11-29,Delivered,24750.33
ORD02287,CUST0673,SELL048,2024-12-16,,Processing,269629.27
ORD02288,CUST0673,SELL027,2024-11-01,,Shipped,646542.53
ORD02289,CUST0673,SELL061,2024-11-30,,Cancelled,1056086.58
ORD02290,CUST0673,SELL077,2024-11-15,2024-11-18,Delivered,175369.76
ORD02291,CUST0673,SELL084,2024-10-10,,Shipped,607290.96
ORD02292,CUST0674,SELL063,2024-03-20,,Returned,286695.52
ORD02293,CUST0674,SELL040,2024-09-01,2024-09-02,Delivered,180084.64
ORD02294,CUST0674,SELL034,2024-06-02,,Processing,886785.03
ORD02295,CUST0675,SELL029,2024-06-15,2024-06-19,Delivered,1169138.42
ORD02296,CUST0675,SELL024,2024-11-10,2024-11-14,Delivered,1597548.44
ORD02297,CUST0675,SELL073,2024-10-01,,Processing,173134.33
ORD02298,CUST0675,SELL047,2024-12-26,,Processing,30854.05
ORD02299,CUST0675,SELL015,2024-09-26,2024-09-27,Delivered,158270.04
ORD02300,CUST0675,SELL053,2024-11-26,,Processing,26191.00
ORD02301,CUST0676,SELL005,2024-09-21,,Processing,536510.96
ORD02302,CUST0676,SELL090,2024-05-14,,Processing,58000.93
ORD02303,CUST0676,SELL045,2024-12-04,,Returned,423658.47
ORD02304,CUST0676,SELL082,2024-04-09,,Processing,9871.34
ORD02305,CUST0677,SELL033,2024-07-01,2024-07-05,Delivered,2395014.01
ORD02306,CUST0677,SELL087,2024-12-12,,Returned,43661.34
ORD02307,CUST0677,SELL045,2024-10-12,,Processing,1030921.60
ORD02308,CUST0677,SELL069,2024-11-28,2024-12-04,Delivered,57806.00
ORD02309,CUST0677,SELL049,2024-05-01,2024-05-06,Delivered,2989.48
ORD02310,CUST0677,SELL027,2024-03-15,2024-03-19,Delivered,11608.58
ORD02311,CUST0678,SELL033,2024-11-07,,Shipped,1191248.26
ORD02312,CUST0678,SELL056,2024-05-07,,Returned,48013.32
ORD02313,CUST0679,SELL032,2024-07-25,,Returned,103621.72
ORD02314,CUST0679,SELL043,2024-10-29,2024-10-30,Delivered,325573.42
ORD02315,CUST0680,SELL015,2024-11-22,2024-12-03,Delivered,506890.19
ORD02316,CUST0680,SELL061,2024-12-19,2025-01-01,Delivered,229390.82
ORD02317,CUST0681,SELL058,2024-08-28,,Shipped,280938.65
ORD02318,CUST0682,SELL060,2024-12-07,2024-12-09,Delivered,57806.00
ORD02319,CUST0682,SELL082,2024-12-26,2024-12-27,Delivered,185321.91
ORD02320,CUST0682,SELL073,2024-12-02,,Processing,36567.08
ORD02321,CUST0682,SELL087,2024-12-29,,Shipped,194836.46
ORD02322,CUST0682,SELL065,2024-12-24,2024-12-30,Delivered,1147155.41
ORD02323,CUST0682,SELL005,2024-12-23,2024-12-27,Delivered,572061.17
ORD02324,CUST0683,SELL043,2023-10-14,2023-10-21,Delivered,179452.02
ORD02325,CUST0683,SELL025,2023-05-08,,Cancelled,22348.80
ORD02326,CUST0683,SELL033,2024-04-12,,Processing,66958.68
ORD02327,CUST0683,SELL035,2024-12-08,,Cancelled,454353.38
ORD02328,CUST0683,SELL044,2024-05-29,2024-06-04,Delivered,316366.34
ORD02329,CUST0683,SELL078,2023-04-17,,Shipped,538786.92
ORD02330,CUST0684,SELL083,2024-10-14,2024-10-19,Delivered,86986.03
ORD02331,CUST0684,SELL081,2024-10-03,2024-10-05,Delivered,40185.68
ORD02332,CUST0685,SELL089,2023-12-17,,Returned,326498.43
ORD02333,CUST0685,SELL058,2024-04-01,2024-04-04,Delivered,35221.95
ORD02334,CUST0685,SELL076,2024-08-09,2024-08-11,Delivered,297926.52
ORD02335,CUST0685,SELL063,2023-11-19,,Cancelled,45708.85
ORD02336,CUST0685,SELL076,2024-02-24,,Processing,166648.45
ORD02337,CUST0685,SELL088,2024-04-10,,Returned,4710.98
ORD02338,CUST0686,SELL080,2024-07-26,2024-08-03,Delivered,64122.63
ORD02339,CUST0688,SELL066,2024-11-29,,Processing,147420.82
ORD02340,CUST0688,SELL006,2024-04-28,2024-05-01,Delivered,105588.96
ORD02341,CUST0688,SELL045,2024-10-02,,Shipped,1196417.96
ORD02342,CUST0688,SELL058,2024-12-01,2024-12-03,Delivered,245349.52
ORD02343,CUST0688,SELL024,2024-04-20,2024-04-27,Delivered,13642.52
ORD02344,CUST0689,SELL032,2024-12-24,,Cancelled,1173216.51
ORD02345,CUST0689,SELL077,2024-09-11,,Shipped,363459.87
ORD02346,CUST0689,SELL047,2024-10-22,2024-10-29,Delivered,1086701.68
ORD02347,CUST0689,SELL049,2024-12-23,,Processing,29691.10
ORD02348,CUST0689,SELL037,2024-09-28,2024-10-01,Delivered,
ORD02349,CUST0689,SELL038,2024-09-20,2024-09-25,Delivered,117531.81
ORD02350,CUST0690,SELL085,2024-04-27,,Shipped,176210.04
ORD02351,CUST0690,SELL072,2024-04-17,2024-04-19,Delivered,187599.69
ORD02352,CUST0690,SELL061,2023-04-11,2023-04-14,Delivered,166393.68
ORD02353,CUST0690,SELL075,2023-05-24,,Returned,201277.32
ORD02354,CUST0690,SELL032,2024-11-09,,Returned,1724427.15
ORD02355,CUST0690,SELL071,2024-03-04,,Processing,14461.31
ORD02356,CUST0690,SELL037,2023-08-14,2023-08-22,Delivered,109628.52
ORD02357,CUST0690,SELL024,2024-05-06,2024-05-08,Delivered,67745.32
ORD02358,CUST0690,SELL058,2023-12-05,,Shipped,52910.92
ORD02359,CUST0690,SELL070,2023-07-06,,Returned,8199.23
ORD02360,CUST0691,SELL053,2024-05-12,2024-05-14,Delivered,768841.50
ORD02361,CUST0691,SELL077,2024-01-04,,Processing,96291.59
ORD02362,CUST0691,SELL039,2024-11-14,2024-11-21,Delivered,38151.06
ORD02363,CUST0691,SELL050,2023-10-16,2023-10-19,Delivered,395756.90
ORD02364,CUST0691,SELL002,2023-12-12,2023-12-15,Delivered,1461335.07
ORD02365,CUST0691,SELL016,2023-09-21,,Shipped,602615.41
ORD02366,CUST0692,SELL083,2024-10-23,,Shipped,567895.40
ORD02367,CUST0692,SELL030,2023-03-11,2023-03-13,Delivered,373173.62
ORD02368,CUST0692,SELL067,2023-11-21,,Returned,233291.88
ORD02369,CUST0692,SELL086,2024-02-29,,Returned,404390.93
ORD02370,CUST0692,SELL082,2023-05-31,,Shipped,126037.11
ORD02371,CUST0692,SELL053,2023-07-05,2023-07-08,Delivered,23357.67
ORD02372,CUST0693,SELL012,2023-11-09,2023-11-11,Delivered,80530.64
ORD02373,CUST0694,SELL085,2024-07-25,,Returned,411002.40
ORD02374,CUST0694,SELL071,2024-06-24,2024-07-01,Delivered,962.48
ORD02375,CUST0695,SELL061,2024-11-28,,Cancelled,753553.79
ORD02376,CUST0695,SELL065,2024-08-30,2024-09-05,Delivered,55939.01
ORD02377,CUST0695,SELL045,2024-09-09,,Cancelled,19355.44
ORD02378,CUST0695,SELL024,2024-09-15,2024-09-21,Delivered,11275.57
ORD02379,CUST0695,SELL025,2024-09-26,2024-10-01,Delivered,159247.16
ORD02380,CUST0695,SELL006,2024-11-30,2024-12-02,Delivered,631738.02
ORD02381,CUST0695,SELL059,2024-10-05,2024-10-07,Delivered,8224.90
ORD02382,CUST0695,SELL017,2024-10-05,2024-10-10,Delivered,111972.04
ORD02383,CUST0696,SELL053,2024-12-02,2024-12-06,Delivered,1116444.00
ORD02384,CUST0696,SELL087,2024-11-26,,Shipped,10094.25
ORD02385,CUST0696,SELL088,2024-11-25,2024-12-03,Delivered,1019787.06
ORD02386,CUST0696,SELL059,2024-12-21,2024-12-30,Delivered,
ORD02387,CUST0696,SELL090,2024-12-06,,Returned,177033.40
ORD02388,CUST0697,SELL014,2024-09-20,2024-09-24,Delivered,718474.40
ORD02389,CUST0697,SELL081,2024-09-07,,Processing,468599.00
ORD02390,CUST0697,SELL013,2024-09-01,2024-09-08,Delivered,15172.98
ORD02391,CUST0697,SELL026,2024-10-27,2024-11-04,Delivered,138284.58
ORD02392,CUST0697,SELL070,2024-04-25,,Cancelled,199046.54
ORD02393,CUST0697,SELL035,2024-11-23,,Shipped,322328.61
ORD02394,CUST0697,SELL028,2024-11-24,,Processing,86940.02
ORD02395,CUST0697,SELL064,2024-07-29,2024-08-01,Delivered,2457784.65
ORD02396,CUST0700,SELL004,2024-10-17,,Returned,102946.51
ORD02397,CUST0700,SELL046,2024-11-30,2024-12-07,Delivered,
ORD02398,CUST0700,SELL034,2024-12-30,2025-01-04,Delivered,1162569.20
ORD02399,CUST0700,SELL024,2024-11-04,2024-11-10,Delivered,70846.58
ORD02400,CUST0701,SELL016,2024-12-30,,Shipped,322428.84
ORD02401,CUST0701,SELL001,2024-12-14,2024-12-21,Delivered,965244.47
ORD02402,CUST0701,SELL026,2024-07-03,2024-07-10,Delivered,1457210.64
ORD02403,CUST0701,SELL060,2023-12-20,2023-12-25,Delivered,287162.35
ORD02404,CUST0701,SELL055,2023-12-30,,Cancelled,32467.71
ORD02405,CUST0701,SELL047,2024-09-27,2024-10-02,Delivered,73459.05
ORD02406,CUST0702,SELL073,2024-05-13,2024-05-19,Delivered,465732.88
ORD02407,CUST0703,SELL082,2024-12-21,,Cancelled,49184.99
ORD02408,CUST0703,SELL058,2024-12-24,2025-01-03,Delivered,140423.37
ORD02409,CUST0703,SELL078,2024-09-17,2024-09-25,Delivered,106282.78
ORD02410,CUST0703,SELL008,2024-01-28,,Cancelled,120311.33
ORD02411,CUST0703,SELL073,2024-02-13,,Cancelled,270089.35
ORD02412,CUST0704,SELL006,2024-09-13,,Cancelled,63820.60
ORD02413,CUST0704,SELL048,2024-11-15,,Processing,124795.26
ORD02414,CUST0706,SELL033,2024-10-17,,Shipped,247264.61
ORD02415,CUST0707,SELL016,2024-08-18,2024-08-25,Delivered,359945.69
ORD02416,CUST0707,SELL043,2024-10-24,,Cancelled,325750.81
ORD02417,CUST0707,SELL073,2024-11-02,,Returned,39477.92
ORD02418,CUST0707,SELL027,2024-09-14,2024-09-21,Delivered,4792.40
ORD02419,CUST0708,SELL059,2024-01-20,,Shipped,16693.05
ORD02420,CUST0708,SELL058,2024-11-02,,Processing,602012.32
ORD02421,CUST0708,SELL059,2024-06-04,,Cancelled,1123054.56
ORD02422,CUST0708,SELL009,2024-12-23,2024-12-30,Delivered,20728.76
ORD02423,CUST0709,SELL015,2024-07-26,2024-07-30,Delivered,2690559.32
ORD02424,CUST0710,SELL081,2024-09-20,,Shipped,80490.90
ORD02425,CUST0710,SELL064,2024-08-16,2024-08-23,Delivered,27425.31
ORD02426,CUST0710,SELL053,2024-08-20,,Processing,643395.88
ORD02427,CUST0710,SELL037,2024-10-21,,Shipped,176964.02
ORD02428,CUST0711,SELL022,2024-12-21,,Returned,122316.70
ORD02429,CUST0711,SELL032,2024-10-13,,Processing,86080.60
ORD02430,CUST0712,SELL034,2024-06-25,,Processing,59216.26
ORD02431,CUST0712,SELL046,2023-09-29,2023-10-04,Delivered,164442.78
ORD02432,CUST0712,SELL001,2023-10-08,,Returned,376793.55
ORD02433,CUST0712,SELL011,2024-06-22,2024-06-28,Delivered,124099.07
ORD02434,CUST0712,SELL002,2024-08-17,2024-08-24,Delivered,513753.00
ORD02435,CUST0712,SELL041,2024-09-26,,Returned,161129.66
ORD02436,CUST0713,SELL039,2023-09-13,,Returned,
ORD02437,CUST0713,SELL065,2023-12-30,2024-01-05,Delivered,54574.89
ORD02438,CUST0713,SELL051,2024-03-20,,Returned,317681.73
ORD02439,CUST0713,SELL006,2023-04-16,2023-04-22,Delivered,15152.82
ORD02440,CUST0714,SELL080,2024-12-25,2024-12-28,Delivered,441311.10
ORD02441,CUST0714,SELL059,2024-11-04,2024-11-08,Delivered,567444.59
ORD02442,CUST0714,SELL004,2024-11-03,,Cancelled,714561.84
ORD02443,CUST0714,SELL031,2024-12-27,,Processing,2887.44
ORD02444,CUST0714,SELL033,2024-11-05,2024-11-11,Delivered,51056.48
ORD02445,CUST0714,SELL041,2024-11-09,2024-11-11,Delivered,2365.76
ORD02446,CUST0714,SELL061,2024-10-25,,Processing,24556.56
ORD02447,CUST0714,SELL055,2024-12-27,2025-01-02,Delivered,180785.23
ORD02448,CUST0714,SELL023,2024-12-16,,Returned,
ORD02449,CUST0714,SELL019,2024-12-22,,Shipped,14402.86
ORD02450,CUST0714,SELL056,2024-12-03,2024-12-04,Delivered,678774.80
ORD02451,CUST0714,SELL014,2024-11-12,2024-11-18,Delivered,166842.38
ORD02452,CUST0714,SELL062,2024-12-13,,Cancelled,214085.70
ORD02453,CUST0714,SELL055,2024-11-19,2024-11-20,Delivered,492503.63
ORD02454,CUST0715,SELL084,2024-09-02,2024-09-11,Delivered,16768.75
ORD02455,CUST0715,SELL085,2024-08-21,,Cancelled,
ORD02456,CUST0715,SELL031,2024-09-20,2024-09-23,Delivered,1611658.56
ORD02457,CUST0715,SELL046,2024-08-10,,Cancelled,
ORD02458,CUST0716,SELL025,2023-12-10,,Processing,793406.76
ORD02459,CUST0717,SELL013,2024-12-31,,Returned,33000.44
ORD02460,CUST0717,SELL055,2024-07-07,,Shipped,157895.28
ORD02461,CUST0719,SELL018,2024-11-25,2024-11-28,Delivered,23275.64
ORD02462,CUST0720,SELL015,2024-07-23,2024-08-03,Delivered,177033.40
ORD02463,CUST0720,SELL084,2024-10-21,,Processing,267405.41
ORD02464,CUST0720,SELL075,2024-07-20,2024-07-28,Delivered,42851.74
ORD02465,CUST0720,SELL003,2024-07-31,2024-08-04,Delivered,1456956.16
ORD02466,CUST0720,SELL032,2024-10-17,,Processing,76579.25
ORD02467,CUST0720,SELL004,2024-06-28,,Returned,1620739.88
ORD02468,CUST0720,SELL061,2024-09-25,,Returned,280551.90
ORD02469,CUST0721,SELL017,2024-12-22,2024-12-28,Delivered,128378.51
ORD02470,CUST0721,SELL003,2024-09-12,,Processing,3538.98
ORD02471,CUST0721,SELL044,2024-09-18,2024-09-20,Delivered,32317.65
ORD02472,CUST0721,SELL019,2024-11-03,,Processing,323877.39
ORD02473,CUST0721,SELL011,2024-12-01,2024-12-07,Delivered,253301.20
ORD02474,CUST0721,SELL059,2024-12-04,,Cancelled,14265.27
ORD02475,CUST0722,SELL011,2024-12-04,2024-12-09,Delivered,11018.01
ORD02476,CUST0722,SELL076,2023-11-15,2023-11-16,Delivered,513753.00
ORD02477,CUST0722,SELL059,2024-12-24,2024-12-30,Delivered,50986.52
ORD02478,CUST0722,SELL087,2024-09-27,2024-09-30,Delivered,127701.09
ORD02479,CUST0723,SELL014,2024-01-19,,Shipped,94456.29
ORD02480,CUST0723,SELL031,2024-03-17,,Cancelled,163163.25
ORD02481,CUST0723,SELL054,2024-02-06,,Cancelled,889014.58
ORD02482,CUST0723,SELL045,2023-11-10,,Returned,64022.61
ORD02483,CUST0723,SELL005,2024-02-26,2024-03-04,Delivered,81994.48
ORD02484,CUST0724,SELL083,2024-12-25,,Shipped,
ORD02485,CUST0724,SELL080,2024-10-03,2024-10-10,Delivered,190414.55
ORD02486,CUST0724,SELL047,2024-09-11,,Returned,141210.13
ORD02487,CUST0724,SELL071,2024-11-25,,Shipped,201079.90
ORD02488,CUST0724,SELL038,2024-12-29,2025-01-05,Delivered,7571.15
ORD02489,CUST0725,SELL016,2023-09-28,2023-09-29,Delivered,245132.44
ORD02490,CUST0725,SELL085,2023-08-23,,Returned,889298.04
ORD02491,CUST0726,SELL079,2024-12-06,,Cancelled,1023203.23
ORD02492,CUST0726,SELL065,2024-10-22,,Shipped,611372.36
ORD02493,CUST0726,SELL066,2024-11-13,2024-11-14,Delivered,34344.46
ORD02494,CUST0727,SELL013,2024-07-02,,Processing,286186.93
ORD02495,CUST0727,SELL035,2024-08-20,2024-08-25,Delivered,21115.71
ORD02496,CUST0728,SELL038,2024-11-25,,Returned,90604.84
ORD02497,CUST0728,SELL020,2024-12-13,,Returned,264786.66
ORD02498,CUST0728,SELL004,2024-06-01,,Cancelled,318689.03
ORD02499,CUST0729,SELL047,2024-04-18,,Processing,1398698.82
ORD02500,CUST0729,SELL086,2024-07-02,,Cancelled,5238.20
ORD02501,CUST0729,SELL080,2024-08-29,,Returned,81363.84
ORD02502,CUST0729,SELL043,2024-08-09,,Processing,27810.90
ORD02503,CUST0730,SELL048,2024-12-30,,Returned,127701.09
ORD02504,CUST0730,SELL024,2024-12-14,2024-12-15,Delivered,965078.43
ORD02505,CUST0730,SELL086,2024-07-13,,Returned,
ORD02506,CUST0731,SELL075,2024-08-25,,Cancelled,229304.79
ORD02507,CUST0731,SELL036,2024-12-29,2025-01-03,Delivered,82134.60
ORD02508,CUST0731,SELL032,2024-04-06,2024-04-18,Delivered,44547.39
ORD02509,CUST0731,SELL066,2023-09-24,2023-10-05,Delivered,148168.66
ORD02510,CUST0731,SELL046,2024-07-19,2024-07-30,Delivered,337634.60
ORD02511,CUST0732,SELL078,2024-09-15,,Returned,49772.57
ORD02512,CUST0732,SELL033,2024-08-12,2024-08-18,Delivered,55613.62
ORD02513,CUST0732,SELL038,2024-07-13,,Returned,12764.12
ORD02514,CUST0732,SELL088,2024-11-30,,Processing,257919.31
ORD02515,CUST0732,SELL064,2024-08-18,2024-08-25,Delivered,33482.97
ORD02516,CUST0732,SELL046,2024-12-12,,Returned,66428.57
ORD02517,CUST0733,SELL085,2024-12-13,,Returned,107654.08
ORD02518,CUST0733,SELL027,2024-06-28,2024-07-03,Delivered,46511.08
ORD02519,CUST0733,SELL086,2024-08-30,,Returned,103217.04
ORD02520,CUST0734,SELL049,2023-07-16,2023-07-21,Delivered,14461.31
ORD02521,CUST0734,SELL017,2023-08-23,,Returned,1522427.71
ORD02522,CUST0734,SELL018,2024-04-05,2024-04-10,Delivered,38612.32
ORD02523,CUST0734,SELL028,2024-02-25,,Returned,499500.17
ORD02524,CUST0736,SELL018,2024-03-06,2024-03-08,Delivered,20703.44
ORD02525,CUST0736,SELL081,2023-10-04,,Shipped,11779.00
ORD02526,CUST0736,SELL044,2024-04-14,,Shipped,7571.15
ORD02527,CUST0736,SELL046,2023-11-29,2023-12-01,Delivered,110269.71
ORD02528,CUST0736,SELL007,2024-10-21,,Shipped,626693.80
ORD02529,CUST0736,SELL079,2023-07-05,,Shipped,165613.95
ORD02530,CUST0737,SELL059,2023-08-16,,Returned,1051421.01
ORD02531,CUST0737,SELL061,2023-03-06,,Cancelled,1111622.55
ORD02532,CUST0737,SELL016,2023-08-13,,Shipped,201713.20
ORD02533,CUST0737,SELL005,2024-01-31,,Cancelled,121332.02
ORD02534,CUST0737,SELL060,2024-12-03,,Cancelled,417951.56
ORD02535,CUST0737,SELL008,2024-09-20,,Cancelled,668176.69
ORD02536,CUST0737,SELL004,2023-12-17,2023-12-22,Delivered,40996.15
ORD02537,CUST0737,SELL063,2024-08-15,,Returned,
ORD02538,CUST0737,SELL013,2024-02-15,,Cancelled,829768.29
ORD02539,CUST0737,SELL051,2023-09-02,,Shipped,75063.14
ORD02540,CUST0737,SELL037,2024-02-16,2024-02-19,Delivered,288317.26
ORD02541,CUST0737,SELL089,2023-04-22,,Returned,10854.84
ORD02542,CUST0738,SELL078,2024-02-09,,Shipped,252370.13
ORD02543,CUST0739,SELL090,2024-12-13,,Cancelled,352776.27
ORD02544,CUST0740,SELL038,2024-06-18,,Shipped,133677.94
ORD02545,CUST0740,SELL015,2024-06-22,2024-06-24,Delivered,140361.00
ORD02546,CUST0740,SELL057,2024-08-12,,Shipped,38469.79
ORD02547,CUST0740,SELL058,2024-09-25,2024-09-30,Delivered,563928.96
ORD02548,CUST0740,SELL029,2024-06-12,,Processing,112214.93
ORD02549,CUST0740,SELL024,2024-10-05,2024-10-09,Delivered,1810580.04
ORD02550,CUST0740,SELL050,2024-09-05,2024-09-12,Delivered,199058.95
ORD02551,CUST0740,SELL043,2024-04-02,,Shipped,1053964.00
ORD02552,CUST0740,SELL052,2024-08-05,,Processing,18283.54
ORD02553,CUST0740,SELL087,2024-08-16,,Cancelled,34862.69
ORD02554,CUST0740,SELL013,2024-04-14,2024-04-18,Delivered,38310.15
ORD02555,CUST0741,SELL037,2024-04-17,,Shipped,9270.30
ORD02556,CUST0741,SELL059,2024-06-30,2024-07-06,Delivered,251501.84
ORD02557,CUST0741,SELL065,2024-05-03,2024-05-06,Delivered,79945.84
ORD02558,CUST0741,SELL063,2024-04-15,2024-04-17,Delivered,351651.77
ORD02559,CUST0741,SELL027,2024-10-30,2024-11-03,Delivered,445358.44
ORD02560,CUST0741,SELL021,2024-11-23,,Shipped,337113.25
ORD02561,CUST0741,SELL018,2024-01-08,,Processing,160055.92
ORD02562,CUST0744,SELL084,2023-12-22,2023-12-26,Delivered,207023.97
ORD02563,CUST0744,SELL013,2023-11-16,,Cancelled,161049.76
ORD02564,CUST0744,SELL052,2024-06-27,,Processing,276649.37
ORD02565,CUST0744,SELL044,2024-08-18,,Returned,155807.07
ORD02566,CUST0744,SELL069,2024-01-13,,Cancelled,205793.45
ORD02567,CUST0744,SELL036,2024-07-16,2024-07-22,Delivered,198153.24
ORD02568,CUST0745,SELL022,2024-06-03,,Shipped,71484.11
ORD02569,CUST0747,SELL026,2024-11-29,2024-12-03,Delivered,125318.47
ORD02570,CUST0747,SELL073,2024-12-29,,Returned,342491.29
ORD02571,CUST0747,SELL065,2024-10-23,2024-10-26,Delivered,131993.61
ORD02572,CUST0747,SELL014,2024-12-05,2024-12-09,Delivered,17641.20
ORD02573,CUST0747,SELL067,2024-11-22,2024-11-28,Delivered,353048.88
ORD02574,CUST0747,SELL059,2024-11-15,,Returned,252338.09
ORD02575,CUST0748,SELL070,2024-12-31,,Shipped,108888.85
ORD02576,CUST0748,SELL050,2024-01-28,,Shipped,252324.34
ORD02577,CUST0748,SELL051,2023-08-19,,Cancelled,116422.40
ORD02578,CUST0748,SELL062,2024-10-24,2024-11-01,Delivered,341616.01
ORD02579,CUST0748,SELL078,2024-07-18,,Processing,577031.11
ORD02580,CUST0748,SELL047,2023-07-05,,Processing,712905.14
ORD02581,CUST0748,SELL020,2023-12-02,2023-12-06,Delivered,32929.20
ORD02582,CUST0748,SELL087,2023-10-27,,Cancelled,5889.50
ORD02583,CUST0749,SELL012,2024-09-24,2024-09-29,Delivered,2087573.62
ORD02584,CUST0749,SELL068,2024-07-19,2024-07-22,Delivered,87684.88
ORD02585,CUST0750,SELL032,2024-12-30,,Cancelled,1297591.76
ORD02586,CUST0750,SELL060,2024-10-07,2024-10-09,Delivered,342501.25
ORD02587,CUST0750,SELL063,2024-11-27,2024-12-02,Delivered,219122.04
ORD02588,CUST0750,SELL044,2024-11-10,2024-11-15,Delivered,127701.09
ORD02589,CUST0750,SELL044,2024-11-14,2024-11-17,Delivered,198852.85
ORD02590,CUST0751,SELL029,2024-07-28,,Shipped,70928.68
ORD02591,CUST0751,SELL037,2024-09-29,,Cancelled,64965.08
ORD02592,CUST0751,SELL089,2024-05-05,2024-05-06,Delivered,130707.25
ORD02593,CUST0751,SELL012,2024-10-15,2024-10-21,Delivered,101814.33
ORD02594,CUST0751,SELL006,2024-09-26,,Cancelled,26461.80
ORD02595,CUST0751,SELL033,2024-08-01,2024-08-04,Delivered,804244.85
ORD02596,CUST0751,SELL089,2024-05-30,2024-06-01,Delivered,403051.28
ORD02597,CUST0751,SELL007,2024-09-23,2024-09-28,Delivered,39288.15
ORD02598,CUST0751,SELL048,2024-07-18,,Cancelled,121518.49
ORD02599,CUST0751,SELL044,2024-11-15,2024-11-17,Delivered,25947.77
ORD02600,CUST0752,SELL040,2023-11-07,,Cancelled,543993.24
ORD02601,CUST0752,SELL068,2024-09-07,,Returned,817539.36
ORD02602,CUST0752,SELL041,2023-11-25,2023-11-29,Delivered,700393.60
ORD02603,CUST0753,SELL050,2024-10-22,,Cancelled,561783.10
ORD02604,CUST0753,SELL030,2024-07-16,2024-07-22,Delivered,81167.53
ORD02605,CUST0753,SELL073,2024-12-23,2024-12-24,Delivered,108875.43
ORD02606,CUST0753,SELL082,2024-10-11,2024-10-16,Delivered,180084.64
ORD02607,CUST0753,SELL009,2024-10-22,2024-10-25,Delivered,33826.71
ORD02608,CUST0753,SELL029,2024-11-10,2024-11-11,Delivered,223132.14
ORD02609,CUST0753,SELL025,2024-08-20,2024-08-26,Delivered,71981.01
ORD02610,CUST0753,SELL018,2024-09-29,,Cancelled,1191774.97
ORD02611,CUST0753,SELL060,2024-07-26,,Shipped,378000.32
ORD02612,CUST0753,SELL057,2024-07-25,,Shipped,134609.96
ORD02613,CUST0753,SELL029,2024-09-30,,Returned,186496.12
ORD02614,CUST0753,SELL003,2024-10-12,,Shipped,321009.41
ORD02615,CUST0755,SELL019,2024-11-05,,Processing,217385.44
ORD02616,CUST0756,SELL078,2024-12-27,,Cancelled,368101.30
ORD02617,CUST0756,SELL056,2024-11-15,,Returned,416845.36
ORD02618,CUST0756,SELL012,2024-12-15,,Returned,115608.82
ORD02619,CUST0756,SELL067,2024-12-17,,Returned,55416.96
ORD02620,CUST0756,SELL088,2024-12-25,2024-12-27,Delivered,651771.68
ORD02621,CUST0758,SELL031,2024-07-24,,Returned,598466.49
ORD02622,CUST0758,SELL027,2024-12-18,2024-12-25,Delivered,87218.15
ORD02623,CUST0758,SELL021,2024-11-15,,Shipped,687279.15
ORD02624,CUST0758,SELL010,2024-06-21,2024-06-23,Delivered,1198474.16
ORD02625,CUST0758,SELL071,2024-06-07,2024-06-08,Delivered,34507.56
ORD02626,CUST0760,SELL059,2024-11-13,,Returned,
ORD02627,CUST0760,SELL011,2024-12-14,,Returned,680961.73
ORD02628,CUST0760,SELL010,2024-12-26,2025-01-03,Delivered,26230.02
ORD02629,CUST0760,SELL008,2024-12-06,,Shipped,1636649.83
ORD02630,CUST0760,SELL067,2024-12-16,2024-12-30,Delivered,15371.06
ORD02631,CUST0760,SELL022,2024-12-18,2024-12-24,Delivered,290642.30
ORD02632,CUST0760,SELL090,2024-12-22,2024-12-29,Delivered,70682.86
ORD02633,CUST0761,SELL084,2024-08-31,2024-09-02,Delivered,716591.83
ORD02634,CUST0762,SELL064,2024-12-28,2025-01-05,Delivered,160965.44
ORD02635,CUST0762,SELL060,2024-11-18,,Shipped,111030.12
ORD02636,CUST0762,SELL022,2024-11-27,2024-12-03,Delivered,468450.06
ORD02637,CUST0763,SELL003,2024-01-12,2024-01-19,Delivered,871926.90
ORD02638,CUST0763,SELL008,2024-07-18,2024-07-19,Delivered,586313.81
ORD02639,CUST0764,SELL064,2024-12-26,2024-12-28,Delivered,
ORD02640,CUST0764,SELL084,2024-12-09,,Shipped,75662.76
ORD02641,CUST0764,SELL001,2024-12-15,,Returned,149032.56
ORD02642,CUST0764,SELL018,2024-12-23,2024-12-29,Delivered,1459370.17
ORD02643,CUST0767,SELL050,2024-07-16,,Shipped,299192.34
ORD02644,CUST0768,SELL035,2024-07-25,2024-07-31,Delivered,245007.21
ORD02645,CUST0769,SELL052,2024-12-04,,Cancelled,608717.00
ORD02646,CUST0769,SELL067,2024-05-28,,Shipped,246601.80
ORD02647,CUST0769,SELL090,2024-10-30,2024-11-02,Delivered,45816.72
ORD02648,CUST0770,SELL004,2024-07-30,,Cancelled,1465053.05
ORD02649,CUST0771,SELL062,2023-08-18,,Shipped,227490.03
ORD02650,CUST0771,SELL021,2024-01-24,2024-01-29,Delivered,255676.46
ORD02651,CUST0771,SELL068,2023-12-06,,Cancelled,116166.10
ORD02652,CUST0772,SELL044,2024-06-17,2024-06-23,Delivered,427359.18
ORD02653,CUST0772,SELL068,2024-10-14,2024-10-19,Delivered,340737.24
ORD02654,CUST0772,SELL030,2024-10-30,2024-11-04,Delivered,38292.36
ORD02655,CUST0772,SELL071,2024-04-20,,Cancelled,39264.98
ORD02656,CUST0772,SELL040,2024-07-05,,Processing,923488.82
ORD02657,CUST0772,SELL018,2024-07-24,,Returned,11866.30
ORD02658,CUST0772,SELL054,2024-09-03,2024-09-10,Delivered,
ORD02659,CUST0772,SELL005,2024-07-01,2024-07-05,Delivered,6057.15
ORD02660,CUST0772,SELL038,2024-08-15,2024-08-22,Delivered,430074.55
ORD02661,CUST0772,SELL022,2024-11-11,,Returned,172825.59
ORD02662,CUST0773,SELL035,2024-10-14,2024-10-18,Delivered,288258.95
ORD02663,CUST0773,SELL027,2024-04-10,2024-04-14,Delivered,7958.84
ORD02664,CUST0774,SELL008,2024-01-21,2024-01-23,Delivered,86513.92
ORD02665,CUST0774,SELL088,2023-10-29,2023-11-02,Delivered,
ORD02666,CUST0774,SELL031,2024-03-07,,Shipped,263416.03
ORD02667,CUST0774,SELL002,2023-10-20,,Returned,171576.08
ORD02668,CUST0774,SELL040,2024-03-16,2024-03-25,Delivered,1118094.17
ORD02669,CUST0774,SELL055,2023-02-24,2023-02-26,Delivered,8076.20
ORD02670,CUST0776,SELL025,2024-10-22,,Returned,276589.43
ORD02671,CUST0778,SELL080,2024-07-24,,Cancelled,37861.18
ORD02672,CUST0778,SELL034,2024-09-20,,Shipped,249096.11
ORD02673,CUST0778,SELL058,2024-11-13,,Processing,56478.55
ORD02674,CUST0778,SELL018,2024-08-22,,Processing,486073.96
ORD02675,CUST0778,SELL069,2024-08-14,,Returned,1599720.00
ORD02676,CUST0778,SELL028,2024-11-27,2024-12-05,Delivered,
ORD02677,CUST0778,SELL027,2024-11-12,,Returned,7785.89
ORD02678,CUST0778,SELL078,2024-07-07,2024-07-12,Delivered,10193.83
ORD02679,CUST0778,SELL031,2024-08-09,,Cancelled,7785.89
ORD02680,CUST0778,SELL053,2024-12-25,,Cancelled,139770.08
ORD02681,CUST0778,SELL003,2024-12-02,2024-12-10,Delivered,
ORD02682,CUST0778,SELL014,2024-07-17,2024-07-23,Delivered,100741.91
ORD02683,CUST0779,SELL042,2024-11-17,,Returned,151860.31
ORD02684,CUST0779,SELL076,2024-08-31,,Processing,16449.80
ORD02685,CUST0779,SELL063,2024-06-25,2024-06-30,Delivered,294318.98
ORD02686,CUST0779,SELL011,2024-06-08,2024-06-10,Delivered,95598.42
ORD02687,CUST0779,SELL073,2024-04-10,,Cancelled,222603.78
ORD02688,CUST0779,SELL075,2024-05-21,,Returned,1280461.82
ORD02689,CUST0779,SELL017,2024-02-26,2024-02-29,Delivered,14928.20
ORD02690,CUST0779,SELL044,2024-06-23,2024-07-03,Delivered,
ORD02691,CUST0779,SELL054,2024-05-17,2024-05-23,Delivered,46511.08
ORD02692,CUST0779,SELL019,2024-02-11,,Cancelled,27088.10
ORD02693,CUST0779,SELL064,2024-02-16,,Cancelled,48671.74
ORD02694,CUST0779,SELL025,2024-07-08,,Shipped,237309.76
ORD02695,CUST0782,SELL008,2024-11-18,,Returned,295881.30
ORD02696,CUST0782,SELL056,2024-08-12,,Returned,8480.78
ORD02697,CUST0782,SELL070,2024-05-19,2024-05-24,Delivered,45877.96
ORD02698,CUST0783,SELL060,2024-05-06,2024-05-10,Delivered,173094.92
ORD02699,CUST0783,SELL008,2024-02-11,,Cancelled,7869.35
ORD02700,CUST0783,SELL015,2023-11-21,2023-11-28,Delivered,68496.96
ORD02701,CUST0783,SELL007,2024-01-26,2024-01-28,Delivered,313387.28
ORD02702,CUST0783,SELL009,2023-10-06,2023-10-12,Delivered,18690.33
ORD02703,CUST0783,SELL033,2024-06-27,2024-07-01,Delivered,38061.27
ORD02704,CUST0783,SELL016,2024-01-31,,Returned,96496.00
ORD02705,CUST0784,SELL033,2024-02-24,,Returned,59548.32
ORD02706,CUST0784,SELL022,2024-05-19,,Processing,240879.20
ORD02707,CUST0784,SELL027,2024-06-22,,Cancelled,848320.28
ORD02708,CUST0784,SELL076,2023-09-13,,Cancelled,1242167.50
ORD02709,CUST0784,SELL056,2024-04-14,,Shipped,44272.74
ORD02710,CUST0784,SELL022,2023-07-19,2023-07-22,Delivered,74227.75
ORD02711,CUST0784,SELL009,2024-05-22,2024-05-23,Delivered,19732.78
ORD02712,CUST0784,SELL079,2024-04-22,2024-04-23,Delivered,140246.84
ORD02713,CUST0784,SELL065,2023-08-03,,Returned,323870.71
ORD02714,CUST0784,SELL055,2024-11-07,2024-11-13,Delivered,24463.34
ORD02715,CUST0784,SELL076,2024-04-19,2024-04-23,Delivered,219581.43
ORD02716,CUST0784,SELL023,2024-10-30,2024-11-05,Delivered,
ORD02717,CUST0784,SELL067,2023-08-11,2023-08-15,Delivered,527912.66
ORD02718,CUST0785,SELL006,2024-12-26,,Shipped,
ORD02719,CUST0785,SELL041,2024-12-19,,Shipped,8757.97
ORD02720,CUST0785,SELL054,2024-06-17,,Cancelled,2507221.79
ORD02721,CUST0785,SELL083,2024-04-13,,Shipped,222485.82
ORD02722,CUST0786,SELL053,2024-07-12,,Returned,52843.35
ORD02723,CUST0786,SELL024,2024-10-23,2024-10-27,Delivered,48431.34
ORD02724,CUST0786,SELL015,2024-03-19,2024-03-21,Delivered,818092.87
ORD02725,CUST0786,SELL068,2024-05-31,2024-06-02,Delivered,
ORD02726,CUST0786,SELL002,2024-12-03,2024-12-08,Delivered,110331.26
ORD02727,CUST0787,SELL038,2024-11-28,,Cancelled,
ORD02728,CUST0787,SELL005,2024-11-22,,Shipped,217385.44
ORD02729,CUST0789,SELL049,2024-05-19,2024-05-25,Delivered,44730.34
ORD02730,CUST0789,SELL011,2024-02-03,,Processing,6965.45
ORD02731,CUST0789,SELL055,2023-02-22,,Returned,193503.56
ORD02732,CUST0789,SELL013,2023-04-25,,Returned,56427.74
ORD02733,CUST0789,SELL055,2023-09-21,,Returned,50798.20
ORD02734,CUST0790,SELL084,2024-01-02,,Cancelled,8956.92
ORD02735,CUST0792,SELL023,2024-11-01,,Cancelled,1051465.44
ORD02736,CUST0792,SELL014,2024-01-05,,Returned,55183.61
ORD02737,CUST0792,SELL075,2024-05-19,2024-05-22,Delivered,403980.41
ORD02738,CUST0792,SELL017,2023-08-19,2023-08-22,Delivered,280143.99
ORD02739,CUST0792,SELL031,2024-11-10,2024-11-20,Delivered,161331.95
ORD02740,CUST0792,SELL074,2024-09-11,2024-09-17,Delivered,
ORD02741,CUST0792,SELL018,2024-08-13,,Processing,235978.86
ORD02742,CUST0792,SELL073,2024-03-18,,Returned,1815095.63
ORD02743,CUST0792,SELL041,2024-04-15,2024-04-21,Delivered,21790.46
ORD02744,CUST0792,SELL003,2024-09-06,2024-09-13,Delivered,1006071.55
ORD02745,CUST0792,SELL073,2023-11-09,,Shipped,124245.93
ORD02746,CUST0792,SELL004,2024-04-03,2024-04-12,Delivered,494280.20
ORD02747,CUST0793,SELL004,2024-07-06,2024-07-10,Delivered,1097468.41
ORD02748,CUST0793,SELL057,2024-07-01,,Shipped,397767.20
ORD02749,CUST0793,SELL049,2024-12-25,2024-12-30,Delivered,4809.30
ORD02750,CUST0793,SELL045,2024-10-12,,Returned,83542.55
ORD02751,CUST0793,SELL058,2023-12-12,2023-12-20,Delivered,22153.16
ORD02752,CUST0793,SELL044,2023-11-27,,Cancelled,26191.00
ORD02753,CUST0793,SELL007,2024-03-27,,Returned,74771.22
ORD02754,CUST0793,SELL055,2024-01-12,2024-01-16,Delivered,168684.73
ORD02755,CUST0793,SELL040,2024-09-08,2024-09-10,Delivered,16538.43
ORD02756,CUST0793,SELL002,2024-10-01,,Processing,1330904.90
ORD02757,CUST0793,SELL065,2023-12-12,2023-12-22,Delivered,232342.08
ORD02758,CUST0793,SELL082,2024-03-22,,Processing,851701.63
ORD02759,CUST0795,SELL084,2024-11-05,,Returned,1103202.87
ORD02760,CUST0795,SELL002,2024-04-26,,Cancelled,94516.59
ORD02761,CUST0796,SELL030,2024-10-23,,Returned,232783.60
ORD02762,CUST0797,SELL068,2024-10-17,,Processing,671864.12
ORD02763,CUST0797,SELL069,2024-11-28,,Cancelled,559472.66
ORD02764,CUST0797,SELL082,2024-08-02,2024-08-07,Delivered,356067.36
ORD02765,CUST0797,SELL061,2024-06-26,,Shipped,87419.50
ORD02766,CUST0797,SELL010,2024-07-24,2024-07-27,Delivered,636407.49
ORD02767,CUST0797,SELL086,2024-05-08,,Cancelled,172250.46
ORD02768,CUST0797,SELL035,2024-11-15,2024-11-24,Delivered,23962.00
ORD02769,CUST0797,SELL049,2024-04-08,2024-04-10,Delivered,38177.68
ORD02770,CUST0797,SELL023,2024-11-29,,Returned,411002.40
ORD02771,CUST0797,SELL054,2024-08-24,,Cancelled,109945.04
ORD02772,CUST0797,SELL039,2024-07-01,2024-07-07,Delivered,6169.57
ORD02773,CUST0797,SELL067,2024-04-26,,Returned,31709.48
ORD02774,CUST0798,SELL070,2023-11-10,,Processing,838846.42
ORD02775,CUST0798,SELL069,2024-04-26,,Processing,1924.96
ORD02776,CUST0800,SELL023,2024-07-12,2024-07-14,Delivered,57745.17
ORD02777,CUST0800,SELL027,2024-09-10,2024-09-15,Delivered,170697.47
ORD02778,CUST0800,SELL044,2024-03-29,2024-04-05,Delivered,298987.09
ORD02779,CUST0801,SELL015,2024-10-01,2024-10-05,Delivered,789376.88
ORD02780,CUST0801,SELL024,2024-10-28,2024-11-03,Delivered,2388424.82
ORD02781,CUST0801,SELL079,2024-10-12,,Shipped,801.07
ORD02782,CUST0801,SELL090,2024-10-08,,Shipped,3172.89
ORD02783,CUST0801,SELL088,2024-12-03,2024-12-05,Delivered,88011.45
ORD02784,CUST0801,SELL031,2024-10-06,2024-10-11,Delivered,102447.74
ORD02785,CUST0801,SELL065,2024-10-21,2024-10-23,Delivered,3329.98
ORD02786,CUST0801,SELL075,2024-08-27,2024-08-31,Delivered,504259.73
ORD02787,CUST0801,SELL012,2024-12-14,,Returned,51993.13
ORD02788,CUST0801,SELL041,2024-12-07,,Shipped,363996.06
ORD02789,CUST0801,SELL022,2024-10-08,2024-10-13,Delivered,622086.94
ORD02790,CUST0801,SELL026,2024-12-03,2024-12-07,Delivered,97086.56
ORD02791,CUST0802,SELL031,2024-10-10,,Processing,199481.86
ORD02792,CUST0802,SELL029,2024-05-22,2024-05-28,Delivered,772795.08
ORD02793,CUST0802,SELL047,2024-04-03,,Cancelled,476441.46
ORD02794,CUST0802,SELL046,2024-08-01,2024-08-06,Delivered,31709.48
ORD02795,CUST0802,SELL054,2024-03-01,2024-03-07,Delivered,760793.62
ORD02796,CUST0804,SELL080,2024-07-27,,Processing,48182.26
ORD02797,CUST0804,SELL063,2023-11-21,2023-11-27,Delivered,27918.16
ORD02798,CUST0804,SELL023,2023-12-17,2023-12-18,Delivered,305522.26
ORD02799,CUST0804,SELL009,2023-11-16,2023-11-23,Delivered,273170.78
ORD02800,CUST0805,SELL082,2024-10-17,,Shipped,329436.98
ORD02801,CUST0808,SELL046,2024-12-28,,Processing,545026.24
ORD02802,CUST0809,SELL075,2024-01-14,,Processing,99076.62
ORD02803,CUST0809,SELL084,2024-10-03,2024-10-10,Delivered,43039.35
ORD02804,CUST0809,SELL051,2023-08-10,2023-08-14,Delivered,644680.18
ORD02805,CUST0810,SELL030,2024-12-13,2024-12-19,Delivered,656895.94
ORD02806,CUST0811,SELL031,2024-07-08,,Processing,46265.11
ORD02807,CUST0811,SELL046,2024-01-21,2024-01-25,Delivered,4038.10
ORD02808,CUST0811,SELL003,2024-05-27,,Returned,1445727.65
ORD02809,CUST0811,SELL084,2023-09-04,2023-09-08,Delivered,181459.05
ORD02810,CUST0812,SELL035,2023-06-13,,Processing,249085.34
ORD02811,CUST0812,SELL008,2024-08-05,2024-08-06,Delivered,17976.54
ORD02812,CUST0812,SELL061,2024-11-17,2024-11-18,Delivered,5994.32
ORD02813,CUST0812,SELL065,2024-10-07,,Returned,47444.61
ORD02814,CUST0812,SELL052,2024-01-25,,Cancelled,198153.24
ORD02815,CUST0812,SELL061,2023-06-14,,Processing,27116.85
ORD02816,CUST0812,SELL027,2023-10-30,2023-11-04,Delivered,158091.35
ORD02817,CUST0813,SELL047,2024-08-23,,Cancelled,540868.00
ORD02818,CUST0813,SELL048,2024-09-21,2024-09-25,Delivered,52486.04
ORD02819,CUST0814,SELL061,2023-08-25,2023-08-29,Delivered,22093.77
ORD02820,CUST0814,SELL050,2024-01-25,2024-01-29,Delivered,619843.72
ORD02821,CUST0814,SELL069,2024-06-25,2024-07-01,Delivered,117073.40
ORD02822,CUST0814,SELL035,2024-03-22,2024-03-25,Delivered,
ORD02823,CUST0814,SELL078,2024-07-16,2024-07-17,Delivered,87588.60
ORD02824,CUST0814,SELL013,2024-01-09,,Cancelled,528936.56
ORD02825,CUST0814,SELL075,2024-11-20,,Shipped,131032.85
ORD02826,CUST0814,SELL064,2023-09-05,,Returned,1544358.47
ORD02827,CUST0814,SELL055,2023-07-24,,Returned,162456.53
ORD02828,CUST0814,SELL043,2024-02-10,,Cancelled,15798.46
ORD02829,CUST0815,SELL076,2024-12-19,2024-12-21,Delivered,286376.81
ORD02830,CUST0815,SELL004,2024-11-17,2024-11-21,Delivered,153518.44
ORD02831,CUST0815,SELL008,2024-09-28,2024-09-30,Delivered,105815.87
ORD02832,CUST0815,SELL003,2024-10-25,,Shipped,196582.07
ORD02833,CUST0815,SELL040,2024-12-21,2024-12-27,Delivered,841978.87
ORD02834,CUST0815,SELL016,2024-09-23,2024-09-30,Delivered,21277.86
ORD02835,CUST0816,SELL068,2024-10-05,2024-10-09,Delivered,614201.88
ORD02836,CUST0816,SELL063,2024-02-15,,Shipped,493640.21
ORD02837,CUST0816,SELL042,2024-07-20,2024-07-27,Delivered,142961.41
ORD02838,CUST0816,SELL076,2023-10-20,2023-10-26,Delivered,52486.04
ORD02839,CUST0816,SELL001,2023-12-12,,Returned,111171.38
ORD02840,CUST0816,SELL008,2024-05-19,2024-05-26,Delivered,44862.34
ORD02841,CUST0816,SELL060,2024-07-06,,Processing,5399.76
ORD02842,CUST0817,SELL028,2024-07-13,2024-07-17,Delivered,272051.99
ORD02843,CUST0817,SELL027,2023-04-15,,Returned,112490.00
ORD02844,CUST0817,SELL057,2023-09-09,,Processing,64022.61
ORD02845,CUST0817,SELL041,2023-11-14,,Cancelled,19637.44
ORD02846,CUST0817,SELL066,2024-01-05,2024-01-09,Delivered,553178.86
ORD02847,CUST0817,SELL090,2023-07-10,2023-07-17,Delivered,199684.92
ORD02848,CUST0817,SELL061,2023-04-21,,Returned,51810.86
ORD02849,CUST0817,SELL052,2024-06-06,2024-06-10,Delivered,982884.07
ORD02850,CUST0817,SELL065,2023-09-08,,Shipped,560667.61
ORD02851,CUST0817,SELL058,2023-04-23,,Shipped,21755.58
ORD02852,CUST0818,SELL084,2024-12-05,,Shipped,83872.29
ORD02853,CUST0818,SELL045,2024-09-15,2024-09-17,Delivered,194669.49
ORD02854,CUST0818,SELL035,2024-11-10,2024-11-19,Delivered,61048.20
ORD02855,CUST0818,SELL090,2024-11-13,,Processing,248810.57
ORD02856,CUST0818,SELL004,2024-10-21,2024-10-29,Delivered,539592.87
ORD02857,CUST0818,SELL089,2024-09-11,2024-09-20,Delivered,1557795.44
ORD02858,CUST0819,SELL043,2024-01-20,,Processing,2661200.53
ORD02859,CUST0819,SELL054,2023-11-26,,Shipped,52304.59
ORD02860,CUST0819,SELL032,2024-07-22,,Processing,13464.64
ORD02861,CUST0819,SELL013,2024-08-10,2024-08-20,Delivered,508025.72
ORD02862,CUST0819,SELL085,2024-11-26,,Cancelled,18232.92
ORD02863,CUST0820,SELL016,2024-12-05,,Returned,64321.19
ORD02864,CUST0820,SELL076,2024-03-26,,Cancelled,1494809.92
ORD02865,CUST0820,SELL004,2024-01-19,2024-02-02,Delivered,602198.00
ORD02866,CUST0821,SELL029,2024-08-19,2024-08-25,Delivered,1633.04
ORD02867,CUST0821,SELL014,2024-08-16,,Returned,474290.02
ORD02868,CUST0821,SELL056,2024-08-26,2024-08-29,Delivered,262877.04
ORD02869,CUST0821,SELL035,2024-12-02,,Processing,35114.37
ORD02870,CUST0821,SELL011,2024-09-14,2024-09-16,Delivered,193988.83
ORD02871,CUST0822,SELL066,2024-10-13,2024-10-20,Delivered,1454233.82
ORD02872,CUST0822,SELL073,2024-09-20,2024-09-25,Delivered,36035.42
ORD02873,CUST0822,SELL073,2024-10-11,2024-10-17,Delivered,236487.25
ORD02874,CUST0822,SELL050,2024-11-23,,Shipped,719457.16
ORD02875,CUST0822,SELL047,2024-11-27,2024-12-04,Delivered,
ORD02876,CUST0823,SELL040,2024-10-30,2024-11-04,Delivered,1698546.23
ORD02877,CUST0824,SELL002,2023-09-01,,Cancelled,674578.87
ORD02878,CUST0824,SELL059,2024-12-29,2024-12-31,Delivered,247085.24
ORD02879,CUST0824,SELL033,2023-10-22,2023-10-24,Delivered,687406.40
ORD02880,CUST0824,SELL082,2024-04-13,,Shipped,1332354.35
ORD02881,CUST0824,SELL003,2024-05-02,,Processing,287162.35
ORD02882,CUST0825,SELL083,2024-02-10,2024-02-17,Delivered,43501.45
ORD02883,CUST0825,SELL090,2024-01-27,,Shipped,7958.84
ORD02884,CUST0825,SELL082,2024-06-19,,Processing,20952.80
ORD02885,CUST0825,SELL082,2024-03-03,2024-03-09,Delivered,26206.57
ORD02886,CUST0825,SELL066,2024-03-23,2024-03-25,Delivered,
ORD02887,CUST0825,SELL058,2023-12-06,,Returned,178699.74
ORD02888,CUST0825,SELL028,2024-03-16,2024-03-19,Delivered,113221.27
ORD02889,CUST0826,SELL058,2024-07-07,2024-07-10,Delivered,776806.99
ORD02890,CUST0826,SELL068,2024-01-03,2024-01-06,Delivered,240879.20
ORD02891,CUST0827,SELL063,2024-11-01,,Processing,26579.20
ORD02892,CUST0827,SELL081,2024-07-15,2024-07-21,Delivered,527670.35
ORD02893,CUST0828,SELL032,2024-12-12,,Returned,425221.58
ORD02894,CUST0829,SELL054,2024-05-05,2024-05-12,Delivered,114123.99
ORD02895,CUST0830,SELL028,2024-10-06,,Processing,201980.35
ORD02896,CUST0830,SELL015,2024-11-23,,Shipped,264292.34
ORD02897,CUST0830,SELL055,2024-07-20,2024-07-25,Delivered,573477.05
ORD02898,CUST0830,SELL073,2024-12-25,2025-01-01,Delivered,126318.52
ORD02899,CUST0830,SELL013,2024-06-27,2024-06-28,Delivered,606004.23
ORD02900,CUST0830,SELL044,2024-08-17,2024-08-22,Delivered,1110784.70
ORD02901,CUST0830,SELL086,2024-11-04,,Returned,1308079.19
ORD02902,CUST0830,SELL038,2024-11-15,,Shipped,264386.43
ORD02903,CUST0830,SELL076,2024-08-23,2024-08-24,Delivered,581859.80
ORD02904,CUST0830,SELL042,2024-12-07,,Shipped,11209.32
ORD02905,CUST0830,SELL033,2024-09-27,2024-09-29,Delivered,
ORD02906,CUST0830,SELL057,2024-11-24,,Returned,1214404.96
ORD02907,CUST0830,SELL004,2024-11-03,2024-11-08,Delivered,1583210.41
ORD02908,CUST0830,SELL012,2024-07-04,,Processing,
ORD02909,CUST0831,SELL026,2024-03-11,2024-03-14,Delivered,88105.02
ORD02910,CUST0831,SELL049,2024-09-30,,Returned,1571373.93
ORD02911,CUST0831,SELL029,2024-10-27,2024-11-02,Delivered,64966.29
ORD02912,CUST0831,SELL012,2024-03-22,2024-03-26,Delivered,649434.60
ORD02913,CUST0831,SELL057,2024-12-04,2024-12-11,Delivered,32521.50
ORD02914,CUST0831,SELL009,2024-03-05,,Cancelled,182237.32
ORD02915,CUST0831,SELL016,2024-09-03,2024-09-05,Delivered,1458423.30
ORD02916,CUST0831,SELL065,2024-03-14,,Processing,487075.95
ORD02917,CUST0833,SELL086,2024-09-24,,Returned,121075.44
ORD02918,CUST0833,SELL041,2024-12-07,,Processing,47755.52
ORD02919,CUST0833,SELL075,2024-08-26,2024-08-31,Delivered,758332.90
ORD02920,CUST0833,SELL071,2024-06-19,2024-06-25,Delivered,
ORD02921,CUST0833,SELL014,2024-07-28,2024-08-03,Delivered,145167.24
ORD02922,CUST0833,SELL021,2024-12-20,2024-12-21,Delivered,38929.45
ORD02923,CUST0833,SELL089,2024-08-26,2024-08-27,Delivered,952072.75
ORD02924,CUST0833,SELL076,2024-11-07,2024-11-13,Delivered,8757.97
ORD02925,CUST0833,SELL021,2024-08-27,2024-09-01,Delivered,290501.34
ORD02926,CUST0833,SELL086,2024-08-16,,Cancelled,1337.62
ORD02927,CUST0833,SELL023,2024-10-13,,Processing,41185.06
ORD02928,CUST0833,SELL025,2024-10-29,2024-11-01,Delivered,44137.50
ORD02929,CUST0834,SELL064,2024-02-01,,Processing,26461.80
ORD02930,CUST0834,SELL032,2023-08-22,,Shipped,308912.61
ORD02931,CUST0834,SELL007,2023-05-10,,Cancelled,
ORD02932,CUST0835,SELL083,2024-07-10,,Cancelled,35910.44
ORD02933,CUST0835,SELL028,2024-11-14,2024-11-19,Delivered,69517.54
ORD02934,CUST0835,SELL030,2024-10-02,2024-10-04,Delivered,24683.24
ORD02935,CUST0836,SELL074,2024-07-16,,Shipped,
ORD02936,CUST0836,SELL082,2024-12-10,2024-12-15,Delivered,81118.15
ORD02937,CUST0836,SELL001,2024-09-01,2024-09-07,Delivered,45902.74
ORD02938,CUST0836,SELL035,2024-11-10,2024-11-11,Delivered,18483.24
ORD02939,CUST0836,SELL041,2024-10-16,2024-10-21,Delivered,69610.56
ORD02940,CUST0836,SELL057,2024-11-15,2024-11-20,Delivered,246866.05
ORD02941,CUST0836,SELL047,2024-09-30,,Shipped,141179.30
ORD02942,CUST0836,SELL032,2024-10-22,2024-10-26,Delivered,494813.66
ORD02943,CUST0836,SELL011,2024-11-16,,Returned,15152.82
ORD02944,CUST0836,SELL010,2024-10-19,,Shipped,138696.11
ORD02945,CUST0836,SELL077,2024-07-28,2024-07-30,Delivered,
ORD02946,CUST0836,SELL057,2024-08-30,2024-08-31,Delivered,110681.85
ORD02947,CUST0837,SELL036,2023-12-12,,Cancelled,149763.69
ORD02948,CUST0837,SELL014,2024-11-20,,Processing,569946.78
ORD02949,CUST0837,SELL075,2024-07-06,2024-07-13,Delivered,646154.12
ORD02950,CUST0837,SELL068,2024-09-07,2024-09-08,Delivered,132529.29
ORD02951,CUST0837,SELL061,2024-12-10,,Returned,1713468.86
ORD02952,CUST0838,SELL064,2024-12-29,2025-01-03,Delivered,118060.60
ORD02953,CUST0838,SELL057,2024-11-07,,Returned,
ORD02954,CUST0839,SELL058,2024-09-16,2024-09-18,Delivered,456816.78
ORD02955,CUST0839,SELL016,2024-12-01,2024-12-05,Delivered,29614.02
ORD02956,CUST0839,SELL057,2024-12-05,,Shipped,13361.05
ORD02957,CUST0839,SELL071,2024-12-07,,Processing,554133.17
ORD02958,CUST0840,SELL051,2024-01-13,2024-01-19,Delivered,
ORD02959,CUST0840,SELL005,2024-11-24,,Shipped,762526.05
ORD02960,CUST0840,SELL069,2024-02-14,,Processing,142340.25
ORD02961,CUST0843,SELL072,2024-10-25,,Cancelled,
ORD02962,CUST0843,SELL055,2024-03-10,,Processing,1028522.50
ORD02963,CUST0843,SELL065,2024-07-20,,Returned,26191.00
ORD02964,CUST0843,SELL055,2024-05-30,2024-06-03,Delivered,8757.97
ORD02965,CUST0843,SELL045,2024-09-15,,Shipped,
ORD02966,CUST0843,SELL017,2024-10-21,2024-10-27,Delivered,782053.66
ORD02967,CUST0843,SELL065,2024-12-06,,Returned,896407.98
ORD02968,CUST0843,SELL047,2024-08-31,2024-09-03,Delivered,
ORD02969,CUST0843,SELL060,2024-08-02,2024-08-03,Delivered,150550.83
ORD02970,CUST0843,SELL047,2024-05-06,2024-05-12,Delivered,16010.80
ORD02971,CUST0844,SELL040,2024-08-18,,Processing,17522.15
ORD02972,CUST0844,SELL003,2024-09-12,2024-09-16,Delivered,1446927.23
ORD02973,CUST0845,SELL084,2024-08-27,,Returned,198636.75
ORD02974,CUST0845,SELL066,2024-07-11,2024-07-14,Delivered,937404.21
ORD02975,CUST0845,SELL034,2024-11-10,,Returned,10914.08
ORD02976,CUST0847,SELL003,2024-10-16,2024-10-26,Delivered,3849.92
ORD02977,CUST0847,SELL088,2024-10-30,2024-11-01,Delivered,70592.32
ORD02978,CUST0847,SELL076,2024-10-03,2024-10-05,Delivered,73176.91
ORD02979,CUST0847,SELL038,2024-08-15,2024-08-25,Delivered,12599.24
ORD02980,CUST0847,SELL034,2024-09-05,2024-09-12,Delivered,202145.72
ORD02981,CUST0849,SELL021,2024-05-25,2024-06-01,Delivered,140213.78
ORD02982,CUST0849,SELL058,2024-07-20,,Cancelled,94945.56
ORD02983,CUST0849,SELL005,2024-07-15,2024-07-19,Delivered,194757.85
ORD02984,CUST0850,SELL037,2024-10-17,2024-10-20,Delivered,233857.94
ORD02985,CUST0851,SELL063,2024-08-23,,Cancelled,794553.45
ORD02986,CUST0851,SELL040,2024-09-10,,Returned,327919.04
ORD02987,CUST0851,SELL056,2024-08-27,2024-08-31,Delivered,300935.13
ORD02988,CUST0852,SELL020,2023-12-24,2023-12-28,Delivered,
ORD02989,CUST0852,SELL081,2024-05-30,2024-06-01,Delivered,26929.28
ORD02990,CUST0852,SELL008,2024-12-10,,Cancelled,24124.25
ORD02991,CUST0852,SELL040,2023-11-06,2023-11-08,Delivered,249606.15
ORD02992,CUST0854,SELL020,2024-01-07,2024-01-09,Delivered,213156.97
ORD02993,CUST0855,SELL038,2023-11-23,,Cancelled,43473.37
ORD02994,CUST0855,SELL010,2024-07-27,,Cancelled,15527.58
ORD02995,CUST0855,SELL052,2024-12-07,,Processing,156737.85
ORD02996,CUST0857,SELL016,2024-04-29,2024-05-03,Delivered,756814.31
ORD02997,CUST0858,SELL084,2024-03-09,2024-03-10,Delivered,126350.44
ORD02998,CUST0858,SELL018,2023-08-07,2023-08-11,Delivered,150088.30
ORD02999,CUST0858,SELL010,2024-08-04,,Shipped,17641.20
ORD03000,CUST0859,SELL041,2024-02-15,2024-02-16,Delivered,1071290.74
ORD03001,CUST0860,SELL019,2023-03-24,2023-03-27,Delivered,361991.39
ORD03002,CUST0860,SELL044,2023-06-19,,Shipped,20728.76
ORD03003,CUST0861,SELL017,2024-10-22,2024-10-26,Delivered,29754.99
ORD03004,CUST0861,SELL064,2024-11-26,,Shipped,418447.53
ORD03005,CUST0861,SELL068,2024-12-29,,Shipped,94625.99
ORD03006,CUST0861,SELL072,2024-11-18,2024-11-22,Delivered,697032.82
ORD03007,CUST0861,SELL026,2024-11-06,2024-11-09,Delivered,854934.30
ORD03008,CUST0862,SELL062,2024-11-30,2024-12-01,Delivered,423407.40
ORD03009,CUST0862,SELL058,2024-12-09,,Shipped,61427.21
ORD03010,CUST0862,SELL043,2024-12-03,,Cancelled,627134.37
ORD03011,CUST0862,SELL087,2024-12-26,,Returned,7617.12
ORD03012,CUST0862,SELL065,2024-12-04,,Returned,398461.26
ORD03013,CUST0862,SELL074,2024-12-19,,Processing,56807.28
ORD03014,CUST0864,SELL084,2024-09-19,,Shipped,596650.80
ORD03015,CUST0864,SELL047,2024-08-20,,Cancelled,6501.96
