payment_id,order_id,payment_method,amount,payment_date
PAY00002,ORD00003,Cash on Delivery,343428.55,2024-09-07 19:00:00
PAY00003,ORD00004,Cash on Delivery,26203.69,2023-12-11 15:00:00
PAY00004,ORD00005,Bank Transfer,6746.19,2023-11-19 13:00:00
PAY00005,ORD00006,Cash on Delivery,2257228.05,2024-06-29 03:00:00
PAY00006,ORD00008,Card,802557.78,2024-01-07 00:00:00
PAY00007,ORD00009,Mobile Money,1260295.96,2024-04-28 04:00:00
PAY00008,ORD00010,Mobile Money,87246.65,2024-03-25 08:00:00
PAY00009,ORD00011,Card,334130.92,2024-12-26 14:00:00
PAY00010,ORD00012,Card,314953.64,2024-05-25 18:00:00
PAY00011,ORD00013,Card,78337.96,2024-12-29 09:00:00
PAY00012,ORD00014,Cash on Delivery,580632.46,2024-02-15 06:00:00
PAY00013,ORD00015,Card,316660.38,2024-07-17 14:00:00
PAY00014,ORD00016,Card,2019.05,2024-08-21 05:00:00
PAY00015,ORD00017,Card,18690.33,2024-01-10 21:00:00
PAY00017,ORD00019,Cash on Delivery,1154125.19,2023-10-30 04:00:00
PAY00018,ORD00021,Mobile Money,145236.92,2024-12-31 00:00:00
PAY00019,ORD00022,Mobile Money,663220.45,2024-12-15 21:00:00
PAY00020,ORD00024,Card,202012.48,2023-09-23 14:00:00
PAY00021,ORD00026,Card,641461.84,2023-11-06 02:00:00
PAY00022,ORD00027,Card,63031.03,2024-11-15 23:00:00
PAY00023,ORD00028,Mobile Money,387229.75,2023-10-10 15:00:00
PAY00024,ORD00029,Card,610496.92,2024-09-08 15:00:00
PAY00025,ORD00030,Cash on Delivery,537014.62,2024-11-30 21:00:00
PAY00026,ORD00031,Bank Transfer,5969.13,2024-11-28 09:00:00
PAY00027,ORD00032,Card,742823.21,2024-10-08 06:00:00
PAY00028,ORD00033,Card,87218.76,2024-06-28 23:00:00
PAY00029,ORD00034,Cash on Delivery,20188.50,2024-11-11 13:00:00
PAY00030,ORD00036,Cash on Delivery,37673.59,2024-12-02 04:00:00
PAY00031,ORD00037,Card,418860.68,2024-11-12 18:00:00
PAY00032,ORD00038,Cash on Delivery,50969.15,2024-11-19 06:00:00
PAY00033,ORD00040,Card,181459.05,2024-08-19 09:00:00
PAY00034,ORD00041,Card,1924.96,2023-11-11 19:00:00
PAY00035,ORD00042,Mobile Money,386969.63,2023-09-29 07:00:00
PAY00036,ORD00045,Mobile Money,37115.57,2023-07-07 22:00:00
PAY00037,ORD00047,Bank Transfer,397308.38,2023-12-24 20:00:00
PAY00038,ORD00048,Bank Transfer,620263.73,2023-11-04 09:00:00
PAY00039,ORD00049,Bank Transfer,8921.75,2023-12-09 09:00:00
PAY00040,ORD00054,Mobile Money,130620.52,2023-09-18 01:00:00
PAY00041,ORD00056,Mobile Money,55822.24,2024-09-29 15:00:00
PAY00042,ORD00057,Bank Transfer,44075.43,2024-10-15 20:00:00
PAY00043,ORD00058,Cash on Delivery,72814.92,2024-11-25 04:00:00
PAY00045,ORD00060,Mobile Money,719457.16,2024-09-08 08:00:00
PAY00046,ORD00062,Card,841181.08,2024-07-24 19:00:00
PAY00048,ORD00065,Bank Transfer,568676.24,2024-09-03 04:00:00
PAY00049,ORD00066,Mobile Money,55153.50,2024-10-16 21:00:00
PAY00050,ORD00068,Mobile Money,59207.10,2024-10-15 00:00:00
PAY00051,ORD00069,Card,105355.32,2024-07-28 20:00:00
PAY00052,ORD00070,Bank Transfer,14849.13,2024-07-07 17:00:00
PAY00053,ORD00071,Card,661180.78,2024-08-01 23:00:00
PAY00054,ORD00072,Card,28219.20,2023-12-22 00:00:00
PAY00055,ORD00074,Mobile Money,85134.06,2024-12-29 05:00:00
PAY00056,ORD00077,Card,9252.98,2024-09-01 05:00:00
PAY00057,ORD00078,Card,52248.32,2024-10-11 13:00:00
PAY00058,ORD00080,Cash on Delivery,237323.74,2024-10-26 06:00:00
PAY00059,ORD00081,Card,56202.28,2024-06-08 10:00:00
PAY00060,ORD00082,Cash on Delivery,68811.36,2024-07-06 09:00:00
PAY00061,ORD00083,Mobile Money,221349.29,2024-07-10 05:00:00
PAY00062,ORD00084,Bank Transfer,156675.92,2024-09-07 20:00:00
PAY00063,ORD00088,Card,317920.43,2023-10-29 03:00:00
PAY00064,ORD00089,Cash on Delivery,11561.20,2024-02-08 12:00:00
PAY00065,ORD00091,Mobile Money,290642.30,2023-09-13 17:00:00
PAY00066,ORD00092,Bank Transfer,172118.10,2023-06-12 18:00:00
PAY00067,ORD00093,Mobile Money,150879.51,2023-07-22 22:00:00
PAY00068,ORD00094,Bank Transfer,113579.08,2024-04-15 04:00:00
PAY00069,ORD00095,Bank Transfer,105588.96,2023-11-01 18:00:00
PAY00070,ORD00096,Card,56377.85,2023-06-11 17:00:00
PAY00071,ORD00097,Mobile Money,15165.36,2024-05-25 11:00:00
PAY00072,ORD00098,Mobile Money,176298.80,2024-06-30 04:00:00
PAY00073,ORD00099,Cash on Delivery,28718.29,2024-08-26 06:00:00
PAY00074,ORD00100,Card,1216584.61,2024-11-22 01:00:00
PAY00076,ORD00102,Cash on Delivery,551588.14,2024-08-24 03:00:00
PAY00077,ORD00103,Bank Transfer,541867.09,2024-08-25 18:00:00
PAY00078,ORD00104,Cash on Delivery,47715.49,2024-08-30 05:00:00
PAY00079,ORD00107,Card,163173.87,2024-10-29 01:00:00
PAY00080,ORD00109,Card,95695.43,2024-08-11 14:00:00
PAY00082,ORD00112,Cash on Delivery,29969.43,2024-06-02 17:00:00
PAY00083,ORD00113,Card,20510.26,2024-07-24 20:00:00
PAY00084,ORD00114,Bank Transfer,116631.80,2023-07-12 07:00:00
PAY00085,ORD00116,Cash on Delivery,487091.15,2023-03-23 12:00:00
PAY00086,ORD00118,Cash on Delivery,3808.56,2023-05-12 03:00:00
PAY00088,ORD00120,Cash on Delivery,135324.64,2023-07-04 20:00:00
PAY00089,ORD00121,Cash on Delivery,361871.41,2023-06-23 06:00:00
PAY00090,ORD00123,Card,286796.28,2024-03-24 17:00:00
PAY00091,ORD00124,Card,17894.71,2024-09-28 19:00:00
PAY00092,ORD00125,Card,1308986.59,2024-08-09 15:00:00
PAY00093,ORD00126,Mobile Money,17879.04,2024-03-10 00:00:00
PAY00094,ORD00127,Card,21681.00,2023-10-10 19:00:00
PAY00095,ORD00128,Card,1690544.05,2024-12-14 03:00:00
PAY00096,ORD00130,Mobile Money,409790.96,2024-06-06 20:00:00
PAY00097,ORD00131,Card,36567.08,2024-11-15 07:00:00
PAY00098,ORD00132,Mobile Money,387334.01,2024-03-22 14:00:00
PAY00099,ORD00133,Cash on Delivery,52128.03,2024-11-19 20:00:00
PAY00100,ORD00134,Mobile Money,854711.56,2024-09-27 17:00:00
PAY00101,ORD00136,Card,121358.37,2024-12-06 07:00:00
PAY00102,ORD00137,Card,53108.20,2024-10-20 14:00:00
PAY00103,ORD00138,Mobile Money,90240.52,2024-07-19 17:00:00
PAY00104,ORD00139,Card,61679.19,2024-12-03 03:00:00
PAY00105,ORD00144,Card,20387.66,2024-08-05 06:00:00
PAY00106,ORD00145,Card,33479.34,2024-08-26 23:00:00
PAY00107,ORD00146,Bank Transfer,67971.18,2023-11-18 15:00:00
PAY00108,ORD00147,Bank Transfer,8223.52,2024-06-29 20:00:00
PAY00047,ORD00064,Card,,2024-10-26 04:00:00
PAY00109,ORD00148,Bank Transfer,424510.83,2023-09-10 03:00:00
PAY00110,ORD00149,Cash on Delivery,165983.83,2024-02-24 12:00:00
PAY00111,ORD00150,Cash on Delivery,923063.39,2023-08-21 23:00:00
PAY00112,ORD00152,Card,381529.84,2024-11-24 01:00:00
PAY00113,ORD00154,Mobile Money,44137.50,2023-12-24 17:00:00
PAY00114,ORD00155,Mobile Money,407731.20,2024-08-19 22:00:00
PAY00115,ORD00156,Cash on Delivery,28748.14,2023-12-30 22:00:00
PAY00116,ORD00157,Bank Transfer,1837779.82,2024-03-10 02:00:00
PAY00117,ORD00159,Card,8939.52,2024-11-05 12:00:00
PAY00118,ORD00161,Cash on Delivery,198883.60,2024-07-29 17:00:00
PAY00121,ORD00165,Mobile Money,72273.39,2024-07-20 16:00:00
PAY00122,ORD00166,Card,241237.25,2024-12-05 03:00:00
PAY00123,ORD00167,Cash on Delivery,24526.05,2024-09-29 14:00:00
PAY00124,ORD00169,Card,74101.71,2024-08-26 20:00:00
PAY00126,ORD00172,Mobile Money,140456.88,2024-04-19 11:00:00
PAY00127,ORD00173,Card,10045.04,2024-05-25 15:00:00
PAY00128,ORD00175,Bank Transfer,1362565.60,2024-03-28 23:00:00
PAY00129,ORD00176,Cash on Delivery,463018.78,2024-03-12 08:00:00
PAY00130,ORD00178,Cash on Delivery,12927.06,2023-07-15 07:00:00
PAY00133,ORD00182,Mobile Money,91816.72,2024-08-23 10:00:00
PAY00134,ORD00183,Bank Transfer,1118704.60,2024-11-15 11:00:00
PAY00135,ORD00184,Card,1110784.70,2024-12-18 08:00:00
PAY00136,ORD00185,Bank Transfer,673130.69,2024-10-25 21:00:00
PAY00137,ORD00186,Card,68811.36,2024-10-07 22:00:00
PAY00138,ORD00187,Bank Transfer,279610.57,2024-09-05 07:00:00
PAY00139,ORD00188,Mobile Money,47284.02,2024-12-31 20:00:00
PAY00140,ORD00190,Bank Transfer,205354.87,2024-12-16 05:00:00
PAY00141,ORD00191,Mobile Money,11170.68,2023-10-31 07:00:00
PAY00142,ORD00192,Card,51341.16,2024-12-14 09:00:00
PAY00143,ORD00194,Mobile Money,1633.04,2024-12-23 14:00:00
PAY00144,ORD00195,Bank Transfer,80751.63,2024-11-16 11:00:00
PAY00145,ORD00196,Cash on Delivery,1906549.00,2024-12-24 19:00:00
PAY00146,ORD00197,Cash on Delivery,1106566.77,2023-10-04 16:00:00
PAY00147,ORD00198,Card,637741.33,2024-01-07 15:00:00
PAY00148,ORD00199,Card,46351.50,2023-12-25 23:00:00
PAY00149,ORD00200,Card,15864.45,2023-05-22 15:00:00
PAY00150,ORD00202,Card,415783.66,2023-09-27 21:00:00
PAY00151,ORD00203,Bank Transfer,587515.04,2024-04-26 21:00:00
PAY00152,ORD00205,Cash on Delivery,184222.10,2024-08-09 21:00:00
PAY00153,ORD00206,Bank Transfer,207195.58,2024-12-08 17:00:00
PAY00154,ORD00207,Cash on Delivery,1839733.68,2024-12-26 12:00:00
PAY00155,ORD00208,Mobile Money,463513.16,2024-10-27 23:00:00
PAY00156,ORD00210,Card,1046114.96,2024-12-26 14:00:00
PAY00157,ORD00211,Mobile Money,9870.56,2024-10-04 14:00:00
PAY00158,ORD00212,Mobile Money,97186.64,2024-12-20 11:00:00
PAY00159,ORD00213,Card,1098722.46,2024-07-07 22:00:00
PAY00160,ORD00215,Cash on Delivery,1067633.73,2024-09-28 22:00:00
PAY00161,ORD00216,Cash on Delivery,104715.98,2024-04-26 19:00:00
PAY00162,ORD00220,Cash on Delivery,1821077.11,2024-08-06 13:00:00
PAY00163,ORD00223,Card,81177.59,2024-03-02 06:00:00
PAY00164,ORD00225,Bank Transfer,68706.68,2024-02-26 04:00:00
PAY00165,ORD00226,Card,340737.24,2024-01-08 06:00:00
PAY00166,ORD00227,Card,123624.12,2024-04-01 23:00:00
PAY00167,ORD00228,Mobile Money,19060.11,2024-10-13 11:00:00
PAY00168,ORD00229,Card,1313680.59,2024-12-02 12:00:00
PAY00169,ORD00230,Card,18140.90,2024-11-30 18:00:00
PAY00170,ORD00231,Bank Transfer,299658.88,2024-09-18 10:00:00
PAY00171,ORD00232,Bank Transfer,114557.57,2024-05-27 08:00:00
PAY00172,ORD00233,Bank Transfer,114669.90,2024-05-11 02:00:00
PAY00173,ORD00234,Mobile Money,869814.44,2024-10-16 09:00:00
PAY00174,ORD00235,Bank Transfer,35594.97,2024-08-10 06:00:00
PAY00175,ORD00238,Mobile Money,2985.64,2024-07-24 00:00:00
PAY00176,ORD00239,Card,8185.56,2024-08-09 13:00:00
PAY00178,ORD00241,Card,336109.81,2024-10-30 22:00:00
PAY00179,ORD00243,Card,34836.28,2024-11-17 09:00:00
PAY00180,ORD00244,Mobile Money,318844.35,2024-11-21 07:00:00
PAY00181,ORD00245,Bank Transfer,87303.72,2024-01-13 03:00:00
PAY00184,ORD00251,Bank Transfer,199058.95,2024-11-18 14:00:00
PAY00185,ORD00252,Cash on Delivery,53834.42,2024-10-26 06:00:00
PAY00186,ORD00254,Cash on Delivery,90661.69,2024-05-29 04:00:00
PAY00187,ORD00255,Card,250605.03,2024-01-22 21:00:00
PAY00188,ORD00257,Mobile Money,17150.33,2024-10-08 15:00:00
PAY00189,ORD00258,Card,653256.02,2024-02-27 16:00:00
PAY00190,ORD00259,Mobile Money,1008375.05,2024-09-30 23:00:00
PAY00191,ORD00260,Card,21046.98,2024-01-01 06:00:00
PAY00192,ORD00261,Card,1033526.75,2024-01-20 03:00:00
PAY00193,ORD00265,Mobile Money,718503.54,2024-12-28 01:00:00
PAY00194,ORD00266,Mobile Money,39485.36,2024-09-06 20:00:00
PAY00195,ORD00267,Cash on Delivery,1337468.88,2024-08-10 07:00:00
PAY00196,ORD00268,Cash on Delivery,1040455.46,2024-12-24 20:00:00
PAY00197,ORD00270,Bank Transfer,13380.15,2024-12-06 20:00:00
PAY00198,ORD00271,Card,23732.60,2024-11-24 08:00:00
PAY00199,ORD00272,Bank Transfer,57378.28,2023-12-15 11:00:00
PAY00200,ORD00273,Mobile Money,688797.69,2024-06-04 08:00:00
PAY00201,ORD00274,Mobile Money,21686.24,2023-07-16 11:00:00
PAY00202,ORD00275,Mobile Money,795534.40,2024-08-12 09:00:00
PAY00203,ORD00276,Cash on Delivery,189891.12,2024-06-19 08:00:00
PAY00204,ORD00277,Card,565928.04,2024-11-04 07:00:00
PAY00205,ORD00278,Bank Transfer,36834.84,2024-12-05 00:00:00
PAY00206,ORD00280,Card,186735.09,2024-10-13 07:00:00
PAY00207,ORD00281,Card,11957.92,2024-06-21 04:00:00
PAY00208,ORD00282,Card,163963.66,2024-09-07 18:00:00
PAY00209,ORD00284,Bank Transfer,24967.78,2023-09-15 15:00:00
PAY00210,ORD00285,Cash on Delivery,21301.38,2023-05-05 01:00:00
PAY00211,ORD00286,Card,1482049.93,2023-10-08 07:00:00
PAY00212,ORD00289,Bank Transfer,838831.71,2023-10-06 20:00:00
PAY00213,ORD00291,Mobile Money,8834.25,2024-04-03 14:00:00
PAY00214,ORD00292,Mobile Money,65538.61,2023-10-03 04:00:00
PAY00215,ORD00293,Mobile Money,511280.86,2024-02-17 06:00:00
PAY00216,ORD00294,Mobile Money,52451.70,2023-03-08 21:00:00
PAY00217,ORD00296,Cash on Delivery,95114.76,2023-11-12 15:00:00
PAY00218,ORD00297,Mobile Money,375751.75,2023-07-21 12:00:00
PAY00219,ORD00298,Cash on Delivery,392099.74,2023-05-16 07:00:00
PAY00221,ORD00301,Bank Transfer,1006562.43,2024-06-02 07:00:00
PAY00222,ORD00302,Mobile Money,72273.39,2024-10-07 01:00:00
PAY00223,ORD00303,Mobile Money,541298.27,2024-10-17 13:00:00
PAY00224,ORD00305,Cash on Delivery,23962.00,2024-12-04 00:00:00
PAY00225,ORD00307,Bank Transfer,124012.95,2024-09-30 09:00:00
PAY00226,ORD00309,Card,15371.06,2024-09-29 06:00:00
PAY00227,ORD00311,Mobile Money,56529.82,2023-02-15 04:00:00
PAY00228,ORD00312,Cash on Delivery,517459.78,2024-06-11 19:00:00
PAY00229,ORD00313,Card,649434.60,2024-09-23 06:00:00
PAY00230,ORD00314,Card,331970.24,2024-11-11 20:00:00
PAY00231,ORD00315,Card,156675.92,2024-12-29 21:00:00
PAY00232,ORD00317,Mobile Money,1015340.04,2024-11-13 14:00:00
PAY00233,ORD00320,Mobile Money,41523.39,2024-07-29 14:00:00
PAY00234,ORD00324,Bank Transfer,20703.44,2024-07-24 04:00:00
PAY00235,ORD00325,Card,1024046.49,2024-11-19 01:00:00
PAY00236,ORD00329,Bank Transfer,1056588.38,2023-07-27 23:00:00
PAY00237,ORD00330,Mobile Money,237701.88,2024-11-19 06:00:00
PAY00239,ORD00332,Cash on Delivery,8076.20,2023-05-04 20:00:00
PAY00240,ORD00333,Cash on Delivery,1038583.27,2024-03-05 10:00:00
PAY00241,ORD00334,Mobile Money,20108.16,2024-11-17 02:00:00
PAY00242,ORD00335,Mobile Money,11561.20,2024-11-29 23:00:00
PAY00243,ORD00337,Cash on Delivery,118777.43,2024-09-04 20:00:00
PAY00244,ORD00338,Card,835660.76,2023-11-09 23:00:00
PAY00245,ORD00339,Card,17418.14,2024-04-21 05:00:00
PAY00246,ORD00340,Card,47474.30,2024-08-09 18:00:00
PAY00248,ORD00344,Bank Transfer,249821.66,2024-10-14 16:00:00
PAY00249,ORD00345,Cash on Delivery,12341.62,2024-09-01 23:00:00
PAY00250,ORD00347,Mobile Money,1135166.90,2024-05-20 02:00:00
PAY00251,ORD00348,Bank Transfer,80565.33,2024-04-13 00:00:00
PAY00252,ORD00349,Cash on Delivery,564062.64,2024-08-01 07:00:00
PAY00253,ORD00351,Mobile Money,905369.04,2024-08-09 20:00:00
PAY00254,ORD00353,Mobile Money,1747386.06,2024-03-08 15:00:00
PAY00255,ORD00360,Bank Transfer,579273.29,2024-06-17 04:00:00
PAY00256,ORD00361,Cash on Delivery,81869.66,2024-06-22 16:00:00
PAY00257,ORD00362,Bank Transfer,423407.40,2024-11-23 22:00:00
PAY00258,ORD00363,Card,58042.90,2024-12-19 00:00:00
PAY00259,ORD00364,Cash on Delivery,61242.36,2024-11-14 04:00:00
PAY00260,ORD00367,Mobile Money,71357.08,2024-03-31 17:00:00
PAY00262,ORD00369,Bank Transfer,135890.25,2024-08-04 00:00:00
PAY00263,ORD00370,Card,7533.78,2024-05-12 01:00:00
PAY00264,ORD00372,Card,9954.82,2024-11-15 22:00:00
PAY00265,ORD00374,Card,68757.46,2024-09-27 09:00:00
PAY00266,ORD00375,Cash on Delivery,329209.29,2024-07-22 10:00:00
PAY00267,ORD00376,Card,33000.44,2024-06-23 23:00:00
PAY00268,ORD00377,Cash on Delivery,1081019.63,2024-03-08 11:00:00
PAY00269,ORD00381,Cash on Delivery,69007.99,2024-09-20 18:00:00
PAY00270,ORD00382,Cash on Delivery,403673.98,2024-06-24 04:00:00
PAY00271,ORD00383,Cash on Delivery,8999.40,2024-12-26 12:00:00
PAY00272,ORD00385,Mobile Money,1340872.79,2024-12-01 14:00:00
PAY00273,ORD00386,Cash on Delivery,549925.12,2024-12-04 08:00:00
PAY00274,ORD00389,Mobile Money,170398.32,2024-11-24 06:00:00
PAY00275,ORD00390,Cash on Delivery,46462.10,2024-12-19 11:00:00
PAY00276,ORD00391,Cash on Delivery,73400.14,2024-10-03 11:00:00
PAY00277,ORD00393,Cash on Delivery,487075.95,2024-12-21 21:00:00
PAY00278,ORD00394,Cash on Delivery,1174.07,2024-09-20 06:00:00
PAY00279,ORD00395,Cash on Delivery,392693.70,2024-06-02 04:00:00
PAY00280,ORD00396,Cash on Delivery,783030.12,2024-01-04 16:00:00
PAY00281,ORD00399,Cash on Delivery,29538.45,2024-11-05 06:00:00
PAY00282,ORD00401,Bank Transfer,148528.57,2024-12-13 18:00:00
PAY00283,ORD00403,Card,62010.68,2024-04-02 06:00:00
PAY00284,ORD00405,Mobile Money,6345.78,2024-04-12 14:00:00
PAY00285,ORD00409,Cash on Delivery,208766.75,2024-01-29 15:00:00
PAY00286,ORD00410,Card,134871.38,2024-12-14 06:00:00
PAY00287,ORD00412,Card,100026.32,2024-05-01 00:00:00
PAY00288,ORD00413,Card,227426.90,2024-11-07 18:00:00
PAY00289,ORD00414,Mobile Money,21092.44,2024-08-05 18:00:00
PAY00290,ORD00415,Bank Transfer,81197.50,2024-11-24 08:00:00
PAY00291,ORD00416,Mobile Money,73579.33,2024-11-06 16:00:00
PAY00292,ORD00418,Cash on Delivery,40227.54,2024-08-18 18:00:00
PAY00293,ORD00421,Cash on Delivery,407586.12,2023-10-30 04:00:00
PAY00294,ORD00423,Bank Transfer,168960.56,2024-10-28 15:00:00
PAY00295,ORD00424,Mobile Money,121442.45,2023-12-18 17:00:00
PAY00296,ORD00425,Mobile Money,1211000.62,2024-01-08 17:00:00
PAY00297,ORD00427,Bank Transfer,142692.85,2024-12-08 14:00:00
PAY00298,ORD00430,Cash on Delivery,22153.16,2024-11-22 13:00:00
PAY00299,ORD00431,Mobile Money,899321.45,2024-04-22 12:00:00
PAY00300,ORD00433,Bank Transfer,132923.54,2023-06-14 19:00:00
PAY00301,ORD00437,Bank Transfer,284037.06,2024-03-18 12:00:00
PAY00302,ORD00439,Cash on Delivery,50530.96,2024-05-23 00:00:00
PAY00303,ORD00440,Card,76881.64,2024-07-06 21:00:00
PAY00304,ORD00441,Bank Transfer,1817749.85,2023-07-15 16:00:00
PAY00305,ORD00442,Card,400105.28,2023-04-25 13:00:00
PAY00306,ORD00443,Mobile Money,3250.98,2024-03-23 11:00:00
PAY00307,ORD00444,Mobile Money,318136.45,2023-06-13 07:00:00
PAY00308,ORD00446,Mobile Money,59584.40,2024-07-18 06:00:00
PAY00309,ORD00447,Card,11561.20,2024-04-09 18:00:00
PAY00310,ORD00448,Bank Transfer,6230.11,2024-12-18 02:00:00
PAY00311,ORD00450,Bank Transfer,115950.03,2024-11-15 06:00:00
PAY00312,ORD00453,Card,67579.57,2024-11-14 02:00:00
PAY00313,ORD00454,Card,1300172.97,2024-11-15 09:00:00
PAY00314,ORD00455,Mobile Money,792677.46,2024-12-17 10:00:00
PAY00315,ORD00456,Card,701886.30,2024-12-15 10:00:00
PAY00316,ORD00457,Card,1255316.56,2024-11-29 03:00:00
PAY00317,ORD00458,Card,166388.35,2024-08-17 20:00:00
PAY00318,ORD00459,Mobile Money,230104.36,2024-09-20 20:00:00
PAY00319,ORD00460,Mobile Money,160987.02,2024-11-07 14:00:00
PAY00320,ORD00461,Card,1231073.02,2024-12-06 00:00:00
PAY00321,ORD00462,Cash on Delivery,41738.40,2024-09-20 12:00:00
PAY00322,ORD00463,Mobile Money,7172.97,2024-09-17 07:00:00
PAY00323,ORD00468,Bank Transfer,231544.96,2024-06-12 07:00:00
PAY00324,ORD00469,Bank Transfer,1256918.44,2024-05-09 09:00:00
PAY00325,ORD00470,Card,816829.96,2024-06-15 04:00:00
PAY00326,ORD00471,Cash on Delivery,167987.24,2024-10-16 16:00:00
PAY00327,ORD00472,Mobile Money,37254.90,2024-05-29 22:00:00
PAY00328,ORD00474,Mobile Money,234437.08,2024-11-19 22:00:00
PAY00329,ORD00475,Mobile Money,458822.98,2024-09-22 02:00:00
PAY00331,ORD00477,Card,117508.45,2024-06-30 06:00:00
PAY00332,ORD00478,Bank Transfer,3149.21,2024-02-05 17:00:00
PAY00334,ORD00480,Cash on Delivery,364494.60,2023-11-24 23:00:00
PAY00335,ORD00481,Mobile Money,924212.96,2024-10-26 20:00:00
PAY00336,ORD00482,Cash on Delivery,515180.54,2024-03-22 18:00:00
PAY00337,ORD00484,Card,508341.61,2024-12-11 16:00:00
PAY00338,ORD00485,Mobile Money,38184.64,2024-01-24 15:00:00
PAY00339,ORD00486,Card,520184.35,2023-12-30 20:00:00
PAY00340,ORD00487,Card,871926.90,2024-03-18 16:00:00
PAY00341,ORD00488,Cash on Delivery,35488.70,2024-11-17 17:00:00
PAY00342,ORD00489,Card,5512.81,2024-12-16 22:00:00
PAY00343,ORD00490,Cash on Delivery,22192.46,2024-08-02 18:00:00
PAY00344,ORD00492,Cash on Delivery,1586657.86,2024-07-17 00:00:00
PAY00345,ORD00493,Cash on Delivery,118235.75,2024-08-21 21:00:00
PAY00346,ORD00494,Bank Transfer,876039.35,2024-12-13 00:00:00
PAY00348,ORD00497,Bank Transfer,20993.04,2024-11-07 13:00:00
PAY00349,ORD00498,Mobile Money,82041.04,2024-12-13 10:00:00
PAY00350,ORD00500,Mobile Money,26343.44,2023-12-30 08:00:00
PAY00351,ORD00501,Mobile Money,354085.10,2024-06-01 09:00:00
PAY00352,ORD00502,Mobile Money,929593.33,2024-07-28 19:00:00
PAY00353,ORD00504,Mobile Money,200052.64,2023-10-22 03:00:00
PAY00354,ORD00505,Mobile Money,734614.02,2024-09-30 17:00:00
PAY00355,ORD00506,Bank Transfer,108353.68,2023-12-31 23:00:00
PAY00356,ORD00509,Bank Transfer,72047.64,2024-06-08 01:00:00
PAY00357,ORD00511,Cash on Delivery,3485.44,2024-07-22 03:00:00
PAY00358,ORD00513,Card,198883.60,2024-11-12 16:00:00
PAY00359,ORD00514,Card,235009.16,2024-11-24 19:00:00
PAY00360,ORD00516,Card,589959.06,2024-06-03 11:00:00
PAY00361,ORD00517,Mobile Money,168325.37,2024-12-28 18:00:00
PAY00362,ORD00518,Card,125685.71,2024-07-18 03:00:00
PAY00363,ORD00519,Mobile Money,436199.25,2024-06-11 01:00:00
PAY00364,ORD00522,Card,817839.94,2024-12-10 14:00:00
PAY00365,ORD00523,Bank Transfer,180380.35,2024-04-08 05:00:00
PAY00366,ORD00524,Card,339418.37,2024-07-07 17:00:00
PAY00367,ORD00525,Card,841301.64,2024-09-01 18:00:00
PAY00368,ORD00527,Cash on Delivery,1380886.77,2023-06-07 07:00:00
PAY00369,ORD00528,Bank Transfer,347417.94,2024-01-16 03:00:00
PAY00370,ORD00529,Cash on Delivery,27825.60,2024-01-06 19:00:00
PAY00371,ORD00530,Card,1120410.59,2023-05-05 14:00:00
PAY00372,ORD00531,Cash on Delivery,53743.75,2023-10-29 00:00:00
PAY00373,ORD00532,Card,147594.20,2024-11-01 15:00:00
PAY00374,ORD00533,Cash on Delivery,220262.55,2024-07-15 15:00:00
PAY00375,ORD00534,Card,223383.08,2024-11-01 06:00:00
PAY00376,ORD00535,Cash on Delivery,193656.60,2024-11-13 04:00:00
PAY00377,ORD00536,Bank Transfer,231412.15,2024-06-30 23:00:00
PAY00378,ORD00537,Mobile Money,3385.48,2024-07-20 01:00:00
PAY00379,ORD00538,Bank Transfer,451022.95,2023-12-22 06:00:00
PAY00380,ORD00541,Card,768841.50,2024-11-10 03:00:00
PAY00381,ORD00542,Mobile Money,926660.16,2024-12-03 00:00:00
PAY00382,ORD00544,Mobile Money,92772.76,2024-09-27 06:00:00
PAY00383,ORD00545,Cash on Delivery,240142.74,2024-11-14 00:00:00
PAY00384,ORD00546,Mobile Money,181459.05,2024-12-24 15:00:00
PAY00385,ORD00548,Cash on Delivery,13409.28,2024-12-12 20:00:00
PAY00386,ORD00549,Bank Transfer,95430.98,2024-12-13 02:00:00
PAY00387,ORD00550,Cash on Delivery,1408878.80,2024-11-28 04:00:00
PAY00388,ORD00551,Card,86284.48,2024-12-19 11:00:00
PAY00389,ORD00552,Mobile Money,1613502.06,2024-12-10 06:00:00
PAY00390,ORD00554,Bank Transfer,160848.97,2024-12-05 13:00:00
PAY00391,ORD00557,Bank Transfer,10095.25,2024-11-05 17:00:00
PAY00393,ORD00561,Bank Transfer,378503.96,2024-12-04 03:00:00
PAY00394,ORD00563,Mobile Money,65148.54,2024-12-15 00:00:00
PAY00395,ORD00567,Mobile Money,98560.00,2024-03-31 17:00:00
PAY00396,ORD00568,Card,87090.70,2023-10-12 12:00:00
PAY00397,ORD00570,Card,43905.60,2024-05-01 12:00:00
PAY00399,ORD00572,Bank Transfer,64819.73,2024-08-12 23:00:00
PAY00400,ORD00573,Card,1564948.01,2024-05-31 10:00:00
PAY00401,ORD00574,Card,324721.91,2024-05-19 15:00:00
PAY00402,ORD00575,Card,10095.25,2024-08-19 19:00:00
PAY00403,ORD00576,Mobile Money,742960.79,2024-06-07 20:00:00
PAY00404,ORD00577,Card,5457.04,2024-04-21 22:00:00
PAY00405,ORD00578,Card,146008.50,2024-01-27 08:00:00
PAY00406,ORD00580,Cash on Delivery,236830.69,2024-03-21 05:00:00
PAY00407,ORD00581,Mobile Money,109722.82,2024-01-13 01:00:00
PAY00408,ORD00582,Cash on Delivery,680096.85,2024-04-08 21:00:00
PAY00409,ORD00583,Cash on Delivery,32894.08,2023-07-09 04:00:00
PAY00410,ORD00584,Cash on Delivery,76881.64,2023-09-16 17:00:00
PAY00411,ORD00586,Mobile Money,359728.58,2024-11-11 20:00:00
PAY00412,ORD00587,Mobile Money,655577.48,2024-11-19 09:00:00
PAY00413,ORD00590,Mobile Money,55149.16,2024-11-28 05:00:00
PAY00414,ORD00591,Card,1283356.59,2024-09-28 15:00:00
PAY00415,ORD00592,Bank Transfer,61637.76,2024-10-09 09:00:00
PAY00416,ORD00593,Card,76726.04,2024-05-06 14:00:00
PAY00417,ORD00595,Cash on Delivery,649434.60,2024-11-02 09:00:00
PAY00418,ORD00596,Card,1712169.09,2024-11-01 08:00:00
PAY00419,ORD00598,Card,17607.17,2024-12-11 10:00:00
PAY00420,ORD00599,Mobile Money,58703.25,2024-11-27 03:00:00
PAY00421,ORD00600,Card,771760.08,2024-12-02 21:00:00
PAY00422,ORD00602,Mobile Money,656811.71,2024-10-29 14:00:00
PAY00423,ORD00603,Mobile Money,78576.78,2024-11-21 00:00:00
PAY00424,ORD00604,Bank Transfer,426564.74,2024-12-16 18:00:00
PAY00425,ORD00606,Card,59216.88,2024-12-17 14:00:00
PAY00427,ORD00608,Cash on Delivery,25829.99,2023-09-27 04:00:00
PAY00428,ORD00609,Cash on Delivery,18483.24,2023-04-12 06:00:00
PAY00429,ORD00611,Cash on Delivery,45102.28,2023-08-12 17:00:00
PAY00430,ORD00612,Mobile Money,890698.14,2023-10-23 05:00:00
PAY00431,ORD00614,Bank Transfer,261576.42,2023-08-13 03:00:00
PAY00432,ORD00615,Card,803078.39,2024-10-03 06:00:00
PAY00433,ORD00616,Card,24990.69,2024-02-10 22:00:00
PAY00434,ORD00617,Cash on Delivery,21709.68,2024-07-03 13:00:00
PAY00435,ORD00619,Bank Transfer,264786.66,2024-11-13 18:00:00
PAY00436,ORD00620,Bank Transfer,191420.62,2024-12-11 22:00:00
PAY00437,ORD00621,Card,30284.60,2024-11-26 01:00:00
PAY00438,ORD00622,Card,400105.28,2024-12-18 05:00:00
PAY00439,ORD00624,Card,45992.18,2024-11-25 20:00:00
PAY00440,ORD00625,Mobile Money,102447.74,2024-12-13 04:00:00
PAY00441,ORD00626,Mobile Money,85781.07,2024-12-05 17:00:00
PAY00442,ORD00627,Cash on Delivery,225136.60,2024-12-13 04:00:00
PAY00443,ORD00628,Bank Transfer,1022886.92,2024-12-03 07:00:00
PAY00444,ORD00629,Cash on Delivery,24526.05,2024-11-17 06:00:00
PAY00445,ORD00630,Mobile Money,152795.70,2024-10-07 04:00:00
PAY00446,ORD00631,Card,70104.98,2024-01-23 14:00:00
PAY00447,ORD00632,Mobile Money,154519.40,2024-11-06 02:00:00
PAY00448,ORD00633,Bank Transfer,469525.69,2024-04-13 00:00:00
PAY00449,ORD00634,Bank Transfer,47233.84,2024-04-18 18:00:00
PAY00450,ORD00635,Card,204981.37,2024-07-14 04:00:00
PAY00451,ORD00636,Bank Transfer,1732506.27,2024-03-04 15:00:00
PAY00452,ORD00637,Bank Transfer,918620.89,2024-10-24 10:00:00
PAY00454,ORD00639,Cash on Delivery,274071.30,2024-06-07 04:00:00
PAY00455,ORD00640,Cash on Delivery,91238.43,2023-05-30 17:00:00
PAY00456,ORD00641,Mobile Money,119435.37,2024-12-04 01:00:00
PAY00457,ORD00643,Bank Transfer,988437.53,2024-11-19 20:00:00
PAY00458,ORD00644,Bank Transfer,471432.66,2024-09-05 17:00:00
PAY00459,ORD00645,Card,40919.83,2024-07-15 02:00:00
PAY00460,ORD00646,Bank Transfer,156879.65,2024-08-30 05:00:00
PAY00461,ORD00648,Mobile Money,167249.52,2024-11-25 01:00:00
PAY00462,ORD00649,Cash on Delivery,8700.29,2024-09-10 19:00:00
PAY00463,ORD00652,Cash on Delivery,534704.88,2024-07-28 20:00:00
PAY00464,ORD00653,Bank Transfer,138579.52,2024-11-09 21:00:00
PAY00465,ORD00654,Bank Transfer,78498.02,2024-06-11 15:00:00
PAY00466,ORD00655,Bank Transfer,24463.34,2024-11-29 16:00:00
PAY00467,ORD00656,Bank Transfer,1018515.34,2024-07-14 09:00:00
PAY00468,ORD00657,Mobile Money,35558.78,2024-01-04 12:00:00
PAY00469,ORD00658,Mobile Money,409790.96,2024-02-11 17:00:00
PAY00470,ORD00660,Bank Transfer,872071.33,2024-03-21 07:00:00
PAY00471,ORD00661,Mobile Money,10799.52,2024-03-17 02:00:00
PAY00472,ORD00663,Card,739180.57,2024-11-24 08:00:00
PAY00473,ORD00664,Card,808297.13,2024-10-26 09:00:00
PAY00474,ORD00665,Cash on Delivery,564791.35,2024-11-19 17:00:00
PAY00475,ORD00666,Cash on Delivery,286980.91,2024-12-22 16:00:00
PAY00477,ORD00668,Mobile Money,1755792.32,2023-07-20 02:00:00
PAY00478,ORD00669,Bank Transfer,130533.42,2024-09-02 00:00:00
PAY00479,ORD00671,Bank Transfer,100327.02,2024-03-27 06:00:00
PAY00480,ORD00674,Card,7038.57,2024-03-05 07:00:00
PAY00481,ORD00675,Card,78955.84,2024-02-02 11:00:00
PAY00482,ORD00676,Bank Transfer,3568.70,2024-02-15 00:00:00
PAY00483,ORD00677,Bank Transfer,2985.64,2024-01-19 01:00:00
PAY00484,ORD00678,Mobile Money,507804.25,2024-02-19 18:00:00
PAY00485,ORD00679,Card,96102.05,2024-10-03 07:00:00
PAY00486,ORD00680,Card,50013.11,2024-12-25 07:00:00
PAY00487,ORD00681,Card,178295.72,2024-10-22 20:00:00
PAY00488,ORD00682,Card,177386.77,2024-11-16 22:00:00
PAY00489,ORD00685,Bank Transfer,1607599.10,2024-01-08 17:00:00
PAY00490,ORD00686,Mobile Money,179162.29,2024-06-03 16:00:00
PAY00491,ORD00692,Mobile Money,191405.76,2024-07-05 07:00:00
PAY00492,ORD00694,Cash on Delivery,1913024.48,2023-02-15 10:00:00
PAY00493,ORD00695,Card,47233.84,2024-08-19 02:00:00
PAY00494,ORD00698,Bank Transfer,112612.34,2024-04-19 14:00:00
PAY00495,ORD00699,Card,283877.97,2024-08-31 02:00:00
PAY00496,ORD00700,Bank Transfer,1924.96,2024-09-07 02:00:00
PAY00497,ORD00704,Bank Transfer,526844.32,2024-04-20 04:00:00
PAY00498,ORD00706,Card,877534.55,2024-03-11 04:00:00
PAY00499,ORD00707,Mobile Money,1523373.58,2024-06-18 08:00:00
PAY00500,ORD00708,Card,474127.35,2024-01-26 00:00:00
PAY00501,ORD00709,Card,484168.90,2024-10-19 10:00:00
PAY00502,ORD00710,Mobile Money,32300.05,2024-10-25 02:00:00
PAY00503,ORD00712,Cash on Delivery,1018573.95,2024-09-27 16:00:00
PAY00504,ORD00715,Card,1098861.08,2024-08-29 06:00:00
PAY00505,ORD00716,Bank Transfer,70228.44,2024-08-25 14:00:00
PAY00506,ORD00717,Mobile Money,65607.55,2024-10-23 01:00:00
PAY00507,ORD00718,Cash on Delivery,431300.41,2024-09-14 03:00:00
PAY00508,ORD00719,Cash on Delivery,361931.70,2024-09-17 05:00:00
PAY00509,ORD00720,Card,473129.95,2024-12-31 01:00:00
PAY00510,ORD00721,Card,1017025.87,2024-11-20 05:00:00
PAY00511,ORD00722,Bank Transfer,569557.84,2024-10-31 22:00:00
PAY00512,ORD00723,Cash on Delivery,6463.53,2024-02-20 23:00:00
PAY00513,ORD00724,Cash on Delivery,48926.68,2024-08-02 04:00:00
PAY00514,ORD00725,Mobile Money,6831.72,2023-12-28 11:00:00
PAY00515,ORD00726,Bank Transfer,537796.40,2024-08-25 23:00:00
PAY00516,ORD00727,Card,321528.06,2024-08-13 16:00:00
PAY00517,ORD00729,Card,252555.02,2023-06-29 02:00:00
PAY00518,ORD00730,Card,89136.44,2023-11-10 20:00:00
PAY00519,ORD00731,Mobile Money,330791.24,2024-07-03 11:00:00
PAY00520,ORD00732,Card,41020.52,2023-10-14 13:00:00
PAY00522,ORD00735,Mobile Money,260806.91,2024-01-03 09:00:00
PAY00523,ORD00736,Card,166699.15,2024-01-17 11:00:00
PAY00524,ORD00737,Mobile Money,1015740.44,2024-08-31 10:00:00
PAY00525,ORD00739,Card,2354575.73,2024-08-18 05:00:00
PAY00527,ORD00741,Card,582824.76,2023-09-27 12:00:00
PAY00528,ORD00742,Mobile Money,122312.70,2024-05-04 02:00:00
PAY00529,ORD00743,Mobile Money,63585.10,2024-12-23 17:00:00
PAY00530,ORD00744,Mobile Money,1283879.52,2024-07-24 16:00:00
PAY00532,ORD00746,Bank Transfer,77698.16,2024-12-15 10:00:00
PAY00533,ORD00747,Card,144928.51,2024-10-29 10:00:00
PAY00534,ORD00748,Card,603998.75,2024-11-22 08:00:00
PAY00535,ORD00750,Card,657071.01,2024-02-10 06:00:00
PAY00536,ORD00751,Bank Transfer,54346.36,2023-12-07 10:00:00
PAY00537,ORD00752,Card,462984.69,2024-06-23 18:00:00
PAY00538,ORD00753,Cash on Delivery,147735.75,2024-09-13 01:00:00
PAY00539,ORD00754,Cash on Delivery,879031.83,2024-08-18 03:00:00
PAY00540,ORD00757,Card,63131.92,2024-07-23 15:00:00
PAY00541,ORD00758,Cash on Delivery,13409.28,2024-03-25 23:00:00
PAY00542,ORD00761,Mobile Money,359728.58,2024-12-14 15:00:00
PAY00543,ORD00763,Cash on Delivery,684591.89,2024-12-16 04:00:00
PAY00544,ORD00765,Mobile Money,92782.44,2024-12-28 03:00:00
PAY00545,ORD00766,Card,147425.86,2024-10-23 12:00:00
PAY00546,ORD00767,Bank Transfer,169258.32,2024-11-16 22:00:00
PAY00547,ORD00768,Card,53790.15,2024-12-28 23:00:00
PAY00548,ORD00769,Bank Transfer,317300.85,2024-12-05 03:00:00
PAY00549,ORD00770,Card,17287.41,2024-10-06 00:00:00
PAY00550,ORD00771,Card,110258.32,2024-03-05 09:00:00
PAY00551,ORD00772,Mobile Money,4038.10,2024-08-27 11:00:00
PAY00552,ORD00773,Card,66595.50,2024-03-06 02:00:00
PAY00553,ORD00778,Bank Transfer,500323.45,2023-10-16 01:00:00
PAY00554,ORD00779,Card,271470.00,2024-04-27 15:00:00
PAY00555,ORD00780,Bank Transfer,148614.93,2023-10-14 05:00:00
PAY00556,ORD00782,Bank Transfer,30345.96,2024-07-14 17:00:00
PAY00557,ORD00784,Card,393692.05,2023-12-05 06:00:00
PAY00558,ORD00785,Card,1398814.12,2024-12-24 12:00:00
PAY00559,ORD00786,Card,70957.82,2024-10-23 07:00:00
PAY00561,ORD00788,Card,71048.06,2024-08-08 10:00:00
PAY00562,ORD00789,Card,37830.93,2024-08-08 15:00:00
PAY00563,ORD00791,Bank Transfer,984241.89,2024-10-16 12:00:00
PAY00564,ORD00792,Cash on Delivery,1428900.54,2024-01-07 00:00:00
PAY00565,ORD00795,Cash on Delivery,103294.81,2024-07-23 20:00:00
PAY00566,ORD00796,Bank Transfer,51096.45,2024-06-12 21:00:00
PAY00567,ORD00797,Mobile Money,816.52,2024-06-22 14:00:00
PAY00568,ORD00798,Bank Transfer,460779.85,2024-07-19 07:00:00
PAY00569,ORD00799,Card,82563.21,2024-12-16 12:00:00
PAY00570,ORD00801,Mobile Money,74516.28,2024-11-17 06:00:00
PAY00571,ORD00802,Bank Transfer,1032680.62,2024-12-04 18:00:00
PAY00572,ORD00803,Bank Transfer,643024.25,2024-12-31 03:00:00
PAY00573,ORD00805,Bank Transfer,177974.85,2024-12-29 23:00:00
PAY00574,ORD00806,Card,8480.78,2024-12-06 16:00:00
PAY00575,ORD00807,Card,103538.61,2024-12-28 17:00:00
PAY00576,ORD00808,Cash on Delivery,87610.75,2024-12-21 05:00:00
PAY00578,ORD00810,Bank Transfer,155979.39,2024-07-10 03:00:00
PAY00579,ORD00812,Mobile Money,194607.91,2024-12-08 03:00:00
PAY00580,ORD00813,Cash on Delivery,5416.29,2024-12-01 15:00:00
PAY00581,ORD00814,Bank Transfer,246012.35,2024-12-10 07:00:00
PAY00582,ORD00815,Card,91572.30,2024-05-25 10:00:00
PAY00583,ORD00816,Cash on Delivery,60039.89,2024-05-30 18:00:00
PAY00584,ORD00817,Cash on Delivery,308380.38,2024-12-22 00:00:00
PAY00585,ORD00819,Cash on Delivery,397793.53,2024-12-04 20:00:00
PAY00586,ORD00820,Card,24825.96,2023-05-12 22:00:00
PAY00587,ORD00821,Cash on Delivery,142890.79,2024-08-15 23:00:00
PAY00588,ORD00822,Bank Transfer,149126.89,2023-07-22 23:00:00
PAY00589,ORD00823,Bank Transfer,33288.69,2024-02-20 03:00:00
PAY00590,ORD00824,Card,15571.78,2024-08-14 16:00:00
PAY00592,ORD00826,Card,361665.18,2024-02-05 00:00:00
PAY00593,ORD00827,Cash on Delivery,29001.62,2024-01-10 22:00:00
PAY00594,ORD00828,Cash on Delivery,527527.80,2024-05-25 15:00:00
PAY00595,ORD00829,Cash on Delivery,576056.05,2024-10-24 09:00:00
PAY00596,ORD00830,Cash on Delivery,2248.73,2024-10-27 01:00:00
PAY00597,ORD00831,Cash on Delivery,28585.35,2024-12-21 18:00:00
PAY00598,ORD00833,Cash on Delivery,308147.91,2024-01-01 21:00:00
PAY00599,ORD00834,Cash on Delivery,183000.43,2024-11-22 16:00:00
PAY00600,ORD00835,Cash on Delivery,93330.92,2024-04-19 17:00:00
PAY00601,ORD00836,Card,299320.66,2024-09-07 21:00:00
PAY00602,ORD00837,Mobile Money,7685.53,2024-10-23 13:00:00
PAY00603,ORD00841,Mobile Money,50533.44,2024-03-19 06:00:00
PAY00604,ORD00842,Mobile Money,31300.16,2024-05-19 00:00:00
PAY00606,ORD00845,Card,176253.29,2024-04-17 05:00:00
PAY00607,ORD00846,Card,325875.84,2024-05-17 12:00:00
PAY00608,ORD00847,Mobile Money,135696.98,2024-12-09 11:00:00
PAY00609,ORD00848,Mobile Money,73390.02,2024-07-10 00:00:00
PAY00610,ORD00849,Card,110640.11,2024-05-18 12:00:00
PAY00611,ORD00850,Cash on Delivery,20392.27,2024-10-27 05:00:00
PAY00612,ORD00851,Mobile Money,570375.48,2024-04-27 07:00:00
PAY00613,ORD00852,Cash on Delivery,216605.55,2024-03-22 19:00:00
PAY00614,ORD00853,Cash on Delivery,545501.09,2024-02-11 20:00:00
PAY00615,ORD00854,Mobile Money,140041.10,2024-01-06 12:00:00
PAY00616,ORD00855,Card,48024.83,2024-06-08 13:00:00
PAY00617,ORD00856,Cash on Delivery,885861.21,2024-10-21 19:00:00
PAY00618,ORD00857,Card,120073.18,2024-11-23 19:00:00
PAY00619,ORD00858,Cash on Delivery,51056.48,2024-04-29 19:00:00
PAY00620,ORD00861,Bank Transfer,2511.26,2024-11-02 20:00:00
PAY00621,ORD00862,Bank Transfer,32819.40,2023-12-26 17:00:00
PAY00622,ORD00863,Cash on Delivery,20590.75,2024-04-26 00:00:00
PAY00623,ORD00865,Cash on Delivery,102185.35,2024-04-15 10:00:00
PAY00624,ORD00866,Bank Transfer,1206982.05,2024-09-18 18:00:00
PAY00625,ORD00867,Card,23255.54,2024-07-22 17:00:00
PAY00626,ORD00868,Cash on Delivery,234388.12,2024-12-24 04:00:00
PAY00627,ORD00869,Mobile Money,179864.29,2024-06-16 02:00:00
PAY00629,ORD00871,Cash on Delivery,14377.20,2024-11-30 00:00:00
PAY00630,ORD00872,Bank Transfer,679865.87,2024-09-09 13:00:00
PAY00631,ORD00873,Card,28922.62,2024-10-07 09:00:00
PAY00632,ORD00874,Mobile Money,135102.64,2024-09-01 06:00:00
PAY00633,ORD00875,Card,16199.28,2024-07-14 09:00:00
PAY00634,ORD00877,Mobile Money,104703.44,2024-09-23 21:00:00
PAY00636,ORD00879,Mobile Money,175604.14,2024-11-02 15:00:00
PAY00637,ORD00880,Card,552557.03,2024-10-03 03:00:00
PAY00638,ORD00881,Card,110269.71,2024-04-01 19:00:00
PAY00639,ORD00882,Bank Transfer,109517.52,2023-10-24 17:00:00
PAY00640,ORD00884,Cash on Delivery,337069.86,2024-05-25 10:00:00
PAY00641,ORD00885,Card,183062.91,2024-09-12 08:00:00
PAY00642,ORD00886,Bank Transfer,55373.35,2024-02-08 12:00:00
PAY00643,ORD00888,Cash on Delivery,15006.39,2024-07-19 13:00:00
PAY00644,ORD00890,Card,2057186.68,2023-11-14 09:00:00
PAY00645,ORD00891,Mobile Money,114528.20,2023-08-14 09:00:00
PAY00646,ORD00892,Cash on Delivery,328067.34,2024-05-10 12:00:00
PAY00647,ORD00893,Cash on Delivery,85883.35,2024-08-06 05:00:00
PAY00648,ORD00895,Mobile Money,365253.79,2023-10-12 13:00:00
PAY00649,ORD00897,Card,1035554.73,2023-11-21 07:00:00
PAY00650,ORD00898,Mobile Money,364555.47,2024-09-14 23:00:00
PAY00651,ORD00899,Mobile Money,163247.70,2024-04-03 01:00:00
PAY00652,ORD00900,Cash on Delivery,14011.65,2024-10-01 08:00:00
PAY00653,ORD00901,Bank Transfer,90584.94,2024-08-20 17:00:00
PAY00654,ORD00902,Card,24376.32,2024-11-14 12:00:00
PAY00655,ORD00903,Card,252137.68,2024-08-31 19:00:00
PAY00656,ORD00904,Mobile Money,43142.24,2024-06-01 04:00:00
PAY00657,ORD00905,Card,38299.46,2024-10-09 12:00:00
PAY00658,ORD00906,Cash on Delivery,73288.78,2024-12-18 01:00:00
PAY00659,ORD00908,Card,1320381.28,2024-12-31 09:00:00
PAY00660,ORD00909,Bank Transfer,1887115.40,2024-11-09 07:00:00
PAY00661,ORD00910,Cash on Delivery,731989.14,2024-12-18 10:00:00
PAY00662,ORD00911,Card,377173.89,2024-11-25 17:00:00
PAY00663,ORD00912,Card,14095.84,2024-11-07 01:00:00
PAY00664,ORD00914,Mobile Money,719457.16,2024-11-04 19:00:00
PAY00665,ORD00915,Cash on Delivery,51810.86,2024-12-29 16:00:00
PAY00666,ORD00916,Mobile Money,14427.90,2024-11-24 15:00:00
PAY00668,ORD00918,Cash on Delivery,71972.01,2024-09-24 11:00:00
PAY00670,ORD00920,Mobile Money,479176.61,2024-08-26 22:00:00
PAY00671,ORD00921,Card,72469.92,2024-08-31 09:00:00
PAY00672,ORD00922,Mobile Money,45102.28,2024-07-16 02:00:00
PAY00673,ORD00923,Bank Transfer,346394.23,2024-08-12 17:00:00
PAY00674,ORD00924,Card,95695.43,2024-09-05 12:00:00
PAY00675,ORD00926,Bank Transfer,134560.35,2024-06-26 20:00:00
PAY00676,ORD00929,Bank Transfer,1580460.04,2024-08-04 05:00:00
PAY00677,ORD00930,Mobile Money,310936.87,2024-04-12 00:00:00
PAY00678,ORD00931,Cash on Delivery,291536.08,2024-09-26 04:00:00
PAY00679,ORD00933,Card,6821.26,2024-07-25 01:00:00
PAY00680,ORD00934,Card,9207.08,2024-04-23 22:00:00
PAY00681,ORD00935,Cash on Delivery,513579.85,2024-09-23 16:00:00
PAY00682,ORD00936,Mobile Money,1368218.23,2024-10-12 16:00:00
PAY00683,ORD00938,Card,1192178.97,2023-10-02 01:00:00
PAY00684,ORD00940,Mobile Money,21340.87,2024-01-10 00:00:00
PAY00685,ORD00941,Card,170268.12,2024-08-26 09:00:00
PAY00686,ORD00944,Bank Transfer,12341.62,2024-04-07 21:00:00
PAY00687,ORD00945,Bank Transfer,746747.97,2023-08-10 04:00:00
PAY00688,ORD00946,Card,945114.90,2024-06-18 09:00:00
PAY00689,ORD00947,Cash on Delivery,285781.38,2024-11-19 05:00:00
PAY00691,ORD00949,Mobile Money,250844.04,2024-07-19 15:00:00
PAY00692,ORD00951,Card,775038.35,2024-08-20 21:00:00
PAY00693,ORD00952,Bank Transfer,12278.28,2024-10-20 07:00:00
PAY00694,ORD00953,Mobile Money,632732.68,2024-06-30 00:00:00
PAY00695,ORD00954,Card,14845.55,2024-10-10 14:00:00
PAY00696,ORD00955,Bank Transfer,215882.30,2024-09-26 16:00:00
PAY00697,ORD00957,Bank Transfer,213274.88,2024-07-03 07:00:00
PAY00698,ORD00958,Card,95695.43,2024-12-09 14:00:00
PAY00699,ORD00960,Cash on Delivery,266180.98,2024-10-22 17:00:00
PAY00700,ORD00961,Card,320608.15,2024-06-17 03:00:00
PAY00701,ORD00962,Card,492647.20,2024-07-27 00:00:00
PAY00702,ORD00963,Card,387335.12,2024-03-17 17:00:00
PAY00703,ORD00964,Card,25528.24,2024-04-07 00:00:00
PAY00704,ORD00965,Card,100048.28,2024-03-05 04:00:00
PAY00705,ORD00967,Bank Transfer,6821.26,2023-10-21 08:00:00
PAY00706,ORD00968,Mobile Money,153949.20,2023-12-05 07:00:00
PAY00707,ORD00969,Card,176857.47,2023-11-02 03:00:00
PAY00708,ORD00972,Cash on Delivery,1061481.88,2024-11-12 21:00:00
PAY00709,ORD00974,Card,187711.64,2024-08-23 16:00:00
PAY00710,ORD00976,Mobile Money,19169.60,2024-11-16 01:00:00
PAY00711,ORD00977,Mobile Money,36581.64,2024-04-01 12:00:00
PAY00712,ORD00978,Bank Transfer,11097.43,2024-06-29 10:00:00
PAY00713,ORD00979,Mobile Money,106466.10,2024-12-01 06:00:00
PAY00714,ORD00981,Cash on Delivery,334715.64,2024-09-23 18:00:00
PAY00715,ORD00982,Card,67894.35,2024-07-07 16:00:00
PAY00716,ORD00983,Card,1602.14,2024-11-01 04:00:00
PAY00717,ORD00984,Bank Transfer,1323987.05,2024-07-25 11:00:00
PAY00718,ORD00986,Card,13171.72,2024-02-17 13:00:00
PAY00719,ORD00988,Mobile Money,1515860.19,2023-04-17 12:00:00
PAY00720,ORD00989,Mobile Money,62992.61,2024-01-26 14:00:00
PAY00721,ORD00990,Cash on Delivery,337561.86,2023-10-11 22:00:00
PAY00722,ORD00991,Card,473129.95,2024-08-01 17:00:00
PAY00723,ORD00992,Card,19742.68,2023-10-28 12:00:00
PAY00724,ORD00993,Card,243429.47,2024-12-09 05:00:00
PAY00725,ORD00994,Card,556868.36,2024-12-01 23:00:00
PAY00726,ORD00995,Mobile Money,117897.53,2024-11-26 03:00:00
PAY00727,ORD00996,Card,117590.08,2024-09-14 07:00:00
PAY00728,ORD00997,Cash on Delivery,1067500.41,2023-11-07 19:00:00
PAY00729,ORD00999,Mobile Money,734304.98,2024-07-29 02:00:00
PAY00731,ORD01001,Card,30282.75,2024-11-27 03:00:00
PAY00732,ORD01002,Cash on Delivery,26617.40,2024-04-05 03:00:00
PAY00734,ORD01004,Cash on Delivery,391595.61,2025-01-01 03:00:00
PAY00735,ORD01005,Mobile Money,50868.08,2023-04-16 02:00:00
PAY00736,ORD01006,Bank Transfer,12650.30,2024-12-06 00:00:00
PAY00737,ORD01007,Cash on Delivery,17759.04,2024-11-20 01:00:00
PAY00738,ORD01008,Mobile Money,99842.46,2024-05-07 20:00:00
PAY00740,ORD01011,Cash on Delivery,309288.39,2024-10-01 06:00:00
PAY00741,ORD01012,Bank Transfer,137727.03,2024-12-06 01:00:00
PAY00742,ORD01014,Mobile Money,76142.09,2024-10-28 07:00:00
PAY00743,ORD01015,Bank Transfer,40632.15,2023-05-17 17:00:00
PAY00744,ORD01016,Bank Transfer,1018903.35,2023-11-01 00:00:00
PAY00745,ORD01017,Card,680880.78,2023-11-09 21:00:00
PAY00746,ORD01018,Mobile Money,467178.97,2024-03-17 11:00:00
PAY00747,ORD01019,Bank Transfer,23990.67,2024-12-22 05:00:00
PAY00853,ORD01155,Card,527944.80,2024-01-30 00:00:00
PAY00748,ORD01020,Bank Transfer,66459.48,2024-02-02 03:00:00
PAY00749,ORD01022,Bank Transfer,57794.83,2024-07-08 10:00:00
PAY00750,ORD01023,Bank Transfer,5399.76,2024-11-02 23:00:00
PAY00751,ORD01024,Bank Transfer,227279.12,2024-12-10 12:00:00
PAY00752,ORD01025,Cash on Delivery,26396.73,2024-07-23 04:00:00
PAY00753,ORD01026,Card,21604.29,2024-10-05 18:00:00
PAY00754,ORD01028,Bank Transfer,788128.86,2024-11-11 07:00:00
PAY00755,ORD01029,Cash on Delivery,1316488.47,2024-07-28 18:00:00
PAY00756,ORD01030,Cash on Delivery,24006.66,2024-06-13 09:00:00
PAY00757,ORD01034,Bank Transfer,30581.49,2023-12-23 02:00:00
PAY00758,ORD01036,Cash on Delivery,75976.50,2024-09-30 05:00:00
PAY00759,ORD01037,Bank Transfer,135063.48,2023-11-01 16:00:00
PAY00760,ORD01039,Bank Transfer,45557.08,2024-02-16 17:00:00
PAY00761,ORD01040,Mobile Money,48710.76,2023-12-04 21:00:00
PAY00762,ORD01041,Card,952072.75,2024-10-17 19:00:00
PAY00763,ORD01042,Cash on Delivery,154950.88,2024-12-19 20:00:00
PAY00764,ORD01043,Cash on Delivery,36491.25,2024-05-04 07:00:00
PAY00765,ORD01044,Cash on Delivery,353692.59,2024-01-29 05:00:00
PAY00766,ORD01045,Cash on Delivery,254267.42,2024-09-12 08:00:00
PAY00767,ORD01046,Mobile Money,23540.85,2024-12-16 22:00:00
PAY00768,ORD01047,Bank Transfer,36567.08,2024-10-22 11:00:00
PAY00769,ORD01048,Card,1229781.35,2024-10-26 22:00:00
PAY00770,ORD01049,Bank Transfer,679049.30,2024-10-13 07:00:00
PAY00771,ORD01050,Mobile Money,66595.50,2024-12-18 23:00:00
PAY00772,ORD01051,Card,34973.36,2024-10-17 04:00:00
PAY00773,ORD01052,Bank Transfer,58767.24,2024-10-21 10:00:00
PAY00774,ORD01053,Bank Transfer,1333503.85,2024-12-25 23:00:00
PAY00775,ORD01054,Bank Transfer,1038425.47,2024-10-02 00:00:00
PAY00776,ORD01055,Bank Transfer,51659.98,2024-08-15 06:00:00
PAY00777,ORD01057,Bank Transfer,42901.95,2024-06-15 22:00:00
PAY00778,ORD01058,Bank Transfer,39168.98,2024-12-21 15:00:00
PAY00779,ORD01059,Bank Transfer,407731.20,2024-12-27 14:00:00
PAY00780,ORD01060,Card,101388.10,2024-03-29 17:00:00
PAY00781,ORD01061,Mobile Money,118084.60,2023-12-07 14:00:00
PAY00782,ORD01062,Mobile Money,193997.28,2024-06-14 09:00:00
PAY00783,ORD01063,Card,317128.75,2024-09-01 19:00:00
PAY00784,ORD01066,Card,57025.35,2024-08-21 07:00:00
PAY00786,ORD01068,Bank Transfer,931864.34,2024-12-20 06:00:00
PAY00787,ORD01069,Cash on Delivery,108201.85,2024-12-31 16:00:00
PAY00788,ORD01070,Card,136400.23,2024-11-06 17:00:00
PAY00789,ORD01071,Card,412524.16,2024-10-26 23:00:00
PAY00790,ORD01072,Cash on Delivery,26917.21,2024-10-23 18:00:00
PAY00791,ORD01073,Bank Transfer,1464648.35,2024-03-08 02:00:00
PAY00792,ORD01075,Bank Transfer,687406.40,2024-08-25 18:00:00
PAY00793,ORD01076,Cash on Delivery,335910.17,2023-12-31 14:00:00
PAY00794,ORD01077,Mobile Money,515070.46,2024-12-21 18:00:00
PAY00795,ORD01078,Mobile Money,48285.65,2023-11-12 10:00:00
PAY00796,ORD01080,Card,305515.78,2023-07-11 00:00:00
PAY00797,ORD01081,Card,4792.40,2023-10-04 08:00:00
PAY00798,ORD01085,Card,11386.20,2024-12-27 08:00:00
PAY00799,ORD01086,Mobile Money,596785.81,2023-06-05 03:00:00
PAY00800,ORD01087,Bank Transfer,44389.86,2024-12-20 11:00:00
PAY00801,ORD01088,Mobile Money,609401.78,2024-12-31 00:00:00
PAY00802,ORD01092,Cash on Delivery,1013423.02,2024-03-06 12:00:00
PAY00803,ORD01094,Cash on Delivery,87002.20,2024-06-29 09:00:00
PAY00804,ORD01096,Cash on Delivery,1139763.44,2024-11-22 19:00:00
PAY00805,ORD01097,Bank Transfer,35488.70,2024-04-29 22:00:00
PAY00806,ORD01098,Mobile Money,182319.68,2024-03-18 14:00:00
PAY00808,ORD01101,Bank Transfer,199930.87,2024-08-20 20:00:00
PAY00809,ORD01102,Mobile Money,143131.75,2024-06-27 02:00:00
PAY00810,ORD01103,Cash on Delivery,852463.48,2024-12-06 22:00:00
PAY00811,ORD01104,Cash on Delivery,53843.48,2024-06-20 17:00:00
PAY00812,ORD01106,Cash on Delivery,319248.56,2024-08-14 04:00:00
PAY00813,ORD01107,Mobile Money,1144574.29,2023-09-12 17:00:00
PAY00814,ORD01109,Mobile Money,94241.74,2024-08-09 23:00:00
PAY00815,ORD01110,Bank Transfer,16739.67,2023-08-31 22:00:00
PAY00816,ORD01111,Card,141950.72,2024-07-08 10:00:00
PAY00817,ORD01112,Cash on Delivery,162894.00,2024-10-09 04:00:00
PAY00818,ORD01113,Card,120150.56,2024-09-04 09:00:00
PAY00819,ORD01114,Mobile Money,41341.72,2024-07-10 05:00:00
PAY00820,ORD01115,Card,7077.96,2024-06-09 07:00:00
PAY00821,ORD01117,Card,58514.20,2023-03-22 13:00:00
PAY00822,ORD01118,Mobile Money,52971.75,2024-01-28 05:00:00
PAY00823,ORD01119,Cash on Delivery,51996.04,2024-07-22 01:00:00
PAY00824,ORD01120,Mobile Money,12460.22,2024-11-30 17:00:00
PAY00825,ORD01122,Mobile Money,98779.27,2024-08-04 08:00:00
PAY00826,ORD01123,Card,127390.86,2023-10-13 04:00:00
PAY00827,ORD01124,Bank Transfer,13921.15,2024-05-13 21:00:00
PAY00828,ORD01125,Bank Transfer,343450.84,2023-09-16 12:00:00
PAY00830,ORD01127,Mobile Money,291464.46,2024-06-20 14:00:00
PAY00831,ORD01128,Cash on Delivery,567313.19,2023-08-23 07:00:00
PAY00832,ORD01129,Card,8016.63,2024-07-24 23:00:00
PAY00833,ORD01130,Card,540650.06,2024-11-08 14:00:00
PAY00834,ORD01131,Card,349632.08,2024-09-01 18:00:00
PAY00835,ORD01136,Mobile Money,6230.11,2024-10-08 17:00:00
PAY00836,ORD01137,Mobile Money,729035.92,2024-05-03 03:00:00
PAY00837,ORD01138,Card,940331.68,2024-07-11 12:00:00
PAY00838,ORD01139,Bank Transfer,74632.08,2024-07-15 19:00:00
PAY00839,ORD01140,Card,36749.26,2024-08-14 19:00:00
PAY00840,ORD01141,Card,686857.19,2024-05-10 14:00:00
PAY00841,ORD01142,Bank Transfer,247851.46,2024-12-29 04:00:00
PAY00842,ORD01143,Bank Transfer,1072928.69,2024-09-01 09:00:00
PAY00845,ORD01147,Card,900.70,2024-09-15 20:00:00
PAY00846,ORD01148,Mobile Money,5352.06,2024-11-14 10:00:00
PAY00847,ORD01149,Card,24046.50,2024-08-17 10:00:00
PAY00848,ORD01150,Bank Transfer,1255094.75,2024-07-22 06:00:00
PAY00849,ORD01151,Card,16350.70,2024-08-31 14:00:00
PAY00850,ORD01152,Card,69170.64,2023-05-07 17:00:00
PAY00851,ORD01153,Bank Transfer,16326.25,2024-04-26 14:00:00
PAY00852,ORD01154,Mobile Money,1310091.95,2024-04-19 17:00:00
PAY00854,ORD01156,Mobile Money,481758.40,2024-06-30 03:00:00
PAY00855,ORD01159,Bank Transfer,382139.74,2024-11-26 00:00:00
PAY00856,ORD01160,Cash on Delivery,487249.66,2024-12-01 07:00:00
PAY00857,ORD01161,Mobile Money,75449.74,2024-12-12 02:00:00
PAY00858,ORD01162,Card,28971.39,2023-10-19 19:00:00
PAY00860,ORD01164,Bank Transfer,215427.32,2024-09-21 18:00:00
PAY00861,ORD01166,Bank Transfer,101134.25,2023-09-27 05:00:00
PAY00862,ORD01167,Cash on Delivery,72583.62,2023-09-03 07:00:00
PAY00863,ORD01169,Bank Transfer,171956.04,2024-05-08 14:00:00
PAY00864,ORD01171,Mobile Money,271932.37,2024-05-04 17:00:00
PAY00865,ORD01172,Cash on Delivery,11470.51,2024-05-29 15:00:00
PAY00866,ORD01175,Card,75701.89,2024-01-01 13:00:00
PAY00867,ORD01177,Bank Transfer,265248.35,2024-03-25 00:00:00
PAY00868,ORD01178,Card,1029403.72,2024-01-05 22:00:00
PAY00869,ORD01179,Mobile Money,15970.44,2024-05-19 19:00:00
PAY00870,ORD01180,Bank Transfer,29611.68,2024-05-15 07:00:00
PAY00871,ORD01181,Bank Transfer,169836.89,2024-12-08 00:00:00
PAY00872,ORD01183,Card,31522.68,2024-05-31 08:00:00
PAY00874,ORD01185,Mobile Money,482209.15,2024-08-28 22:00:00
PAY00875,ORD01186,Card,15761.34,2024-03-21 13:00:00
PAY00876,ORD01187,Cash on Delivery,232908.60,2024-05-07 18:00:00
PAY00877,ORD01189,Card,509325.39,2024-06-19 14:00:00
PAY00878,ORD01190,Cash on Delivery,111871.28,2024-11-12 17:00:00
PAY00879,ORD01192,Mobile Money,107334.05,2024-11-13 17:00:00
PAY00880,ORD01193,Mobile Money,95556.59,2024-04-28 13:00:00
PAY00881,ORD01194,Card,14427.90,2023-08-17 17:00:00
PAY00882,ORD01195,Mobile Money,50601.20,2024-01-19 00:00:00
PAY00883,ORD01196,Card,80525.21,2024-04-28 16:00:00
PAY00885,ORD01199,Mobile Money,874450.51,2024-08-17 21:00:00
PAY00886,ORD01200,Mobile Money,33329.69,2024-05-11 04:00:00
PAY00887,ORD01201,Cash on Delivery,13171.72,2023-09-03 22:00:00
PAY00888,ORD01202,Bank Transfer,10088.47,2023-04-23 18:00:00
PAY00889,ORD01204,Card,271042.29,2024-11-03 00:00:00
PAY00890,ORD01205,Cash on Delivery,200327.57,2024-12-21 19:00:00
PAY00891,ORD01206,Card,919080.41,2024-12-26 22:00:00
PAY00892,ORD01208,Bank Transfer,2348.14,2024-03-24 01:00:00
PAY00893,ORD01209,Cash on Delivery,475610.24,2024-09-15 10:00:00
PAY00894,ORD01210,Cash on Delivery,88519.54,2024-05-23 01:00:00
PAY00895,ORD01212,Mobile Money,7077.96,2024-12-15 17:00:00
PAY00896,ORD01214,Mobile Money,1363173.53,2024-04-15 02:00:00
PAY00897,ORD01216,Bank Transfer,277797.81,2024-11-23 15:00:00
PAY00898,ORD01218,Card,1015642.67,2024-08-23 05:00:00
PAY00899,ORD01220,Mobile Money,59382.20,2023-11-16 05:00:00
PAY00900,ORD01221,Cash on Delivery,43501.45,2024-04-16 17:00:00
PAY00902,ORD01223,Card,14402.86,2024-02-13 17:00:00
PAY00903,ORD01224,Card,80161.95,2023-07-15 20:00:00
PAY00904,ORD01225,Card,506570.74,2024-05-24 17:00:00
PAY00905,ORD01226,Bank Transfer,13862.43,2023-10-01 01:00:00
PAY00906,ORD01227,Card,264786.66,2023-02-23 12:00:00
PAY00907,ORD01228,Mobile Money,94467.68,2024-02-26 06:00:00
PAY00908,ORD01229,Card,1365823.52,2024-02-10 00:00:00
PAY00909,ORD01230,Cash on Delivery,244411.45,2024-11-21 09:00:00
PAY00910,ORD01231,Cash on Delivery,768841.50,2024-11-29 00:00:00
PAY00911,ORD01233,Card,60835.63,2024-10-17 15:00:00
PAY00912,ORD01234,Mobile Money,88545.48,2024-12-17 03:00:00
PAY00913,ORD01236,Card,150515.56,2024-11-27 19:00:00
PAY00914,ORD01237,Mobile Money,282271.60,2024-09-15 02:00:00
PAY00915,ORD01238,Bank Transfer,125277.25,2024-09-11 21:00:00
PAY00916,ORD01240,Bank Transfer,855219.84,2024-11-08 05:00:00
PAY00918,ORD01243,Mobile Money,3204.28,2024-09-21 18:00:00
PAY00919,ORD01244,Mobile Money,184897.87,2024-04-10 07:00:00
PAY00920,ORD01245,Cash on Delivery,332973.30,2024-03-19 02:00:00
PAY00921,ORD01246,Card,14402.86,2024-06-05 12:00:00
PAY00922,ORD01247,Card,215521.34,2024-05-30 22:00:00
PAY00924,ORD01249,Cash on Delivery,627213.66,2024-01-31 14:00:00
PAY00925,ORD01250,Card,1532854.95,2023-08-03 05:00:00
PAY00926,ORD01251,Mobile Money,1488556.02,2024-11-27 17:00:00
PAY00927,ORD01252,Card,79623.58,2024-04-23 12:00:00
PAY00928,ORD01253,Mobile Money,1199432.67,2024-01-14 04:00:00
PAY00929,ORD01254,Mobile Money,559798.45,2024-10-10 06:00:00
PAY00930,ORD01256,Bank Transfer,46389.30,2024-07-29 02:00:00
PAY00931,ORD01257,Mobile Money,338489.64,2024-07-23 15:00:00
PAY00932,ORD01258,Cash on Delivery,67518.08,2024-04-14 05:00:00
PAY00933,ORD01260,Card,12699.55,2024-10-29 04:00:00
PAY00934,ORD01261,Cash on Delivery,98293.53,2024-07-27 08:00:00
PAY00935,ORD01263,Card,523651.34,2024-10-03 00:00:00
PAY00936,ORD01264,Card,95128.44,2024-03-27 21:00:00
PAY00937,ORD01265,Bank Transfer,98197.51,2024-09-06 10:00:00
PAY00938,ORD01266,Card,127598.57,2024-03-08 16:00:00
PAY00939,ORD01267,Card,96202.74,2024-01-05 15:00:00
PAY00940,ORD01268,Card,113014.76,2024-05-01 01:00:00
PAY00941,ORD01269,Card,18690.33,2024-01-12 11:00:00
PAY00942,ORD01272,Card,8028.09,2024-04-20 08:00:00
PAY00943,ORD01273,Mobile Money,60582.65,2024-06-11 00:00:00
PAY00944,ORD01275,Bank Transfer,308912.61,2023-11-09 12:00:00
PAY00945,ORD01276,Cash on Delivery,73629.38,2024-03-10 20:00:00
PAY00947,ORD01279,Cash on Delivery,30345.96,2023-12-03 12:00:00
PAY00949,ORD01281,Bank Transfer,37315.03,2024-04-10 22:00:00
PAY00950,ORD01283,Cash on Delivery,180084.64,2023-08-29 20:00:00
PAY00951,ORD01284,Mobile Money,430462.89,2024-12-24 09:00:00
PAY00952,ORD01286,Card,63045.36,2024-03-15 10:00:00
PAY00953,ORD01287,Card,509055.94,2023-09-24 18:00:00
PAY00955,ORD01289,Bank Transfer,83437.72,2024-04-02 07:00:00
PAY00956,ORD01291,Card,101292.39,2023-04-14 02:00:00
PAY00957,ORD01292,Cash on Delivery,1759452.55,2024-06-24 17:00:00
PAY00958,ORD01293,Card,151263.40,2024-02-28 13:00:00
PAY00959,ORD01294,Card,13409.28,2024-08-25 12:00:00
PAY00960,ORD01295,Cash on Delivery,668077.43,2024-06-21 10:00:00
PAY00961,ORD01297,Cash on Delivery,1090050.21,2024-06-05 17:00:00
PAY00962,ORD01298,Cash on Delivery,51425.70,2024-06-07 06:00:00
PAY00963,ORD01300,Cash on Delivery,32796.92,2024-05-19 15:00:00
PAY00964,ORD01301,Mobile Money,1343803.78,2024-06-13 01:00:00
PAY00965,ORD01302,Bank Transfer,24585.89,2024-12-11 14:00:00
PAY00966,ORD01303,Card,182439.52,2024-11-18 19:00:00
PAY00967,ORD01304,Card,44912.78,2024-10-10 22:00:00
PAY00968,ORD01305,Card,919640.12,2024-01-28 21:00:00
PAY00969,ORD01306,Mobile Money,110900.42,2024-11-08 15:00:00
PAY00971,ORD01310,Cash on Delivery,29570.18,2024-09-29 21:00:00
PAY00972,ORD01311,Cash on Delivery,217322.84,2023-06-21 19:00:00
PAY00973,ORD01313,Mobile Money,265518.94,2023-09-10 10:00:00
PAY00974,ORD01314,Cash on Delivery,68157.62,2024-11-18 08:00:00
PAY00976,ORD01319,Card,261871.45,2024-02-10 09:00:00
PAY00977,ORD01321,Bank Transfer,171956.04,2023-10-21 18:00:00
PAY00978,ORD01322,Cash on Delivery,49812.90,2024-08-20 16:00:00
PAY00979,ORD01323,Mobile Money,191306.61,2023-10-10 06:00:00
PAY00980,ORD01325,Mobile Money,289181.78,2024-02-24 19:00:00
PAY00981,ORD01326,Mobile Money,90042.32,2024-06-02 10:00:00
PAY00982,ORD01327,Card,31091.23,2024-07-07 06:00:00
PAY00983,ORD01328,Bank Transfer,756460.81,2024-09-28 21:00:00
PAY00984,ORD01329,Mobile Money,53108.20,2023-09-29 22:00:00
PAY00986,ORD01331,Mobile Money,117469.19,2023-05-25 06:00:00
PAY00987,ORD01333,Mobile Money,380265.64,2024-09-01 20:00:00
PAY00988,ORD01334,Card,3849.92,2023-05-29 18:00:00
PAY00990,ORD01336,Cash on Delivery,47472.78,2023-10-14 23:00:00
PAY00991,ORD01337,Bank Transfer,65577.92,2024-10-19 05:00:00
PAY00992,ORD01338,Mobile Money,124747.54,2024-08-16 14:00:00
PAY00993,ORD01340,Mobile Money,244771.48,2023-10-30 19:00:00
PAY00995,ORD01345,Mobile Money,60942.63,2024-12-05 06:00:00
PAY00996,ORD01346,Mobile Money,5755.30,2024-12-18 22:00:00
PAY00997,ORD01347,Bank Transfer,408079.72,2024-04-21 11:00:00
PAY00998,ORD01349,Cash on Delivery,103986.26,2024-01-14 12:00:00
PAY00999,ORD01350,Cash on Delivery,9207.08,2024-06-03 01:00:00
PAY01000,ORD01353,Card,2149209.07,2024-11-03 15:00:00
PAY01001,ORD01354,Bank Transfer,324717.30,2024-08-07 04:00:00
PAY01002,ORD01355,Card,1317086.90,2024-05-07 00:00:00
PAY01003,ORD01356,Card,1144891.00,2024-09-28 12:00:00
PAY01004,ORD01357,Mobile Money,189703.99,2024-12-12 03:00:00
PAY01005,ORD01359,Card,135696.91,2024-04-25 18:00:00
PAY01006,ORD01360,Mobile Money,528191.14,2024-04-11 16:00:00
PAY01007,ORD01361,Card,100004.00,2024-09-04 10:00:00
PAY01008,ORD01362,Cash on Delivery,9954.82,2024-06-15 09:00:00
PAY01009,ORD01364,Cash on Delivery,888627.76,2024-08-27 20:00:00
PAY01010,ORD01365,Cash on Delivery,191900.83,2023-12-12 01:00:00
PAY01011,ORD01366,Mobile Money,506720.90,2024-02-06 19:00:00
PAY01012,ORD01367,Bank Transfer,289357.03,2024-11-23 06:00:00
PAY01013,ORD01368,Card,18080.28,2024-06-24 23:00:00
PAY01014,ORD01370,Mobile Money,154882.11,2024-05-23 15:00:00
PAY01015,ORD01371,Bank Transfer,905535.81,2024-04-30 06:00:00
PAY01016,ORD01372,Card,7092.62,2024-06-01 13:00:00
PAY01017,ORD01373,Card,344086.23,2024-11-26 05:00:00
PAY01018,ORD01374,Card,1027134.30,2024-12-06 20:00:00
PAY01019,ORD01375,Bank Transfer,515070.46,2024-12-15 14:00:00
PAY01020,ORD01377,Card,41043.57,2024-12-01 20:00:00
PAY01021,ORD01378,Mobile Money,509664.00,2024-11-22 12:00:00
PAY01022,ORD01379,Mobile Money,787954.12,2024-11-11 12:00:00
PAY01023,ORD01382,Card,336920.80,2024-01-21 03:00:00
PAY01024,ORD01385,Cash on Delivery,604011.00,2024-02-23 12:00:00
PAY01025,ORD01386,Card,240474.84,2024-03-16 00:00:00
PAY01026,ORD01387,Card,409790.96,2024-08-18 20:00:00
PAY01027,ORD01389,Card,499557.85,2023-11-12 09:00:00
PAY01028,ORD01390,Bank Transfer,64814.68,2024-11-18 09:00:00
PAY01029,ORD01391,Bank Transfer,3628.18,2024-03-12 02:00:00
PAY01030,ORD01393,Mobile Money,622605.57,2024-12-16 10:00:00
PAY01031,ORD01394,Card,946234.05,2024-09-23 23:00:00
PAY01032,ORD01395,Card,49739.73,2024-06-19 11:00:00
PAY01033,ORD01397,Bank Transfer,407337.51,2024-11-09 23:00:00
PAY01034,ORD01398,Mobile Money,24825.96,2024-07-01 00:00:00
PAY01035,ORD01399,Mobile Money,1042211.85,2024-12-13 08:00:00
PAY01037,ORD01401,Cash on Delivery,2944.75,2024-12-25 22:00:00
PAY01038,ORD01403,Bank Transfer,92706.45,2024-09-09 08:00:00
PAY01040,ORD01405,Bank Transfer,305798.40,2023-10-31 05:00:00
PAY01042,ORD01407,Bank Transfer,104826.28,2024-09-25 16:00:00
PAY01043,ORD01408,Mobile Money,1940456.15,2024-12-11 13:00:00
PAY01044,ORD01409,Mobile Money,9563.86,2024-12-25 18:00:00
PAY01045,ORD01411,Card,505004.26,2024-08-24 21:00:00
PAY01046,ORD01412,Bank Transfer,703636.90,2023-10-27 10:00:00
PAY01047,ORD01413,Mobile Money,205073.54,2024-06-15 13:00:00
PAY01048,ORD01414,Cash on Delivery,207598.77,2024-07-07 04:00:00
PAY01050,ORD01417,Cash on Delivery,602922.95,2023-09-05 20:00:00
PAY01051,ORD01420,Card,42820.06,2023-10-15 08:00:00
PAY01052,ORD01421,Bank Transfer,267736.80,2024-01-16 11:00:00
PAY01053,ORD01422,Cash on Delivery,409790.96,2024-11-13 11:00:00
PAY01054,ORD01423,Mobile Money,69992.67,2024-04-18 14:00:00
PAY01055,ORD01424,Bank Transfer,504390.28,2024-07-26 00:00:00
PAY01056,ORD01426,Card,14239.20,2024-07-31 20:00:00
PAY01057,ORD01427,Bank Transfer,506311.33,2024-09-20 00:00:00
PAY01058,ORD01429,Mobile Money,201503.45,2023-11-14 00:00:00
PAY01059,ORD01430,Card,52539.60,2024-01-04 07:00:00
PAY01060,ORD01431,Cash on Delivery,58923.21,2024-05-05 00:00:00
PAY01061,ORD01432,Cash on Delivery,48285.65,2024-06-08 00:00:00
PAY01062,ORD01433,Bank Transfer,1061234.59,2024-10-07 13:00:00
PAY01063,ORD01434,Mobile Money,199354.44,2023-11-08 16:00:00
PAY01064,ORD01435,Mobile Money,10621.64,2024-12-21 08:00:00
PAY01065,ORD01436,Mobile Money,63394.81,2024-04-05 00:00:00
PAY01066,ORD01437,Card,278279.64,2024-10-16 04:00:00
PAY01067,ORD01438,Mobile Money,57981.42,2023-12-03 00:00:00
PAY01068,ORD01441,Mobile Money,74245.65,2024-06-11 12:00:00
PAY01069,ORD01442,Mobile Money,65303.75,2024-03-06 14:00:00
PAY01070,ORD01443,Card,326360.99,2024-08-03 02:00:00
PAY01071,ORD01445,Mobile Money,164719.61,2024-12-11 09:00:00
PAY01072,ORD01446,Mobile Money,22051.24,2024-11-15 15:00:00
PAY01073,ORD01448,Card,130265.75,2023-11-10 13:00:00
PAY01074,ORD01449,Mobile Money,695495.94,2024-11-25 00:00:00
PAY01075,ORD01450,Card,276291.22,2023-08-11 08:00:00
PAY01076,ORD01452,Card,129981.66,2023-12-13 06:00:00
PAY01077,ORD01453,Card,1281402.50,2023-07-28 17:00:00
PAY01078,ORD01455,Cash on Delivery,103319.96,2024-12-26 00:00:00
PAY01079,ORD01456,Mobile Money,437118.57,2024-12-02 17:00:00
PAY01080,ORD01457,Bank Transfer,68557.15,2024-12-03 20:00:00
PAY01081,ORD01458,Mobile Money,11561.20,2024-11-05 00:00:00
PAY01082,ORD01459,Cash on Delivery,85496.84,2024-03-19 13:00:00
PAY01083,ORD01460,Card,358922.60,2024-06-01 10:00:00
PAY01084,ORD01462,Mobile Money,842568.75,2024-03-28 00:00:00
PAY01085,ORD01463,Bank Transfer,169891.58,2024-06-19 08:00:00
PAY01086,ORD01464,Card,337069.86,2024-08-10 00:00:00
PAY01087,ORD01465,Card,155573.74,2024-08-30 05:00:00
PAY01088,ORD01467,Cash on Delivery,555466.70,2024-10-16 06:00:00
PAY01089,ORD01468,Mobile Money,97722.81,2024-12-17 13:00:00
PAY01090,ORD01469,Cash on Delivery,31709.48,2024-08-12 02:00:00
PAY01091,ORD01471,Card,173260.79,2024-11-13 21:00:00
PAY01092,ORD01472,Mobile Money,110269.71,2024-12-27 18:00:00
PAY01093,ORD01473,Mobile Money,42328.70,2024-02-14 13:00:00
PAY01094,ORD01474,Card,772605.69,2023-04-04 07:00:00
PAY01095,ORD01475,Cash on Delivery,296286.45,2023-08-01 21:00:00
PAY01096,ORD01476,Bank Transfer,49605.18,2024-10-30 02:00:00
PAY01097,ORD01477,Mobile Money,292254.69,2024-11-25 14:00:00
PAY01098,ORD01481,Cash on Delivery,51526.03,2024-12-14 13:00:00
PAY01099,ORD01482,Bank Transfer,32529.36,2024-08-21 03:00:00
PAY01100,ORD01483,Card,76292.93,2024-09-12 19:00:00
PAY01101,ORD01484,Cash on Delivery,628381.84,2024-09-20 13:00:00
PAY01102,ORD01485,Mobile Money,125806.75,2024-06-21 07:00:00
PAY01103,ORD01486,Mobile Money,294670.24,2024-08-04 08:00:00
PAY01104,ORD01487,Card,442560.44,2024-10-09 07:00:00
PAY01105,ORD01489,Mobile Money,145263.16,2024-10-15 02:00:00
PAY01106,ORD01490,Card,168765.99,2024-11-19 23:00:00
PAY01107,ORD01492,Card,114532.41,2024-11-30 14:00:00
PAY01108,ORD01493,Bank Transfer,573477.05,2024-11-18 14:00:00
PAY01109,ORD01495,Card,1042351.76,2023-10-28 00:00:00
PAY01110,ORD01498,Mobile Money,243727.04,2023-09-29 19:00:00
PAY01111,ORD01499,Card,180153.97,2024-03-09 08:00:00
PAY01112,ORD01500,Card,420883.00,2024-03-02 04:00:00
PAY01114,ORD01503,Card,651736.73,2024-02-25 15:00:00
PAY01115,ORD01504,Card,407731.20,2023-07-05 20:00:00
PAY01116,ORD01505,Mobile Money,25905.43,2023-06-21 05:00:00
PAY01117,ORD01506,Mobile Money,327218.95,2023-07-09 10:00:00
PAY01118,ORD01507,Cash on Delivery,93330.92,2024-04-24 16:00:00
PAY01119,ORD01508,Cash on Delivery,68942.67,2024-11-07 05:00:00
PAY01120,ORD01509,Card,18117.48,2024-07-16 11:00:00
PAY01121,ORD01511,Cash on Delivery,804733.40,2024-06-10 12:00:00
PAY01123,ORD01516,Bank Transfer,716689.83,2023-06-09 04:00:00
PAY01124,ORD01518,Mobile Money,37123.11,2024-02-16 11:00:00
PAY01125,ORD01519,Cash on Delivery,25399.10,2024-10-09 01:00:00
PAY01126,ORD01520,Cash on Delivery,32412.37,2024-06-30 12:00:00
PAY01127,ORD01521,Cash on Delivery,61852.40,2024-09-11 13:00:00
PAY01128,ORD01522,Bank Transfer,970312.13,2024-10-19 11:00:00
PAY01129,ORD01523,Mobile Money,120043.30,2023-12-29 11:00:00
PAY01130,ORD01524,Cash on Delivery,381487.47,2024-07-16 14:00:00
PAY01131,ORD01525,Cash on Delivery,152620.50,2024-06-16 00:00:00
PAY01132,ORD01526,Mobile Money,1741171.42,2024-04-06 05:00:00
PAY01133,ORD01527,Card,1506030.00,2024-02-27 01:00:00
PAY01135,ORD01531,Card,13409.28,2023-08-13 16:00:00
PAY01136,ORD01532,Card,14771.68,2023-09-17 20:00:00
PAY01137,ORD01533,Bank Transfer,1602.14,2023-08-22 00:00:00
PAY01138,ORD01536,Mobile Money,91572.30,2024-10-01 13:00:00
PAY01139,ORD01537,Bank Transfer,323619.81,2024-11-01 22:00:00
PAY01141,ORD01539,Bank Transfer,46665.46,2024-11-06 21:00:00
PAY01142,ORD01541,Cash on Delivery,465301.97,2024-08-11 04:00:00
PAY01143,ORD01543,Mobile Money,609597.45,2024-04-26 12:00:00
PAY01144,ORD01544,Bank Transfer,321721.45,2024-09-26 07:00:00
PAY01145,ORD01545,Bank Transfer,1738086.01,2024-09-06 23:00:00
PAY01146,ORD01546,Bank Transfer,610317.96,2024-06-30 21:00:00
PAY01147,ORD01547,Card,40190.19,2024-10-13 08:00:00
PAY01148,ORD01549,Card,32496.44,2024-12-05 12:00:00
PAY01149,ORD01550,Bank Transfer,51604.24,2024-11-18 13:00:00
PAY01150,ORD01551,Bank Transfer,47284.02,2024-06-05 09:00:00
PAY01151,ORD01552,Cash on Delivery,86352.92,2023-06-18 19:00:00
PAY01152,ORD01556,Bank Transfer,263606.60,2023-10-18 21:00:00
PAY01154,ORD01559,Card,99989.07,2024-02-16 03:00:00
PAY01155,ORD01560,Card,198912.26,2024-05-18 18:00:00
PAY01156,ORD01561,Bank Transfer,204806.12,2024-12-17 23:00:00
PAY01157,ORD01562,Card,358879.83,2024-07-09 14:00:00
PAY01159,ORD01565,Cash on Delivery,1401503.52,2024-05-07 11:00:00
PAY01160,ORD01566,Card,56009.43,2024-12-01 19:00:00
PAY01161,ORD01567,Card,99076.62,2024-04-20 05:00:00
PAY01162,ORD01568,Card,339257.53,2023-07-01 15:00:00
PAY01164,ORD01570,Bank Transfer,523208.74,2023-11-19 01:00:00
PAY01165,ORD01571,Card,458781.64,2024-08-03 16:00:00
PAY01166,ORD01572,Card,25061.13,2024-12-08 23:00:00
PAY01167,ORD01573,Mobile Money,5914.40,2024-12-07 21:00:00
PAY01168,ORD01574,Card,540458.75,2024-01-29 23:00:00
PAY01169,ORD01576,Card,91114.16,2024-09-12 06:00:00
PAY01170,ORD01579,Mobile Money,739805.40,2023-07-28 14:00:00
PAY01171,ORD01580,Card,69998.19,2024-07-19 00:00:00
PAY01172,ORD01581,Bank Transfer,38342.82,2023-10-04 06:00:00
PAY01174,ORD01584,Mobile Money,4696.28,2024-06-27 14:00:00
PAY01175,ORD01586,Card,825680.81,2024-11-30 22:00:00
PAY01176,ORD01587,Bank Transfer,100339.89,2024-12-10 07:00:00
PAY01177,ORD01588,Mobile Money,1781841.04,2024-11-23 10:00:00
PAY01178,ORD01590,Bank Transfer,454316.32,2024-05-15 06:00:00
PAY01179,ORD01592,Bank Transfer,484414.91,2023-10-07 17:00:00
PAY01180,ORD01594,Bank Transfer,33479.34,2024-03-02 17:00:00
PAY01181,ORD01595,Cash on Delivery,32496.44,2024-11-22 16:00:00
PAY01182,ORD01596,Mobile Money,52346.95,2023-12-17 18:00:00
PAY01184,ORD01598,Card,2277.57,2024-06-22 23:00:00
PAY01185,ORD01599,Mobile Money,57552.08,2023-10-19 00:00:00
PAY01187,ORD01601,Bank Transfer,106784.91,2023-10-20 16:00:00
PAY01188,ORD01602,Bank Transfer,978096.05,2023-04-30 07:00:00
PAY01189,ORD01604,Cash on Delivery,28812.35,2024-12-09 14:00:00
PAY01190,ORD01605,Mobile Money,31477.40,2024-12-08 14:00:00
PAY01191,ORD01607,Card,96615.35,2024-06-06 18:00:00
PAY01192,ORD01609,Card,199233.48,2024-02-27 09:00:00
PAY01193,ORD01611,Mobile Money,789996.34,2024-05-21 23:00:00
PAY01194,ORD01612,Mobile Money,22960.29,2024-12-27 13:00:00
PAY01195,ORD01613,Bank Transfer,206048.30,2024-09-12 21:00:00
PAY01196,ORD01614,Bank Transfer,1272167.51,2024-10-01 23:00:00
PAY01198,ORD01617,Cash on Delivery,40465.27,2024-12-04 16:00:00
PAY01199,ORD01619,Cash on Delivery,638415.97,2024-06-10 03:00:00
PAY01200,ORD01620,Card,865087.23,2024-04-10 06:00:00
PAY01201,ORD01622,Cash on Delivery,45708.85,2024-07-30 16:00:00
PAY01202,ORD01623,Card,7172.97,2023-06-07 08:00:00
PAY01203,ORD01624,Cash on Delivery,215711.20,2024-04-15 16:00:00
PAY01204,ORD01625,Bank Transfer,310749.90,2024-06-22 15:00:00
PAY01205,ORD01626,Card,325806.45,2024-05-16 10:00:00
PAY01206,ORD01627,Cash on Delivery,767003.95,2024-09-28 09:00:00
PAY01208,ORD01630,Cash on Delivery,380329.47,2024-08-31 12:00:00
PAY01209,ORD01632,Card,64122.63,2024-07-12 07:00:00
PAY01210,ORD01634,Bank Transfer,77315.50,2024-05-10 00:00:00
PAY01211,ORD01635,Card,544947.62,2024-10-22 21:00:00
PAY01212,ORD01636,Bank Transfer,84100.44,2024-02-10 18:00:00
PAY01213,ORD01637,Card,116488.73,2023-12-30 23:00:00
PAY01215,ORD01640,Bank Transfer,40877.16,2024-08-19 22:00:00
PAY01216,ORD01641,Cash on Delivery,102403.06,2024-07-15 23:00:00
PAY01217,ORD01642,Cash on Delivery,168353.89,2023-12-17 00:00:00
PAY01218,ORD01643,Bank Transfer,159679.04,2024-02-25 15:00:00
PAY01219,ORD01645,Mobile Money,11386.20,2024-07-27 17:00:00
PAY01220,ORD01646,Mobile Money,100013.23,2024-09-22 04:00:00
PAY01221,ORD01647,Card,629898.03,2024-05-11 00:00:00
PAY01222,ORD01648,Mobile Money,141953.36,2024-05-25 15:00:00
PAY01223,ORD01650,Cash on Delivery,1462057.55,2024-10-18 00:00:00
PAY01224,ORD01651,Mobile Money,805628.22,2024-04-13 10:00:00
PAY01225,ORD01653,Mobile Money,311454.20,2024-09-03 17:00:00
PAY01226,ORD01654,Card,160108.43,2024-06-10 06:00:00
PAY01227,ORD01655,Cash on Delivery,809604.90,2024-06-13 00:00:00
PAY01229,ORD01658,Bank Transfer,471756.64,2024-02-03 00:00:00
PAY01230,ORD01659,Mobile Money,1349163.71,2024-02-01 22:00:00
PAY01231,ORD01660,Card,187646.29,2024-12-02 03:00:00
PAY01232,ORD01662,Bank Transfer,141135.80,2023-06-02 03:00:00
PAY01233,ORD01663,Cash on Delivery,87482.09,2024-09-20 19:00:00
PAY01234,ORD01664,Bank Transfer,1158907.10,2024-05-20 12:00:00
PAY01235,ORD01665,Card,211679.32,2024-01-11 05:00:00
PAY01236,ORD01666,Bank Transfer,182560.65,2024-09-05 13:00:00
PAY01238,ORD01669,Card,1280228.45,2024-12-26 16:00:00
PAY01239,ORD01670,Bank Transfer,51492.75,2024-06-14 16:00:00
PAY01240,ORD01671,Mobile Money,107691.70,2023-03-15 09:00:00
PAY01241,ORD01672,Card,158321.24,2023-05-08 00:00:00
PAY01242,ORD01673,Bank Transfer,53762.13,2024-03-26 19:00:00
PAY01243,ORD01674,Card,39655.64,2024-12-29 02:00:00
PAY01244,ORD01675,Mobile Money,1281457.61,2024-10-16 10:00:00
PAY01245,ORD01676,Cash on Delivery,86284.48,2024-11-17 12:00:00
PAY01246,ORD01678,Card,6438.96,2024-05-29 22:00:00
PAY01247,ORD01680,Bank Transfer,129842.64,2024-10-05 14:00:00
PAY01248,ORD01681,Bank Transfer,48648.69,2024-12-06 21:00:00
PAY01249,ORD01682,Bank Transfer,530860.46,2024-03-21 07:00:00
PAY01250,ORD01683,Cash on Delivery,25910.95,2024-01-23 18:00:00
PAY01251,ORD01684,Bank Transfer,78806.70,2024-09-21 14:00:00
PAY01252,ORD01686,Card,437628.20,2024-01-16 01:00:00
PAY01253,ORD01687,Card,135442.10,2024-06-26 06:00:00
PAY01254,ORD01688,Card,54388.50,2023-05-12 09:00:00
PAY01255,ORD01689,Bank Transfer,584934.80,2023-08-08 13:00:00
PAY01256,ORD01690,Card,351142.20,2024-09-13 01:00:00
PAY01257,ORD01691,Bank Transfer,425267.89,2024-10-26 06:00:00
PAY01258,ORD01692,Cash on Delivery,441078.84,2024-08-27 22:00:00
PAY01259,ORD01693,Card,339524.65,2024-08-01 00:00:00
PAY01260,ORD01694,Bank Transfer,5712.84,2024-06-13 17:00:00
PAY01261,ORD01695,Card,26343.44,2024-12-30 07:00:00
PAY01262,ORD01696,Card,2847.84,2024-12-16 05:00:00
PAY01263,ORD01698,Card,23616.92,2024-09-23 11:00:00
PAY01265,ORD01702,Card,499862.83,2024-03-25 23:00:00
PAY01266,ORD01703,Card,25905.43,2024-03-27 20:00:00
PAY01268,ORD01705,Card,563880.02,2024-12-23 02:00:00
PAY01269,ORD01706,Mobile Money,68699.92,2024-11-25 13:00:00
PAY01270,ORD01707,Cash on Delivery,497712.95,2024-12-06 14:00:00
PAY01271,ORD01708,Cash on Delivery,130015.70,2024-11-25 19:00:00
PAY01272,ORD01709,Mobile Money,1220840.69,2024-11-26 12:00:00
PAY01273,ORD01710,Cash on Delivery,333752.14,2024-11-28 02:00:00
PAY01274,ORD01711,Cash on Delivery,4038.10,2024-11-23 06:00:00
PAY01275,ORD01712,Cash on Delivery,23765.62,2024-12-01 19:00:00
PAY01276,ORD01713,Cash on Delivery,5323.48,2024-12-26 04:00:00
PAY01277,ORD01714,Mobile Money,691596.36,2024-12-23 14:00:00
PAY01278,ORD01715,Mobile Money,70505.99,2024-07-26 08:00:00
PAY01279,ORD01716,Bank Transfer,82979.02,2024-11-15 11:00:00
PAY01280,ORD01717,Mobile Money,1065848.19,2024-06-21 03:00:00
PAY01281,ORD01719,Card,74245.65,2024-09-28 22:00:00
PAY01282,ORD01720,Mobile Money,194600.30,2024-04-24 06:00:00
PAY01283,ORD01721,Card,675417.62,2023-12-17 17:00:00
PAY01284,ORD01723,Card,994838.80,2024-02-14 23:00:00
PAY01285,ORD01725,Card,34157.64,2024-08-26 18:00:00
PAY01286,ORD01726,Card,16961.56,2024-06-28 02:00:00
PAY01287,ORD01728,Bank Transfer,629332.63,2024-08-31 09:00:00
PAY01288,ORD01729,Card,501907.37,2024-07-07 04:00:00
PAY01289,ORD01730,Bank Transfer,82232.97,2024-09-18 06:00:00
PAY01290,ORD01731,Bank Transfer,32574.27,2024-07-25 23:00:00
PAY01291,ORD01732,Card,324828.96,2024-07-10 04:00:00
PAY01292,ORD01733,Bank Transfer,21912.74,2024-09-07 05:00:00
PAY01293,ORD01734,Bank Transfer,64122.63,2024-09-18 01:00:00
PAY01295,ORD01737,Mobile Money,135283.44,2024-09-26 14:00:00
PAY01296,ORD01738,Cash on Delivery,269130.44,2024-09-04 17:00:00
PAY01297,ORD01740,Card,813081.63,2024-12-01 22:00:00
PAY01298,ORD01741,Card,1657410.01,2024-10-02 19:00:00
PAY01299,ORD01742,Bank Transfer,129271.75,2024-12-31 12:00:00
PAY01300,ORD01743,Cash on Delivery,1416912.17,2024-08-06 01:00:00
PAY01301,ORD01746,Card,192259.59,2024-05-21 11:00:00
PAY01302,ORD01748,Card,479117.75,2024-12-16 16:00:00
PAY01303,ORD01751,Cash on Delivery,33297.75,2024-12-22 17:00:00
PAY01304,ORD01752,Mobile Money,44306.32,2024-11-14 14:00:00
PAY01305,ORD01754,Cash on Delivery,195934.03,2024-10-31 19:00:00
PAY01306,ORD01755,Card,351805.72,2024-08-09 08:00:00
PAY01307,ORD01756,Bank Transfer,8076.20,2023-12-22 01:00:00
PAY01308,ORD01757,Card,395222.81,2023-09-01 09:00:00
PAY01309,ORD01758,Cash on Delivery,515070.46,2023-08-11 19:00:00
PAY01310,ORD01759,Card,136573.70,2024-06-30 04:00:00
PAY01311,ORD01761,Mobile Money,654050.30,2024-06-28 00:00:00
PAY01312,ORD01763,Card,1746773.40,2024-07-03 18:00:00
PAY01313,ORD01764,Bank Transfer,130130.84,2024-07-18 11:00:00
PAY01314,ORD01767,Mobile Money,476073.93,2024-06-02 03:00:00
PAY01315,ORD01771,Card,18080.28,2024-11-29 20:00:00
PAY01316,ORD01772,Bank Transfer,192990.07,2024-12-07 10:00:00
PAY01317,ORD01773,Mobile Money,1259946.96,2024-12-02 03:00:00
PAY01319,ORD01776,Cash on Delivery,41117.60,2024-10-31 05:00:00
PAY01320,ORD01777,Bank Transfer,385456.22,2024-09-05 00:00:00
PAY01321,ORD01778,Mobile Money,5762.47,2024-07-25 09:00:00
PAY01323,ORD01780,Card,390298.12,2024-02-13 17:00:00
PAY01324,ORD01781,Mobile Money,411387.98,2024-01-07 17:00:00
PAY01325,ORD01782,Mobile Money,56480.82,2024-06-12 01:00:00
PAY01326,ORD01783,Card,292210.30,2024-05-19 13:00:00
PAY01327,ORD01785,Card,30581.49,2023-09-19 11:00:00
PAY01329,ORD01788,Card,439754.74,2024-05-13 22:00:00
PAY01330,ORD01789,Cash on Delivery,257364.90,2023-10-20 20:00:00
PAY01331,ORD01790,Card,335067.63,2024-11-07 20:00:00
PAY01332,ORD01791,Cash on Delivery,116573.24,2023-11-30 04:00:00
PAY01333,ORD01792,Bank Transfer,808571.70,2023-01-18 18:00:00
PAY01334,ORD01793,Card,234738.71,2023-07-25 08:00:00
PAY01335,ORD01794,Cash on Delivery,196809.88,2024-07-16 11:00:00
PAY01336,ORD01796,Card,211177.92,2023-07-29 04:00:00
PAY01337,ORD01797,Mobile Money,263054.64,2024-07-01 15:00:00
PAY01338,ORD01798,Cash on Delivery,145973.64,2023-01-26 22:00:00
PAY01340,ORD01800,Card,782873.27,2024-01-01 19:00:00
PAY01342,ORD01803,Mobile Money,117508.45,2023-05-13 16:00:00
PAY01343,ORD01804,Cash on Delivery,68037.48,2024-05-08 21:00:00
PAY01344,ORD01805,Card,71782.70,2024-12-25 05:00:00
PAY01345,ORD01806,Card,355773.52,2024-08-30 11:00:00
PAY01346,ORD01808,Mobile Money,654671.31,2024-09-01 04:00:00
PAY01347,ORD01810,Card,1158331.97,2024-12-30 17:00:00
PAY01348,ORD01811,Bank Transfer,101960.16,2024-10-20 12:00:00
PAY01349,ORD01812,Mobile Money,378503.96,2024-11-19 03:00:00
PAY01350,ORD01813,Bank Transfer,132157.53,2024-08-25 11:00:00
PAY01351,ORD01814,Mobile Money,75670.50,2024-12-17 09:00:00
PAY01352,ORD01815,Card,247824.46,2024-09-12 22:00:00
PAY01353,ORD01816,Card,638398.91,2024-11-30 02:00:00
PAY01354,ORD01817,Mobile Money,213131.04,2024-11-21 15:00:00
PAY01355,ORD01822,Mobile Money,180084.64,2024-10-18 02:00:00
PAY01356,ORD01823,Mobile Money,528573.66,2024-12-28 08:00:00
PAY01357,ORD01824,Bank Transfer,102403.06,2024-08-15 05:00:00
PAY01358,ORD01825,Mobile Money,337665.56,2024-06-27 19:00:00
PAY01359,ORD01826,Mobile Money,35031.88,2024-09-18 10:00:00
PAY01360,ORD01827,Cash on Delivery,722299.05,2024-12-02 20:00:00
PAY01361,ORD01828,Mobile Money,61579.68,2024-07-16 04:00:00
PAY01362,ORD01829,Cash on Delivery,1019878.78,2024-08-07 07:00:00
PAY01363,ORD01830,Cash on Delivery,229390.82,2024-06-30 21:00:00
PAY01364,ORD01832,Bank Transfer,137710.20,2024-02-03 11:00:00
PAY01365,ORD01833,Cash on Delivery,63364.03,2023-12-24 18:00:00
PAY01366,ORD01834,Bank Transfer,507870.22,2024-08-17 10:00:00
PAY01367,ORD01835,Mobile Money,42025.94,2024-09-17 00:00:00
PAY01368,ORD01836,Card,58338.32,2024-08-03 04:00:00
PAY01369,ORD01837,Card,19742.68,2024-03-25 11:00:00
PAY01370,ORD01838,Card,1622826.09,2024-11-22 17:00:00
PAY01371,ORD01839,Card,557510.13,2024-10-23 04:00:00
PAY01372,ORD01841,Cash on Delivery,32521.50,2024-08-08 08:00:00
PAY01373,ORD01842,Card,695331.56,2024-11-21 02:00:00
PAY01374,ORD01843,Card,4620.81,2024-08-23 00:00:00
PAY01375,ORD01845,Bank Transfer,43905.60,2025-01-01 19:00:00
PAY01376,ORD01846,Cash on Delivery,97853.36,2024-12-06 15:00:00
PAY01377,ORD01847,Mobile Money,700840.62,2024-12-17 13:00:00
PAY01378,ORD01848,Card,94945.56,2024-12-19 06:00:00
PAY01379,ORD01849,Mobile Money,16739.67,2024-12-10 13:00:00
PAY01380,ORD01850,Mobile Money,4731.52,2024-02-28 02:00:00
PAY01381,ORD01851,Mobile Money,1707225.31,2024-09-09 19:00:00
PAY01382,ORD01853,Mobile Money,2943847.83,2024-05-02 23:00:00
PAY01383,ORD01854,Cash on Delivery,43372.48,2023-11-19 08:00:00
PAY01384,ORD01856,Card,987015.13,2024-06-25 06:00:00
PAY01385,ORD01857,Mobile Money,127630.73,2024-08-14 09:00:00
PAY01386,ORD01858,Cash on Delivery,4876.47,2024-12-07 15:00:00
PAY01387,ORD01859,Card,185673.25,2024-06-09 14:00:00
PAY01388,ORD01860,Card,104826.28,2023-09-17 19:00:00
PAY01390,ORD01862,Card,242330.60,2024-06-27 10:00:00
PAY01391,ORD01863,Bank Transfer,363996.06,2024-06-21 12:00:00
PAY01392,ORD01864,Bank Transfer,15152.82,2024-08-20 00:00:00
PAY01393,ORD01865,Cash on Delivery,630266.76,2024-06-20 17:00:00
PAY01394,ORD01866,Card,549230.53,2024-08-21 00:00:00
PAY01395,ORD01867,Cash on Delivery,6170.81,2024-05-10 07:00:00
PAY01396,ORD01868,Bank Transfer,6770.96,2024-07-12 11:00:00
PAY01397,ORD01870,Mobile Money,563919.29,2023-12-13 13:00:00
PAY01398,ORD01871,Bank Transfer,215711.20,2023-11-03 01:00:00
PAY01399,ORD01872,Mobile Money,7533.78,2024-04-06 14:00:00
PAY01400,ORD01873,Cash on Delivery,6230.11,2024-08-13 00:00:00
PAY01401,ORD01874,Cash on Delivery,24683.24,2024-10-21 14:00:00
PAY01402,ORD01875,Card,76433.95,2024-07-12 22:00:00
PAY01403,ORD01876,Cash on Delivery,24463.34,2024-06-19 07:00:00
PAY01404,ORD01879,Mobile Money,118653.08,2024-06-28 03:00:00
PAY01405,ORD01880,Mobile Money,220539.42,2024-09-16 00:00:00
PAY01406,ORD01881,Cash on Delivery,430288.80,2024-10-06 20:00:00
PAY01407,ORD01882,Cash on Delivery,402816.45,2024-11-30 02:00:00
PAY01408,ORD01885,Card,12706.74,2024-11-07 13:00:00
PAY01409,ORD01886,Bank Transfer,37320.95,2023-12-06 07:00:00
PAY01410,ORD01887,Mobile Money,21709.68,2024-02-03 13:00:00
PAY01411,ORD01888,Card,126473.94,2024-06-22 05:00:00
PAY01413,ORD01892,Card,586047.25,2023-11-18 23:00:00
PAY01414,ORD01893,Card,100933.34,2024-12-10 02:00:00
PAY01415,ORD01898,Bank Transfer,1213753.37,2024-10-30 23:00:00
PAY01416,ORD01899,Card,705677.44,2024-10-28 06:00:00
PAY01417,ORD01900,Card,19741.12,2024-09-15 16:00:00
PAY01418,ORD01901,Cash on Delivery,48037.37,2024-01-12 00:00:00
PAY01419,ORD01902,Mobile Money,471590.12,2024-02-03 18:00:00
PAY01420,ORD01903,Cash on Delivery,1835205.35,2024-10-15 21:00:00
PAY01421,ORD01904,Bank Transfer,20698.80,2024-01-14 21:00:00
PAY01422,ORD01905,Card,69170.07,2024-02-04 09:00:00
PAY01423,ORD01906,Mobile Money,63091.21,2023-11-19 18:00:00
PAY01424,ORD01907,Mobile Money,78955.84,2024-12-27 00:00:00
PAY01425,ORD01908,Mobile Money,85470.14,2024-04-15 00:00:00
PAY01426,ORD01909,Card,986407.20,2024-10-24 19:00:00
PAY01427,ORD01910,Mobile Money,243681.27,2024-11-11 12:00:00
PAY01428,ORD01912,Card,15003.67,2024-11-20 01:00:00
PAY01429,ORD01913,Mobile Money,281964.48,2023-11-12 18:00:00
PAY01430,ORD01915,Card,889298.04,2024-07-02 14:00:00
PAY01431,ORD01916,Mobile Money,2019.05,2024-06-10 08:00:00
PAY01432,ORD01917,Cash on Delivery,72306.55,2024-12-18 00:00:00
PAY01433,ORD01918,Bank Transfer,358222.29,2024-02-06 00:00:00
PAY01434,ORD01920,Bank Transfer,470699.26,2024-07-04 21:00:00
PAY01436,ORD01922,Mobile Money,13912.80,2024-08-19 00:00:00
PAY01437,ORD01924,Card,1418267.19,2024-08-04 11:00:00
PAY01438,ORD01926,Card,53953.43,2023-09-24 15:00:00
PAY01439,ORD01927,Card,60582.65,2024-05-26 16:00:00
PAY01440,ORD01928,Mobile Money,266991.21,2024-07-13 03:00:00
PAY01441,ORD01930,Card,456035.22,2024-01-17 03:00:00
PAY01442,ORD01931,Mobile Money,795566.29,2024-10-09 22:00:00
PAY01443,ORD01933,Cash on Delivery,120268.52,2024-09-04 05:00:00
PAY01444,ORD01934,Card,424884.05,2024-12-14 02:00:00
PAY01445,ORD01935,Card,4696.28,2024-04-13 01:00:00
PAY01446,ORD01936,Bank Transfer,643395.88,2023-06-17 19:00:00
PAY01447,ORD01938,Cash on Delivery,1240191.46,2024-11-01 06:00:00
PAY01448,ORD01939,Mobile Money,1401938.78,2023-10-13 07:00:00
PAY01449,ORD01941,Bank Transfer,359579.20,2024-06-17 04:00:00
PAY01450,ORD01942,Bank Transfer,398397.28,2024-05-21 10:00:00
PAY01451,ORD01943,Bank Transfer,180749.37,2024-04-25 13:00:00
PAY01452,ORD01944,Mobile Money,1428725.36,2024-12-13 20:00:00
PAY01453,ORD01945,Card,25825.32,2024-01-28 04:00:00
PAY01454,ORD01946,Cash on Delivery,492031.74,2024-10-10 12:00:00
PAY01455,ORD01947,Bank Transfer,118084.60,2024-04-23 20:00:00
PAY01456,ORD01948,Card,173901.38,2024-06-20 15:00:00
PAY01457,ORD01949,Bank Transfer,48466.70,2024-08-30 06:00:00
PAY01458,ORD01950,Card,54215.60,2024-06-29 00:00:00
PAY01459,ORD01951,Card,10688.84,2024-01-22 15:00:00
PAY01460,ORD01953,Mobile Money,122712.27,2023-12-30 02:00:00
PAY01462,ORD01955,Cash on Delivery,31579.12,2024-11-26 19:00:00
PAY01463,ORD01956,Bank Transfer,127824.90,2024-06-14 03:00:00
PAY01464,ORD01959,Card,868327.05,2024-09-30 07:00:00
PAY01465,ORD01960,Bank Transfer,1372231.16,2024-04-15 07:00:00
PAY01466,ORD01961,Bank Transfer,259751.90,2024-12-07 18:00:00
PAY01467,ORD01962,Card,24920.44,2024-10-26 08:00:00
PAY01468,ORD01964,Cash on Delivery,1073842.93,2023-11-21 14:00:00
PAY01469,ORD01965,Card,140572.66,2023-10-05 05:00:00
PAY01470,ORD01966,Card,674226.50,2024-05-19 21:00:00
PAY01471,ORD01967,Mobile Money,28370.48,2024-01-07 07:00:00
PAY01472,ORD01969,Cash on Delivery,363859.64,2023-09-08 14:00:00
PAY01473,ORD01972,Card,257220.91,2024-07-04 01:00:00
PAY01474,ORD01973,Card,433699.07,2024-03-17 15:00:00
PAY01475,ORD01975,Card,487091.15,2024-05-23 19:00:00
PAY01476,ORD01976,Bank Transfer,1016135.30,2023-05-26 09:00:00
PAY01478,ORD01978,Card,515939.67,2023-07-31 07:00:00
PAY01479,ORD01979,Card,135777.09,2024-12-30 07:00:00
PAY01480,ORD01980,Card,156645.15,2024-10-16 03:00:00
PAY01481,ORD01981,Mobile Money,35280.59,2024-12-05 13:00:00
PAY01482,ORD01982,Bank Transfer,186774.13,2024-11-02 09:00:00
PAY01483,ORD01983,Card,179754.67,2024-01-25 14:00:00
PAY01484,ORD01985,Cash on Delivery,47930.68,2024-02-21 19:00:00
PAY01485,ORD01987,Mobile Money,82713.56,2024-02-14 20:00:00
PAY01486,ORD01988,Mobile Money,18690.33,2024-06-17 15:00:00
PAY01487,ORD01990,Cash on Delivery,1375465.84,2023-12-10 18:00:00
PAY01488,ORD01992,Card,18117.48,2024-09-24 17:00:00
PAY01489,ORD01993,Cash on Delivery,17515.94,2024-06-03 08:00:00
PAY01490,ORD01995,Card,51228.88,2023-11-21 22:00:00
PAY01491,ORD01997,Mobile Money,133191.00,2024-09-08 04:00:00
PAY01492,ORD01998,Cash on Delivery,957676.93,2024-08-15 05:00:00
PAY01494,ORD02001,Cash on Delivery,1228137.40,2024-01-28 20:00:00
PAY01495,ORD02002,Bank Transfer,643395.88,2024-09-01 15:00:00
PAY01496,ORD02003,Bank Transfer,209097.61,2024-09-02 00:00:00
PAY01497,ORD02005,Card,1235650.44,2024-01-18 10:00:00
PAY01498,ORD02006,Mobile Money,164442.78,2023-09-01 01:00:00
PAY01499,ORD02007,Card,219422.34,2024-05-01 14:00:00
PAY01501,ORD02009,Mobile Money,275127.81,2024-08-10 10:00:00
PAY01502,ORD02013,Card,991771.17,2024-05-27 22:00:00
PAY01503,ORD02015,Cash on Delivery,1124082.02,2024-04-30 12:00:00
PAY01504,ORD02016,Mobile Money,28180.48,2024-09-09 13:00:00
PAY01505,ORD02017,Mobile Money,242070.75,2024-09-19 11:00:00
PAY01506,ORD02018,Card,34967.80,2024-10-17 04:00:00
PAY01507,ORD02019,Bank Transfer,1720355.06,2024-02-03 06:00:00
PAY01508,ORD02021,Card,69996.63,2024-10-31 19:00:00
PAY01509,ORD02022,Bank Transfer,557154.99,2024-10-07 05:00:00
PAY01510,ORD02023,Card,2802.33,2024-08-20 06:00:00
PAY01511,ORD02024,Card,245496.97,2024-10-10 02:00:00
PAY01512,ORD02026,Card,3871.20,2023-03-15 00:00:00
PAY01513,ORD02028,Card,46035.40,2024-08-28 01:00:00
PAY01514,ORD02029,Mobile Money,3548.64,2024-11-24 00:00:00
PAY01515,ORD02030,Cash on Delivery,271616.18,2024-12-11 10:00:00
PAY01516,ORD02031,Cash on Delivery,2017488.79,2024-08-20 12:00:00
PAY01517,ORD02034,Mobile Money,58333.34,2024-07-17 08:00:00
PAY01518,ORD02035,Mobile Money,548636.31,2024-10-10 09:00:00
PAY01519,ORD02036,Cash on Delivery,45302.42,2024-11-16 16:00:00
PAY01520,ORD02038,Card,369351.72,2024-10-21 17:00:00
PAY01521,ORD02039,Card,191629.85,2024-08-26 20:00:00
PAY01522,ORD02040,Card,367940.95,2024-08-31 15:00:00
PAY01523,ORD02041,Bank Transfer,867436.59,2024-11-04 17:00:00
PAY01524,ORD02043,Cash on Delivery,212476.89,2024-02-02 06:00:00
PAY01525,ORD02044,Cash on Delivery,82804.12,2024-11-30 03:00:00
PAY01526,ORD02045,Mobile Money,281964.48,2024-07-28 04:00:00
PAY01527,ORD02046,Bank Transfer,1260871.90,2024-07-20 15:00:00
PAY01528,ORD02047,Cash on Delivery,1018541.18,2024-03-09 08:00:00
PAY01529,ORD02048,Cash on Delivery,150697.55,2023-10-23 01:00:00
PAY01530,ORD02050,Mobile Money,25910.95,2023-05-24 01:00:00
PAY01531,ORD02051,Bank Transfer,407731.20,2024-01-22 20:00:00
PAY01533,ORD02054,Mobile Money,870698.52,2024-01-14 14:00:00
PAY01534,ORD02055,Bank Transfer,25484.84,2024-03-27 14:00:00
PAY01535,ORD02056,Card,40877.16,2023-04-25 05:00:00
PAY01537,ORD02058,Card,1180810.69,2024-12-09 07:00:00
PAY01538,ORD02059,Mobile Money,29665.75,2024-12-13 20:00:00
PAY01539,ORD02061,Card,459768.00,2024-06-19 09:00:00
PAY01540,ORD02062,Card,1517372.93,2024-03-23 05:00:00
PAY01541,ORD02063,Cash on Delivery,139211.89,2024-12-03 04:00:00
PAY01542,ORD02064,Mobile Money,83437.72,2024-09-15 12:00:00
PAY01543,ORD02065,Cash on Delivery,33029.61,2024-12-09 15:00:00
PAY01544,ORD02066,Bank Transfer,140129.81,2024-09-12 03:00:00
PAY01546,ORD02069,Mobile Money,47233.84,2024-08-22 16:00:00
PAY01547,ORD02070,Card,51993.13,2024-08-10 00:00:00
PAY01549,ORD02072,Cash on Delivery,1057590.73,2024-12-14 12:00:00
PAY01550,ORD02073,Bank Transfer,770041.63,2024-12-02 23:00:00
PAY01552,ORD02076,Cash on Delivery,1330904.90,2024-04-15 19:00:00
PAY01553,ORD02079,Mobile Money,857314.46,2024-07-31 07:00:00
PAY01554,ORD02080,Mobile Money,736882.44,2024-12-23 16:00:00
PAY01555,ORD02081,Bank Transfer,184401.52,2023-11-26 13:00:00
PAY01556,ORD02082,Bank Transfer,195886.35,2023-11-21 23:00:00
PAY01557,ORD02083,Bank Transfer,80339.85,2024-11-23 18:00:00
PAY01558,ORD02084,Cash on Delivery,207992.10,2024-07-06 18:00:00
PAY01559,ORD02085,Card,54388.95,2024-03-11 00:00:00
PAY01560,ORD02086,Mobile Money,678632.38,2024-08-04 02:00:00
PAY01561,ORD02087,Card,60421.06,2024-09-14 16:00:00
PAY01562,ORD02088,Cash on Delivery,111904.54,2024-12-15 14:00:00
PAY01563,ORD02089,Mobile Money,86352.92,2024-04-13 15:00:00
PAY01564,ORD02090,Bank Transfer,5261.71,2024-11-30 14:00:00
PAY01565,ORD02091,Card,56642.17,2024-04-21 13:00:00
PAY01566,ORD02092,Bank Transfer,17515.94,2024-09-20 21:00:00
PAY01567,ORD02093,Mobile Money,169273.30,2024-12-31 11:00:00
PAY01568,ORD02094,Mobile Money,342064.22,2024-12-14 03:00:00
PAY01569,ORD02096,Bank Transfer,45926.31,2024-11-09 18:00:00
PAY01571,ORD02098,Mobile Money,48285.65,2024-08-26 08:00:00
PAY01572,ORD02099,Mobile Money,11209.32,2024-09-26 08:00:00
PAY01573,ORD02100,Mobile Money,174074.54,2024-09-15 21:00:00
PAY01575,ORD02105,Cash on Delivery,770562.66,2024-10-18 19:00:00
PAY01576,ORD02106,Cash on Delivery,15315.45,2024-02-08 23:00:00
PAY01577,ORD02107,Card,796626.60,2024-04-23 10:00:00
PAY01578,ORD02108,Cash on Delivery,65858.60,2024-11-11 16:00:00
PAY01579,ORD02112,Card,661180.78,2024-06-21 20:00:00
PAY01580,ORD02113,Card,62292.43,2024-05-09 22:00:00
PAY01581,ORD02115,Cash on Delivery,24288.60,2024-04-13 15:00:00
PAY01582,ORD02117,Mobile Money,274063.06,2024-08-16 03:00:00
PAY01583,ORD02118,Mobile Money,204806.12,2024-10-22 22:00:00
PAY01584,ORD02119,Mobile Money,345924.48,2024-11-10 13:00:00
PAY01585,ORD02120,Card,580632.46,2024-09-24 15:00:00
PAY01587,ORD02122,Card,47669.61,2024-12-12 14:00:00
PAY01588,ORD02123,Mobile Money,711191.81,2024-10-10 16:00:00
PAY01589,ORD02124,Bank Transfer,246601.80,2024-12-06 08:00:00
PAY01590,ORD02125,Mobile Money,32407.34,2024-11-23 16:00:00
PAY01591,ORD02126,Cash on Delivery,35044.30,2024-11-24 10:00:00
PAY01592,ORD02127,Mobile Money,575752.52,2024-12-12 13:00:00
PAY01593,ORD02128,Card,446216.60,2023-11-02 03:00:00
PAY01595,ORD02132,Bank Transfer,137481.28,2023-11-16 19:00:00
PAY01596,ORD02133,Cash on Delivery,19738.96,2024-09-21 02:00:00
PAY01597,ORD02136,Card,1633.04,2024-11-15 22:00:00
PAY01598,ORD02137,Card,14077.14,2024-12-28 11:00:00
PAY01599,ORD02138,Card,52507.89,2024-10-25 00:00:00
PAY01601,ORD02140,Mobile Money,27088.10,2024-12-14 21:00:00
PAY01602,ORD02141,Bank Transfer,85978.02,2023-09-03 00:00:00
PAY01603,ORD02142,Bank Transfer,402619.27,2023-10-10 19:00:00
PAY01604,ORD02143,Card,31766.85,2024-09-22 22:00:00
PAY01605,ORD02144,Card,616971.17,2024-01-27 20:00:00
PAY01606,ORD02145,Bank Transfer,177974.85,2024-03-01 14:00:00
PAY01607,ORD02146,Mobile Money,182969.82,2023-12-31 18:00:00
PAY01608,ORD02147,Cash on Delivery,47233.84,2023-12-10 19:00:00
PAY01609,ORD02148,Bank Transfer,13475.96,2024-09-30 08:00:00
PAY01610,ORD02149,Mobile Money,562883.38,2023-12-07 11:00:00
PAY01611,ORD02150,Bank Transfer,88185.56,2024-04-18 09:00:00
PAY01612,ORD02153,Cash on Delivery,29665.75,2024-01-15 12:00:00
PAY01613,ORD02154,Card,9800.57,2023-12-31 08:00:00
PAY01615,ORD02158,Bank Transfer,2195798.60,2024-10-12 11:00:00
PAY01616,ORD02159,Card,23616.92,2024-04-16 23:00:00
PAY01617,ORD02160,Mobile Money,6970.88,2024-12-20 19:00:00
PAY01618,ORD02162,Card,63753.88,2024-10-28 16:00:00
PAY01619,ORD02163,Cash on Delivery,14965.75,2024-10-28 04:00:00
PAY01620,ORD02166,Card,327229.73,2023-11-25 02:00:00
PAY01621,ORD02167,Card,156709.08,2023-09-25 23:00:00
PAY01622,ORD02168,Card,22657.06,2024-02-11 13:00:00
PAY01623,ORD02170,Card,1769642.81,2024-12-10 10:00:00
PAY01624,ORD02171,Card,1148191.33,2023-11-29 22:00:00
PAY01625,ORD02172,Bank Transfer,409790.96,2024-07-04 03:00:00
PAY01626,ORD02173,Mobile Money,2511.26,2024-05-11 02:00:00
PAY01627,ORD02175,Cash on Delivery,289033.42,2024-11-15 21:00:00
PAY01628,ORD02176,Mobile Money,121527.21,2024-10-25 08:00:00
PAY01629,ORD02177,Card,506005.84,2023-11-14 13:00:00
PAY01630,ORD02179,Bank Transfer,50265.21,2024-06-09 18:00:00
PAY01631,ORD02180,Cash on Delivery,2253493.62,2024-10-05 01:00:00
PAY01632,ORD02181,Bank Transfer,2195842.84,2024-12-07 16:00:00
PAY01633,ORD02182,Card,124125.36,2024-12-19 15:00:00
PAY01634,ORD02183,Cash on Delivery,370104.20,2024-11-25 16:00:00
PAY01636,ORD02185,Card,86352.92,2024-11-17 16:00:00
PAY01637,ORD02186,Card,87588.60,2024-10-26 10:00:00
PAY01638,ORD02187,Mobile Money,1030921.60,2024-11-19 00:00:00
PAY01639,ORD02189,Cash on Delivery,91572.30,2024-11-08 00:00:00
PAY01641,ORD02191,Bank Transfer,133191.00,2024-07-25 04:00:00
PAY01642,ORD02192,Mobile Money,1322728.85,2024-12-28 16:00:00
PAY01643,ORD02194,Cash on Delivery,109628.52,2024-04-23 03:00:00
PAY01644,ORD02196,Mobile Money,8968.44,2024-04-12 01:00:00
PAY01645,ORD02198,Card,49985.97,2024-02-05 06:00:00
PAY01646,ORD02201,Cash on Delivery,44052.51,2024-11-21 20:00:00
PAY01647,ORD02202,Card,582657.42,2024-09-13 04:00:00
PAY01648,ORD02203,Card,13938.18,2024-12-28 20:00:00
PAY01649,ORD02204,Card,66052.59,2024-05-09 06:00:00
PAY01650,ORD02205,Bank Transfer,13912.80,2024-07-24 00:00:00
PAY01651,ORD02206,Cash on Delivery,5971.28,2024-08-25 00:00:00
PAY01652,ORD02207,Card,20220.48,2024-03-01 16:00:00
PAY01653,ORD02208,Card,12989.38,2024-09-03 05:00:00
PAY01654,ORD02210,Bank Transfer,116663.65,2024-07-08 02:00:00
PAY01655,ORD02211,Bank Transfer,926737.83,2024-10-12 18:00:00
PAY01656,ORD02213,Mobile Money,458267.45,2024-07-16 00:00:00
PAY01657,ORD02215,Card,189651.37,2024-09-06 02:00:00
PAY01658,ORD02216,Cash on Delivery,181209.68,2024-12-21 18:00:00
PAY01659,ORD02219,Bank Transfer,332973.30,2024-10-30 15:00:00
PAY01660,ORD02220,Card,120790.15,2024-10-30 13:00:00
PAY01661,ORD02221,Bank Transfer,45054.25,2024-08-18 00:00:00
PAY01662,ORD02222,Card,515460.80,2024-08-08 17:00:00
PAY01663,ORD02223,Cash on Delivery,35007.70,2023-10-03 03:00:00
PAY01664,ORD02224,Cash on Delivery,48314.36,2023-10-11 05:00:00
PAY01665,ORD02225,Card,923433.55,2024-04-16 05:00:00
PAY01666,ORD02227,Bank Transfer,564648.56,2023-09-29 10:00:00
PAY01667,ORD02228,Cash on Delivery,442560.44,2023-02-21 07:00:00
PAY01668,ORD02229,Card,72814.92,2023-06-10 14:00:00
PAY01669,ORD02232,Mobile Money,61391.40,2024-07-15 06:00:00
PAY01670,ORD02233,Bank Transfer,1110726.95,2024-10-04 10:00:00
PAY01671,ORD02234,Mobile Money,166785.29,2023-10-12 17:00:00
PAY01672,ORD02235,Cash on Delivery,370314.78,2024-04-23 22:00:00
PAY01673,ORD02237,Card,962914.49,2024-01-29 16:00:00
PAY01674,ORD02238,Card,251980.85,2023-10-30 21:00:00
PAY01675,ORD02239,Card,1230207.90,2024-03-20 00:00:00
PAY01676,ORD02240,Mobile Money,27621.24,2024-06-14 14:00:00
PAY01677,ORD02242,Card,167564.56,2024-05-22 16:00:00
PAY01678,ORD02243,Mobile Money,780584.55,2024-04-13 16:00:00
PAY01680,ORD02245,Bank Transfer,172705.84,2024-09-23 05:00:00
PAY01681,ORD02247,Cash on Delivery,518985.79,2023-08-14 13:00:00
PAY01682,ORD02248,Mobile Money,107668.84,2023-10-24 13:00:00
PAY01684,ORD02250,Card,417590.00,2024-08-29 01:00:00
PAY01685,ORD02251,Card,1405617.22,2024-07-29 02:00:00
PAY01686,ORD02253,Card,281964.48,2024-11-20 13:00:00
PAY01687,ORD02254,Bank Transfer,84659.35,2024-11-27 01:00:00
PAY01688,ORD02255,Bank Transfer,20510.26,2024-06-17 11:00:00
PAY01690,ORD02257,Card,41020.52,2024-05-26 05:00:00
PAY01691,ORD02258,Card,135100.29,2024-11-19 22:00:00
PAY01692,ORD02259,Mobile Money,464020.29,2024-12-10 15:00:00
PAY01693,ORD02260,Card,142379.88,2024-12-31 21:00:00
PAY01694,ORD02261,Card,105159.48,2024-06-14 09:00:00
PAY01695,ORD02263,Cash on Delivery,98694.80,2024-11-28 06:00:00
PAY01696,ORD02265,Cash on Delivery,876706.12,2023-11-08 16:00:00
PAY01697,ORD02266,Cash on Delivery,9866.86,2024-03-14 22:00:00
PAY01698,ORD02267,Cash on Delivery,61685.11,2024-04-18 11:00:00
PAY01699,ORD02268,Bank Transfer,17265.90,2024-05-23 19:00:00
PAY01700,ORD02269,Cash on Delivery,54814.26,2024-11-02 03:00:00
PAY01701,ORD02270,Mobile Money,11129.13,2023-11-17 16:00:00
PAY01702,ORD02272,Bank Transfer,5399.76,2024-10-18 16:00:00
PAY01703,ORD02273,Cash on Delivery,108471.43,2024-10-31 20:00:00
PAY01704,ORD02274,Card,118094.97,2024-10-16 20:00:00
PAY01705,ORD02275,Card,89272.26,2024-10-10 23:00:00
PAY01706,ORD02276,Card,44745.78,2024-06-04 20:00:00
PAY01707,ORD02277,Cash on Delivery,202825.74,2024-03-25 20:00:00
PAY01708,ORD02278,Mobile Money,32284.63,2024-10-20 06:00:00
PAY01709,ORD02279,Cash on Delivery,422203.94,2024-08-23 04:00:00
PAY01712,ORD02283,Bank Transfer,711932.45,2024-02-06 05:00:00
PAY01713,ORD02284,Bank Transfer,8406.99,2024-12-17 14:00:00
PAY01714,ORD02285,Card,77977.95,2024-10-30 21:00:00
PAY01715,ORD02286,Card,24750.33,2024-11-24 12:00:00
PAY01717,ORD02288,Bank Transfer,646542.53,2024-11-02 01:00:00
PAY01718,ORD02290,Card,175369.76,2024-11-16 03:00:00
PAY01719,ORD02291,Bank Transfer,607290.96,2024-10-10 19:00:00
PAY01720,ORD02293,Card,180084.64,2024-09-01 15:00:00
PAY01721,ORD02294,Mobile Money,886785.03,2024-06-02 19:00:00
PAY01722,ORD02295,Mobile Money,1169138.42,2024-06-15 12:00:00
PAY01723,ORD02296,Card,1597548.44,2024-11-10 11:00:00
PAY01724,ORD02297,Card,173134.33,2024-10-02 04:00:00
PAY01725,ORD02298,Card,30854.05,2024-12-27 12:00:00
PAY01726,ORD02299,Card,158270.04,2024-09-27 06:00:00
PAY01727,ORD02300,Card,26191.00,2024-11-27 12:00:00
PAY01728,ORD02301,Card,536510.96,2024-09-22 00:00:00
PAY01729,ORD02302,Mobile Money,58000.93,2024-05-15 18:00:00
PAY01730,ORD02304,Mobile Money,9871.34,2024-04-10 23:00:00
PAY01731,ORD02305,Cash on Delivery,2395014.01,2024-07-02 19:00:00
PAY01732,ORD02307,Bank Transfer,1030921.60,2024-10-12 22:00:00
PAY01733,ORD02308,Bank Transfer,57806.00,2024-11-29 19:00:00
PAY01734,ORD02309,Mobile Money,2989.48,2024-05-01 04:00:00
PAY01735,ORD02310,Bank Transfer,11608.58,2024-03-15 06:00:00
PAY01736,ORD02311,Bank Transfer,1191248.26,2024-11-08 22:00:00
PAY01737,ORD02314,Mobile Money,325573.42,2024-10-29 09:00:00
PAY01738,ORD02315,Mobile Money,506890.19,2024-11-23 07:00:00
PAY01739,ORD02316,Cash on Delivery,229390.82,2024-12-20 21:00:00
PAY01740,ORD02317,Cash on Delivery,280938.65,2024-08-28 05:00:00
PAY01741,ORD02318,Bank Transfer,57806.00,2024-12-08 14:00:00
PAY01742,ORD02319,Card,185321.91,2024-12-27 19:00:00
PAY01743,ORD02320,Card,36567.08,2024-12-03 08:00:00
PAY01744,ORD02321,Cash on Delivery,194836.46,2024-12-29 08:00:00
PAY01745,ORD02322,Bank Transfer,1147155.41,2024-12-25 13:00:00
PAY01746,ORD02323,Bank Transfer,572061.17,2024-12-23 01:00:00
PAY01747,ORD02324,Card,179452.02,2023-10-16 00:00:00
PAY01748,ORD02326,Card,66958.68,2024-04-13 20:00:00
PAY01749,ORD02328,Card,316366.34,2024-05-30 18:00:00
PAY01750,ORD02329,Bank Transfer,538786.92,2023-04-17 01:00:00
PAY01751,ORD02330,Mobile Money,86986.03,2024-10-14 03:00:00
PAY01752,ORD02331,Cash on Delivery,40185.68,2024-10-04 09:00:00
PAY01753,ORD02333,Bank Transfer,35221.95,2024-04-01 17:00:00
PAY01754,ORD02334,Card,297926.52,2024-08-09 15:00:00
PAY01755,ORD02336,Card,166648.45,2024-02-25 20:00:00
PAY01756,ORD02338,Card,64122.63,2024-07-27 04:00:00
PAY01757,ORD02339,Bank Transfer,147420.82,2024-11-29 15:00:00
PAY01758,ORD02340,Cash on Delivery,105588.96,2024-04-29 20:00:00
PAY01759,ORD02341,Mobile Money,1196417.96,2024-10-03 05:00:00
PAY01760,ORD02342,Cash on Delivery,245349.52,2024-12-02 10:00:00
PAY01761,ORD02343,Card,13642.52,2024-04-20 01:00:00
PAY01762,ORD02345,Card,363459.87,2024-09-11 19:00:00
PAY01763,ORD02346,Mobile Money,1086701.68,2024-10-22 08:00:00
PAY01764,ORD02347,Card,29691.10,2024-12-23 19:00:00
PAY01766,ORD02349,Cash on Delivery,117531.81,2024-09-20 21:00:00
PAY01767,ORD02350,Mobile Money,176210.04,2024-04-28 11:00:00
PAY01768,ORD02351,Cash on Delivery,187599.69,2024-04-17 19:00:00
PAY01769,ORD02352,Card,166393.68,2023-04-11 09:00:00
PAY01770,ORD02355,Card,14461.31,2024-03-04 13:00:00
PAY01771,ORD02356,Bank Transfer,109628.52,2023-08-14 11:00:00
PAY01772,ORD02357,Cash on Delivery,67745.32,2024-05-07 18:00:00
PAY01773,ORD02358,Mobile Money,52910.92,2023-12-06 05:00:00
PAY01775,ORD02361,Mobile Money,96291.59,2024-01-05 15:00:00
PAY01776,ORD02362,Bank Transfer,38151.06,2024-11-14 16:00:00
PAY01777,ORD02363,Bank Transfer,395756.90,2023-10-17 03:00:00
PAY01778,ORD02364,Card,1461335.07,2023-12-12 08:00:00
PAY01779,ORD02365,Bank Transfer,602615.41,2023-09-22 01:00:00
PAY01780,ORD02366,Card,567895.40,2024-10-25 00:00:00
PAY01781,ORD02367,Mobile Money,373173.62,2023-03-11 04:00:00
PAY01782,ORD02370,Cash on Delivery,126037.11,2023-05-31 06:00:00
PAY01783,ORD02371,Mobile Money,23357.67,2023-07-05 09:00:00
PAY01784,ORD02372,Card,80530.64,2023-11-09 16:00:00
PAY01785,ORD02374,Cash on Delivery,962.48,2024-06-25 16:00:00
PAY01786,ORD02376,Cash on Delivery,55939.01,2024-08-30 01:00:00
PAY01787,ORD02378,Bank Transfer,11275.57,2024-09-15 16:00:00
PAY01788,ORD02379,Mobile Money,159247.16,2024-09-26 02:00:00
PAY01789,ORD02380,Card,631738.02,2024-12-01 10:00:00
PAY01790,ORD02381,Card,8224.90,2024-10-05 14:00:00
PAY01791,ORD02382,Card,111972.04,2024-10-05 11:00:00
PAY01792,ORD02383,Cash on Delivery,1116444.00,2024-12-03 10:00:00
PAY01793,ORD02384,Cash on Delivery,10094.25,2024-11-27 14:00:00
PAY01794,ORD02385,Cash on Delivery,1019787.06,2024-11-25 08:00:00
PAY01796,ORD02388,Mobile Money,718474.40,2024-09-21 10:00:00
PAY01797,ORD02389,Card,468599.00,2024-09-07 00:00:00
PAY01798,ORD02390,Bank Transfer,15172.98,2024-09-01 15:00:00
PAY01799,ORD02391,Card,138284.58,2024-10-28 20:00:00
PAY01800,ORD02393,Cash on Delivery,322328.61,2024-11-23 06:00:00
PAY01801,ORD02394,Cash on Delivery,86940.02,2024-11-25 17:00:00
PAY01802,ORD02395,Mobile Money,2457784.65,2024-07-29 02:00:00
PAY01804,ORD02398,Mobile Money,1162569.20,2024-12-31 18:00:00
PAY01805,ORD02399,Cash on Delivery,70846.58,2024-11-04 10:00:00
PAY01806,ORD02400,Card,322428.84,2024-12-31 17:00:00
PAY01807,ORD02401,Bank Transfer,965244.47,2024-12-15 09:00:00
PAY01809,ORD02403,Cash on Delivery,287162.35,2023-12-21 05:00:00
PAY01810,ORD02405,Cash on Delivery,73459.05,2024-09-28 04:00:00
PAY01811,ORD02406,Mobile Money,465732.88,2024-05-13 20:00:00
PAY01812,ORD02408,Card,140423.37,2024-12-24 21:00:00
PAY01813,ORD02409,Bank Transfer,106282.78,2024-09-17 00:00:00
PAY01814,ORD02413,Cash on Delivery,124795.26,2024-11-16 04:00:00
PAY01816,ORD02415,Card,359945.69,2024-08-19 18:00:00
PAY01817,ORD02418,Mobile Money,4792.40,2024-09-16 00:00:00
PAY01818,ORD02419,Mobile Money,16693.05,2024-01-20 10:00:00
PAY01819,ORD02420,Cash on Delivery,602012.32,2024-11-03 01:00:00
PAY01820,ORD02422,Cash on Delivery,20728.76,2024-12-24 15:00:00
PAY01821,ORD02423,Card,2690559.32,2024-07-27 23:00:00
PAY01822,ORD02424,Cash on Delivery,80490.90,2024-09-21 12:00:00
PAY01823,ORD02425,Card,27425.31,2024-08-16 20:00:00
PAY01824,ORD02426,Card,643395.88,2024-08-20 20:00:00
PAY01826,ORD02429,Card,86080.60,2024-10-14 11:00:00
PAY01827,ORD02430,Card,59216.26,2024-06-25 11:00:00
PAY01828,ORD02431,Cash on Delivery,164442.78,2023-09-29 00:00:00
PAY01829,ORD02433,Card,124099.07,2024-06-23 10:00:00
PAY01830,ORD02434,Bank Transfer,513753.00,2024-08-18 09:00:00
PAY01831,ORD02437,Card,54574.89,2023-12-30 00:00:00
PAY01832,ORD02439,Cash on Delivery,15152.82,2023-04-16 21:00:00
PAY01833,ORD02440,Card,441311.10,2024-12-25 09:00:00
PAY01834,ORD02441,Card,567444.59,2024-11-05 09:00:00
PAY01835,ORD02443,Mobile Money,2887.44,2024-12-28 22:00:00
PAY01836,ORD02444,Mobile Money,51056.48,2024-11-05 03:00:00
PAY01837,ORD02445,Bank Transfer,2365.76,2024-11-09 00:00:00
PAY01838,ORD02446,Cash on Delivery,24556.56,2024-10-26 10:00:00
PAY01839,ORD02447,Mobile Money,180785.23,2024-12-28 12:00:00
PAY01840,ORD02449,Bank Transfer,14402.86,2024-12-22 13:00:00
PAY01841,ORD02450,Mobile Money,678774.80,2024-12-04 00:00:00
PAY01842,ORD02451,Card,166842.38,2024-11-12 07:00:00
PAY01843,ORD02453,Cash on Delivery,492503.63,2024-11-20 20:00:00
PAY01844,ORD02454,Mobile Money,16768.75,2024-09-03 11:00:00
PAY01845,ORD02456,Cash on Delivery,1611658.56,2024-09-21 19:00:00
PAY01846,ORD02458,Card,793406.76,2023-12-10 08:00:00
PAY01847,ORD02460,Card,157895.28,2024-07-08 20:00:00
PAY01848,ORD02461,Bank Transfer,23275.64,2024-11-25 09:00:00
PAY01849,ORD02462,Cash on Delivery,177033.40,2024-07-23 21:00:00
PAY01850,ORD02463,Bank Transfer,267405.41,2024-10-21 19:00:00
PAY01851,ORD02464,Mobile Money,42851.74,2024-07-21 00:00:00
PAY01852,ORD02465,Mobile Money,1456956.16,2024-08-01 16:00:00
PAY01853,ORD02466,Card,76579.25,2024-10-18 17:00:00
PAY01854,ORD02469,Card,128378.51,2024-12-23 14:00:00
PAY01855,ORD02470,Mobile Money,3538.98,2024-09-13 23:00:00
PAY01856,ORD02471,Card,32317.65,2024-09-18 23:00:00
PAY01857,ORD02472,Card,323877.39,2024-11-04 05:00:00
PAY01858,ORD02473,Card,253301.20,2024-12-02 08:00:00
PAY01859,ORD02475,Card,11018.01,2024-12-05 17:00:00
PAY01860,ORD02476,Card,513753.00,2023-11-16 14:00:00
PAY01861,ORD02477,Card,50986.52,2024-12-25 18:00:00
PAY01862,ORD02478,Card,127701.09,2024-09-28 11:00:00
PAY01863,ORD02479,Card,94456.29,2024-01-20 20:00:00
PAY01864,ORD02483,Mobile Money,81994.48,2024-02-26 05:00:00
PAY01866,ORD02485,Bank Transfer,190414.55,2024-10-04 19:00:00
PAY01867,ORD02487,Bank Transfer,201079.90,2024-11-25 19:00:00
PAY01868,ORD02488,Card,7571.15,2024-12-29 20:00:00
PAY01869,ORD02489,Card,245132.44,2023-09-28 02:00:00
PAY01870,ORD02492,Mobile Money,611372.36,2024-10-23 08:00:00
PAY01871,ORD02493,Mobile Money,34344.46,2024-11-13 06:00:00
PAY01872,ORD02494,Bank Transfer,286186.93,2024-07-03 10:00:00
PAY01873,ORD02495,Cash on Delivery,21115.71,2024-08-21 15:00:00
PAY01874,ORD02499,Card,1398698.82,2024-04-18 10:00:00
PAY01875,ORD02502,Card,27810.90,2024-08-10 09:00:00
PAY01876,ORD02504,Mobile Money,965078.43,2024-12-14 17:00:00
PAY01877,ORD02507,Cash on Delivery,82134.60,2024-12-29 02:00:00
PAY01878,ORD02508,Cash on Delivery,44547.39,2024-04-06 11:00:00
PAY01879,ORD02509,Mobile Money,148168.66,2023-09-25 01:00:00
PAY01880,ORD02510,Card,337634.60,2024-07-19 01:00:00
PAY01881,ORD02512,Card,55613.62,2024-08-12 11:00:00
PAY01882,ORD02514,Bank Transfer,257919.31,2024-12-01 11:00:00
PAY01883,ORD02515,Cash on Delivery,33482.97,2024-08-19 05:00:00
PAY01884,ORD02518,Cash on Delivery,46511.08,2024-06-29 07:00:00
PAY01885,ORD02520,Card,14461.31,2023-07-18 00:00:00
PAY01886,ORD02522,Bank Transfer,38612.32,2024-04-06 04:00:00
PAY01887,ORD02524,Cash on Delivery,20703.44,2024-03-07 15:00:00
PAY01888,ORD02525,Cash on Delivery,11779.00,2023-10-05 20:00:00
PAY01889,ORD02526,Bank Transfer,7571.15,2024-04-15 02:00:00
PAY01890,ORD02527,Mobile Money,110269.71,2023-11-30 11:00:00
PAY01892,ORD02529,Cash on Delivery,165613.95,2023-07-06 20:00:00
PAY01893,ORD02532,Cash on Delivery,201713.20,2023-08-13 13:00:00
PAY01894,ORD02536,Cash on Delivery,40996.15,2023-12-18 21:00:00
PAY01895,ORD02539,Mobile Money,75063.14,2023-09-03 19:00:00
PAY01897,ORD02542,Bank Transfer,252370.13,2024-02-09 22:00:00
PAY01898,ORD02544,Mobile Money,133677.94,2024-06-19 01:00:00
PAY01899,ORD02545,Card,140361.00,2024-06-22 08:00:00
PAY01900,ORD02546,Card,38469.79,2024-08-13 03:00:00
PAY01901,ORD02547,Bank Transfer,563928.96,2024-09-26 06:00:00
PAY01902,ORD02548,Bank Transfer,112214.93,2024-06-12 18:00:00
PAY01903,ORD02549,Card,1810580.04,2024-10-06 05:00:00
PAY01904,ORD02550,Bank Transfer,199058.95,2024-09-05 03:00:00
PAY01905,ORD02551,Card,1053964.00,2024-04-02 21:00:00
PAY01906,ORD02552,Mobile Money,18283.54,2024-08-06 14:00:00
PAY01907,ORD02554,Mobile Money,38310.15,2024-04-15 19:00:00
PAY01908,ORD02555,Mobile Money,9270.30,2024-04-18 02:00:00
PAY01909,ORD02556,Mobile Money,251501.84,2024-06-30 19:00:00
PAY01911,ORD02558,Card,351651.77,2024-04-15 08:00:00
PAY01913,ORD02560,Mobile Money,337113.25,2024-11-24 12:00:00
PAY01914,ORD02561,Card,160055.92,2024-01-08 15:00:00
PAY01915,ORD02562,Bank Transfer,207023.97,2023-12-23 03:00:00
PAY01916,ORD02564,Bank Transfer,276649.37,2024-06-29 00:00:00
PAY01917,ORD02567,Card,198153.24,2024-07-17 06:00:00
PAY01918,ORD02568,Bank Transfer,71484.11,2024-06-03 23:00:00
PAY01919,ORD02569,Card,125318.47,2024-11-29 21:00:00
PAY01920,ORD02571,Mobile Money,131993.61,2024-10-24 00:00:00
PAY01921,ORD02572,Card,17641.20,2024-12-06 22:00:00
PAY01922,ORD02573,Mobile Money,353048.88,2024-11-22 17:00:00
PAY01923,ORD02575,Card,108888.85,2025-01-01 09:00:00
PAY01924,ORD02576,Card,252324.34,2024-01-29 08:00:00
PAY01925,ORD02578,Cash on Delivery,341616.01,2024-10-24 03:00:00
PAY01926,ORD02579,Cash on Delivery,577031.11,2024-07-18 16:00:00
PAY01927,ORD02580,Cash on Delivery,712905.14,2023-07-05 15:00:00
PAY01928,ORD02581,Card,32929.20,2023-12-03 08:00:00
PAY01929,ORD02583,Mobile Money,2087573.62,2024-09-25 16:00:00
PAY01930,ORD02584,Card,87684.88,2024-07-19 18:00:00
PAY01931,ORD02586,Cash on Delivery,342501.25,2024-10-07 07:00:00
PAY01932,ORD02587,Cash on Delivery,219122.04,2024-11-27 02:00:00
PAY01933,ORD02588,Mobile Money,127701.09,2024-11-10 13:00:00
PAY01934,ORD02589,Card,198852.85,2024-11-15 03:00:00
PAY01935,ORD02590,Card,70928.68,2024-07-28 06:00:00
PAY01936,ORD02592,Card,130707.25,2024-05-06 13:00:00
PAY01937,ORD02593,Cash on Delivery,101814.33,2024-10-16 10:00:00
PAY01938,ORD02595,Bank Transfer,804244.85,2024-08-01 23:00:00
PAY01939,ORD02596,Card,403051.28,2024-05-31 12:00:00
PAY01940,ORD02597,Card,39288.15,2024-09-24 09:00:00
PAY01941,ORD02599,Mobile Money,25947.77,2024-11-15 15:00:00
PAY01942,ORD02602,Mobile Money,700393.60,2023-11-25 18:00:00
PAY01943,ORD02604,Mobile Money,81167.53,2024-07-17 05:00:00
PAY01944,ORD02605,Bank Transfer,108875.43,2024-12-24 22:00:00
PAY01945,ORD02606,Card,180084.64,2024-10-11 06:00:00
PAY01946,ORD02607,Card,33826.71,2024-10-23 20:00:00
PAY01947,ORD02608,Card,223132.14,2024-11-10 12:00:00
PAY01948,ORD02609,Bank Transfer,71981.01,2024-08-21 10:00:00
PAY01949,ORD02611,Cash on Delivery,378000.32,2024-07-27 13:00:00
PAY01950,ORD02612,Mobile Money,134609.96,2024-07-26 04:00:00
PAY01951,ORD02614,Card,321009.41,2024-10-13 19:00:00
PAY01952,ORD02615,Mobile Money,217385.44,2024-11-06 06:00:00
PAY01953,ORD02620,Mobile Money,651771.68,2024-12-26 16:00:00
PAY01954,ORD02622,Card,87218.15,2024-12-19 20:00:00
PAY01955,ORD02623,Card,687279.15,2024-11-15 13:00:00
PAY01956,ORD02624,Card,1198474.16,2024-06-22 01:00:00
PAY01957,ORD02625,Cash on Delivery,34507.56,2024-06-08 09:00:00
PAY01958,ORD02628,Mobile Money,26230.02,2024-12-27 00:00:00
PAY01959,ORD02629,Mobile Money,1636649.83,2024-12-07 09:00:00
PAY01960,ORD02630,Card,15371.06,2024-12-16 12:00:00
PAY01961,ORD02631,Mobile Money,290642.30,2024-12-19 16:00:00
PAY01962,ORD02632,Mobile Money,70682.86,2024-12-23 20:00:00
PAY01963,ORD02633,Mobile Money,716591.83,2024-08-31 02:00:00
PAY01964,ORD02634,Cash on Delivery,160965.44,2024-12-28 20:00:00
PAY01966,ORD02636,Cash on Delivery,468450.06,2024-11-28 07:00:00
PAY01967,ORD02637,Cash on Delivery,871926.90,2024-01-13 16:00:00
PAY01968,ORD02638,Card,586313.81,2024-07-18 19:00:00
PAY01970,ORD02640,Bank Transfer,75662.76,2024-12-10 03:00:00
PAY01971,ORD02642,Card,1459370.17,2024-12-23 06:00:00
PAY01972,ORD02643,Card,299192.34,2024-07-16 05:00:00
PAY01973,ORD02644,Card,245007.21,2024-07-25 15:00:00
PAY01974,ORD02646,Card,246601.80,2024-05-29 09:00:00
PAY01975,ORD02647,Card,45816.72,2024-10-31 13:00:00
PAY01976,ORD02649,Cash on Delivery,227490.03,2023-08-19 23:00:00
PAY01977,ORD02650,Mobile Money,255676.46,2024-01-24 16:00:00
PAY01978,ORD02652,Mobile Money,427359.18,2024-06-17 12:00:00
PAY01979,ORD02653,Card,340737.24,2024-10-15 09:00:00
PAY01980,ORD02654,Mobile Money,38292.36,2024-10-30 18:00:00
PAY01981,ORD02656,Bank Transfer,923488.82,2024-07-05 04:00:00
PAY01983,ORD02659,Card,6057.15,2024-07-01 13:00:00
PAY01984,ORD02660,Bank Transfer,430074.55,2024-08-15 18:00:00
PAY01985,ORD02662,Card,288258.95,2024-10-15 02:00:00
PAY01986,ORD02663,Card,7958.84,2024-04-10 03:00:00
PAY01987,ORD02664,Cash on Delivery,86513.92,2024-01-21 16:00:00
PAY01990,ORD02668,Mobile Money,1118094.17,2024-03-17 07:00:00
PAY01991,ORD02669,Mobile Money,8076.20,2023-02-24 17:00:00
PAY01993,ORD02673,Mobile Money,56478.55,2024-11-14 23:00:00
PAY01994,ORD02674,Bank Transfer,486073.96,2024-08-22 15:00:00
PAY01996,ORD02678,Mobile Money,10193.83,2024-07-08 13:00:00
PAY01998,ORD02682,Cash on Delivery,100741.91,2024-07-17 09:00:00
PAY01999,ORD02684,Mobile Money,16449.80,2024-08-31 05:00:00
PAY02000,ORD02685,Mobile Money,294318.98,2024-06-26 22:00:00
PAY02001,ORD02686,Card,95598.42,2024-06-08 06:00:00
PAY02002,ORD02689,Mobile Money,14928.20,2024-02-27 18:00:00
PAY02004,ORD02691,Mobile Money,46511.08,2024-05-18 18:00:00
PAY02005,ORD02694,Card,237309.76,2024-07-09 00:00:00
PAY02006,ORD02697,Bank Transfer,45877.96,2024-05-19 09:00:00
PAY02007,ORD02698,Bank Transfer,173094.92,2024-05-06 21:00:00
PAY02008,ORD02700,Card,68496.96,2023-11-21 10:00:00
PAY02009,ORD02701,Bank Transfer,313387.28,2024-01-27 22:00:00
PAY02010,ORD02702,Bank Transfer,18690.33,2023-10-06 15:00:00
PAY02011,ORD02703,Card,38061.27,2024-06-27 04:00:00
PAY02013,ORD02709,Card,44272.74,2024-04-15 17:00:00
PAY02014,ORD02710,Mobile Money,74227.75,2023-07-20 06:00:00
PAY02015,ORD02711,Mobile Money,19732.78,2024-05-22 12:00:00
PAY02016,ORD02712,Card,140246.84,2024-04-22 02:00:00
PAY02017,ORD02714,Card,24463.34,2024-11-08 18:00:00
PAY02018,ORD02715,Card,219581.43,2024-04-19 22:00:00
PAY02020,ORD02717,Card,527912.66,2023-08-11 09:00:00
PAY02022,ORD02719,Card,8757.97,2024-12-20 09:00:00
PAY02023,ORD02721,Mobile Money,222485.82,2024-04-13 02:00:00
PAY02024,ORD02723,Cash on Delivery,48431.34,2024-10-23 23:00:00
PAY02025,ORD02724,Bank Transfer,818092.87,2024-03-19 12:00:00
PAY02027,ORD02726,Bank Transfer,110331.26,2024-12-04 01:00:00
PAY02028,ORD02728,Cash on Delivery,217385.44,2024-11-23 19:00:00
PAY02029,ORD02729,Card,44730.34,2024-05-20 05:00:00
PAY02030,ORD02730,Card,6965.45,2024-02-03 06:00:00
PAY02031,ORD02737,Card,403980.41,2024-05-19 21:00:00
PAY02032,ORD02738,Bank Transfer,280143.99,2023-08-19 22:00:00
PAY02033,ORD02739,Card,161331.95,2024-11-12 00:00:00
PAY02035,ORD02741,Card,235978.86,2024-08-14 01:00:00
PAY02036,ORD02743,Card,21790.46,2024-04-16 23:00:00
PAY02037,ORD02744,Cash on Delivery,1006071.55,2024-09-06 12:00:00
PAY02038,ORD02745,Cash on Delivery,124245.93,2023-11-09 16:00:00
PAY02039,ORD02746,Cash on Delivery,494280.20,2024-04-03 15:00:00
PAY02040,ORD02747,Mobile Money,1097468.41,2024-07-06 02:00:00
PAY02041,ORD02748,Bank Transfer,397767.20,2024-07-02 06:00:00
PAY02042,ORD02749,Cash on Delivery,4809.30,2024-12-25 15:00:00
PAY02043,ORD02751,Cash on Delivery,22153.16,2023-12-13 13:00:00
PAY02044,ORD02754,Mobile Money,168684.73,2024-01-12 05:00:00
PAY02045,ORD02755,Bank Transfer,16538.43,2024-09-08 09:00:00
PAY02046,ORD02756,Bank Transfer,1330904.90,2024-10-01 09:00:00
PAY02047,ORD02757,Cash on Delivery,232342.08,2023-12-12 09:00:00
PAY02048,ORD02758,Mobile Money,851701.63,2024-03-23 19:00:00
PAY02049,ORD02762,Bank Transfer,671864.12,2024-10-17 07:00:00
PAY02050,ORD02764,Mobile Money,356067.36,2024-08-02 08:00:00
PAY02051,ORD02765,Bank Transfer,87419.50,2024-06-26 19:00:00
PAY02052,ORD02766,Card,636407.49,2024-07-25 14:00:00
PAY02053,ORD02768,Card,23962.00,2024-11-15 01:00:00
PAY02054,ORD02769,Mobile Money,38177.68,2024-04-09 20:00:00
PAY02055,ORD02772,Cash on Delivery,6169.57,2024-07-01 12:00:00
PAY02056,ORD02774,Card,838846.42,2023-11-11 14:00:00
PAY02057,ORD02775,Mobile Money,1924.96,2024-04-26 10:00:00
PAY02058,ORD02776,Cash on Delivery,57745.17,2024-07-12 03:00:00
PAY02059,ORD02777,Mobile Money,170697.47,2024-09-11 12:00:00
PAY02060,ORD02778,Bank Transfer,298987.09,2024-03-29 21:00:00
PAY02061,ORD02779,Card,789376.88,2024-10-01 20:00:00
PAY02062,ORD02780,Cash on Delivery,2388424.82,2024-10-29 07:00:00
PAY02063,ORD02781,Card,801.07,2024-10-12 17:00:00
PAY02064,ORD02782,Mobile Money,3172.89,2024-10-08 17:00:00
PAY02065,ORD02783,Card,88011.45,2024-12-04 00:00:00
PAY02066,ORD02784,Bank Transfer,102447.74,2024-10-07 10:00:00
PAY02067,ORD02785,Bank Transfer,3329.98,2024-10-22 14:00:00
PAY02068,ORD02786,Card,504259.73,2024-08-27 23:00:00
PAY02070,ORD02789,Card,622086.94,2024-10-09 17:00:00
PAY02071,ORD02790,Mobile Money,97086.56,2024-12-04 01:00:00
PAY02072,ORD02791,Bank Transfer,199481.86,2024-10-11 00:00:00
PAY02073,ORD02792,Card,772795.08,2024-05-22 12:00:00
PAY02074,ORD02794,Mobile Money,31709.48,2024-08-01 21:00:00
PAY02075,ORD02795,Bank Transfer,760793.62,2024-03-01 10:00:00
PAY02076,ORD02796,Card,48182.26,2024-07-27 12:00:00
PAY02077,ORD02797,Mobile Money,27918.16,2023-11-21 18:00:00
PAY02078,ORD02798,Mobile Money,305522.26,2023-12-18 10:00:00
PAY02079,ORD02799,Mobile Money,273170.78,2023-11-17 05:00:00
PAY02080,ORD02800,Mobile Money,329436.98,2024-10-17 11:00:00
PAY02081,ORD02801,Cash on Delivery,545026.24,2024-12-29 08:00:00
PAY02082,ORD02802,Card,99076.62,2024-01-14 10:00:00
PAY02083,ORD02803,Card,43039.35,2024-10-03 10:00:00
PAY02084,ORD02804,Bank Transfer,644680.18,2023-08-10 12:00:00
PAY02085,ORD02805,Mobile Money,656895.94,2024-12-13 12:00:00
PAY02086,ORD02806,Bank Transfer,46265.11,2024-07-08 11:00:00
PAY02087,ORD02807,Card,4038.10,2024-01-22 14:00:00
PAY02088,ORD02809,Card,181459.05,2023-09-05 07:00:00
PAY02089,ORD02810,Mobile Money,249085.34,2023-06-14 21:00:00
PAY02090,ORD02811,Bank Transfer,17976.54,2024-08-05 02:00:00
PAY02091,ORD02812,Mobile Money,5994.32,2024-11-17 17:00:00
PAY02092,ORD02815,Card,27116.85,2023-06-14 21:00:00
PAY02093,ORD02816,Card,158091.35,2023-10-30 09:00:00
PAY02094,ORD02818,Card,52486.04,2024-09-22 04:00:00
PAY02095,ORD02819,Card,22093.77,2023-08-26 17:00:00
PAY02096,ORD02820,Mobile Money,619843.72,2024-01-25 14:00:00
PAY02097,ORD02821,Mobile Money,117073.40,2024-06-25 22:00:00
PAY02099,ORD02823,Mobile Money,87588.60,2024-07-16 12:00:00
PAY02100,ORD02825,Bank Transfer,131032.85,2024-11-20 17:00:00
PAY02101,ORD02829,Bank Transfer,286376.81,2024-12-19 21:00:00
PAY02102,ORD02830,Bank Transfer,153518.44,2024-11-17 14:00:00
PAY02103,ORD02831,Card,105815.87,2024-09-29 08:00:00
PAY02104,ORD02832,Mobile Money,196582.07,2024-10-26 15:00:00
PAY02105,ORD02833,Bank Transfer,841978.87,2024-12-22 15:00:00
PAY02106,ORD02834,Card,21277.86,2024-09-23 02:00:00
PAY02107,ORD02835,Mobile Money,614201.88,2024-10-05 21:00:00
PAY02108,ORD02836,Card,493640.21,2024-02-15 22:00:00
PAY02109,ORD02837,Mobile Money,142961.41,2024-07-20 11:00:00
PAY02110,ORD02838,Bank Transfer,52486.04,2023-10-20 08:00:00
PAY02111,ORD02840,Mobile Money,44862.34,2024-05-20 19:00:00
PAY02112,ORD02841,Cash on Delivery,5399.76,2024-07-06 00:00:00
PAY02113,ORD02842,Bank Transfer,272051.99,2024-07-13 04:00:00
PAY02114,ORD02844,Mobile Money,64022.61,2023-09-09 19:00:00
PAY02115,ORD02846,Card,553178.86,2024-01-06 19:00:00
PAY02116,ORD02847,Card,199684.92,2023-07-11 16:00:00
PAY02117,ORD02849,Card,982884.07,2024-06-07 15:00:00
PAY02118,ORD02850,Card,560667.61,2023-09-09 23:00:00
PAY02119,ORD02851,Mobile Money,21755.58,2023-04-23 23:00:00
PAY02120,ORD02852,Mobile Money,83872.29,2024-12-06 00:00:00
PAY02121,ORD02853,Mobile Money,194669.49,2024-09-15 08:00:00
PAY02123,ORD02855,Cash on Delivery,248810.57,2024-11-13 08:00:00
PAY02124,ORD02856,Card,539592.87,2024-10-22 16:00:00
PAY02125,ORD02857,Card,1557795.44,2024-09-12 16:00:00
PAY02126,ORD02858,Cash on Delivery,2661200.53,2024-01-21 18:00:00
PAY02127,ORD02859,Mobile Money,52304.59,2023-11-26 23:00:00
PAY02128,ORD02860,Card,13464.64,2024-07-23 17:00:00
PAY02129,ORD02861,Cash on Delivery,508025.72,2024-08-11 03:00:00
PAY02130,ORD02865,Cash on Delivery,602198.00,2024-01-20 17:00:00
PAY02131,ORD02866,Bank Transfer,1633.04,2024-08-20 12:00:00
PAY02132,ORD02868,Bank Transfer,262877.04,2024-08-27 23:00:00
PAY02133,ORD02869,Card,35114.37,2024-12-03 06:00:00
PAY02134,ORD02870,Card,193988.83,2024-09-14 17:00:00
PAY02135,ORD02871,Card,1454233.82,2024-10-13 20:00:00
PAY02136,ORD02872,Bank Transfer,36035.42,2024-09-20 09:00:00
PAY02137,ORD02873,Card,236487.25,2024-10-12 22:00:00
PAY02138,ORD02874,Card,719457.16,2024-11-24 02:00:00
PAY02140,ORD02876,Cash on Delivery,1698546.23,2024-10-31 18:00:00
PAY02141,ORD02878,Bank Transfer,247085.24,2024-12-29 13:00:00
PAY02142,ORD02879,Card,687406.40,2023-10-23 21:00:00
PAY02143,ORD02880,Mobile Money,1332354.35,2024-04-13 02:00:00
PAY02144,ORD02881,Card,287162.35,2024-05-03 02:00:00
PAY02145,ORD02882,Mobile Money,43501.45,2024-02-10 01:00:00
PAY02146,ORD02883,Bank Transfer,7958.84,2024-01-27 23:00:00
PAY02147,ORD02884,Bank Transfer,20952.80,2024-06-19 04:00:00
PAY02148,ORD02885,Card,26206.57,2024-03-03 23:00:00
PAY02150,ORD02888,Card,113221.27,2024-03-17 04:00:00
PAY02151,ORD02889,Cash on Delivery,776806.99,2024-07-08 04:00:00
PAY02152,ORD02890,Mobile Money,240879.20,2024-01-03 18:00:00
PAY02153,ORD02891,Card,26579.20,2024-11-02 16:00:00
PAY02154,ORD02892,Card,527670.35,2024-07-16 05:00:00
PAY02155,ORD02894,Mobile Money,114123.99,2024-05-06 05:00:00
PAY02156,ORD02895,Mobile Money,201980.35,2024-10-07 22:00:00
PAY02157,ORD02896,Cash on Delivery,264292.34,2024-11-23 08:00:00
PAY02158,ORD02897,Bank Transfer,573477.05,2024-07-20 18:00:00
PAY02159,ORD02898,Cash on Delivery,126318.52,2024-12-26 01:00:00
PAY02160,ORD02899,Card,606004.23,2024-06-27 08:00:00
PAY02161,ORD02900,Mobile Money,1110784.70,2024-08-18 06:00:00
PAY02162,ORD02902,Mobile Money,264386.43,2024-11-15 01:00:00
PAY02163,ORD02903,Card,581859.80,2024-08-23 04:00:00
PAY02164,ORD02904,Mobile Money,11209.32,2024-12-08 22:00:00
PAY02166,ORD02907,Mobile Money,1583210.41,2024-11-03 18:00:00
PAY02168,ORD02909,Mobile Money,88105.02,2024-03-11 01:00:00
PAY02169,ORD02911,Card,64966.29,2024-10-27 03:00:00
PAY02170,ORD02912,Cash on Delivery,649434.60,2024-03-22 04:00:00
PAY02171,ORD02913,Cash on Delivery,32521.50,2024-12-04 17:00:00
PAY02172,ORD02915,Card,1458423.30,2024-09-03 01:00:00
PAY02173,ORD02916,Card,487075.95,2024-03-14 00:00:00
PAY02174,ORD02918,Card,47755.52,2024-12-08 09:00:00
PAY02175,ORD02919,Card,758332.90,2024-08-26 02:00:00
PAY02177,ORD02921,Bank Transfer,145167.24,2024-07-29 17:00:00
PAY02178,ORD02922,Cash on Delivery,38929.45,2024-12-21 09:00:00
PAY02179,ORD02923,Bank Transfer,952072.75,2024-08-26 21:00:00
PAY02180,ORD02924,Mobile Money,8757.97,2024-11-07 07:00:00
PAY02181,ORD02925,Cash on Delivery,290501.34,2024-08-28 05:00:00
PAY02182,ORD02927,Mobile Money,41185.06,2024-10-13 04:00:00
PAY02183,ORD02928,Card,44137.50,2024-10-30 00:00:00
PAY02184,ORD02929,Bank Transfer,26461.80,2024-02-01 07:00:00
PAY02185,ORD02930,Bank Transfer,308912.61,2023-08-23 03:00:00
PAY02186,ORD02933,Mobile Money,69517.54,2024-11-14 06:00:00
PAY02187,ORD02934,Mobile Money,24683.24,2024-10-03 15:00:00
PAY02190,ORD02937,Card,45902.74,2024-09-02 20:00:00
PAY02191,ORD02938,Card,18483.24,2024-11-10 20:00:00
PAY02192,ORD02939,Card,69610.56,2024-10-17 20:00:00
PAY02193,ORD02940,Card,246866.05,2024-11-15 04:00:00
PAY02194,ORD02941,Cash on Delivery,141179.30,2024-09-30 09:00:00
PAY02195,ORD02942,Cash on Delivery,494813.66,2024-10-23 17:00:00
PAY02196,ORD02944,Card,138696.11,2024-10-20 22:00:00
PAY02198,ORD02946,Card,110681.85,2024-08-30 02:00:00
PAY02199,ORD02948,Card,569946.78,2024-11-21 13:00:00
PAY02200,ORD02949,Bank Transfer,646154.12,2024-07-06 14:00:00
PAY02201,ORD02950,Card,132529.29,2024-09-07 06:00:00
PAY02202,ORD02952,Bank Transfer,118060.60,2024-12-30 13:00:00
PAY02203,ORD02954,Mobile Money,456816.78,2024-09-16 15:00:00
PAY02204,ORD02955,Bank Transfer,29614.02,2024-12-02 13:00:00
PAY02205,ORD02956,Bank Transfer,13361.05,2024-12-06 21:00:00
PAY02206,ORD02957,Bank Transfer,554133.17,2024-12-07 01:00:00
PAY02208,ORD02959,Bank Transfer,762526.05,2024-11-25 15:00:00
PAY02209,ORD02960,Mobile Money,142340.25,2024-02-15 13:00:00
PAY02210,ORD02962,Mobile Money,1028522.50,2024-03-11 17:00:00
PAY02211,ORD02964,Card,8757.97,2024-05-30 19:00:00
PAY02213,ORD02966,Card,782053.66,2024-10-21 09:00:00
PAY02215,ORD02969,Card,150550.83,2024-08-02 02:00:00
PAY02216,ORD02970,Card,16010.80,2024-05-07 17:00:00
PAY02217,ORD02971,Card,17522.15,2024-08-19 21:00:00
PAY02218,ORD02972,Mobile Money,1446927.23,2024-09-13 01:00:00
PAY02219,ORD02974,Bank Transfer,937404.21,2024-07-12 11:00:00
PAY02220,ORD02976,Cash on Delivery,3849.92,2024-10-16 21:00:00
PAY02221,ORD02977,Mobile Money,70592.32,2024-10-31 12:00:00
PAY02222,ORD02978,Cash on Delivery,73176.91,2024-10-04 05:00:00
PAY02223,ORD02979,Card,12599.24,2024-08-15 01:00:00
PAY02224,ORD02980,Card,202145.72,2024-09-06 07:00:00
PAY02225,ORD02981,Card,140213.78,2024-05-26 00:00:00
PAY02226,ORD02983,Card,194757.85,2024-07-15 00:00:00
PAY02227,ORD02984,Card,233857.94,2024-10-17 08:00:00
PAY02228,ORD02987,Cash on Delivery,300935.13,2024-08-28 15:00:00
PAY02230,ORD02989,Bank Transfer,26929.28,2024-05-30 14:00:00
PAY02231,ORD02991,Mobile Money,249606.15,2023-11-06 22:00:00
PAY02232,ORD02992,Card,213156.97,2024-01-08 11:00:00
PAY02233,ORD02995,Card,156737.85,2024-12-08 03:00:00
PAY02234,ORD02996,Bank Transfer,756814.31,2024-04-30 00:00:00
PAY02235,ORD02997,Cash on Delivery,126350.44,2024-03-10 04:00:00
PAY02236,ORD02998,Bank Transfer,150088.30,2023-08-08 13:00:00
PAY02237,ORD02999,Card,17641.20,2024-08-04 07:00:00
PAY02238,ORD03000,Card,1071290.74,2024-02-16 01:00:00
PAY02239,ORD03001,Mobile Money,361991.39,2023-03-25 02:00:00
PAY02240,ORD03002,Cash on Delivery,20728.76,2023-06-19 07:00:00
PAY02241,ORD03003,Bank Transfer,29754.99,2024-10-22 01:00:00
PAY02242,ORD03004,Cash on Delivery,418447.53,2024-11-26 15:00:00
PAY02243,ORD03005,Mobile Money,94625.99,2024-12-29 11:00:00
PAY02244,ORD03006,Mobile Money,697032.82,2024-11-19 06:00:00
PAY02245,ORD03007,Card,854934.30,2024-11-08 00:00:00
PAY02246,ORD03008,Mobile Money,423407.40,2024-12-01 02:00:00
PAY02247,ORD03009,Bank Transfer,61427.21,2024-12-09 13:00:00
PAY02248,ORD03013,Mobile Money,56807.28,2024-12-19 22:00:00
PAY02249,ORD03014,Card,596650.80,2024-09-20 01:00:00
PAY02250,ORD00474,Card,234437.08,2024-11-18 00:00:00
PAY02251,ORD00390,Cash on Delivery,46462.10,2024-12-19 01:00:00
PAY02252,ORD00930,Cash on Delivery,310936.87,2024-04-11 02:00:00
PAY02253,ORD01486,Bank Transfer,294670.24,2024-08-04 19:00:00
PAY02254,ORD02895,Card,201980.35,2024-10-06 02:00:00
PAY02255,ORD02050,Mobile Money,25910.95,2023-05-24 23:00:00
PAY02256,ORD00010,Mobile Money,87246.65,2024-03-27 00:00:00
PAY02257,ORD01159,Cash on Delivery,382139.74,2024-11-25 23:00:00
PAY02258,ORD00791,Bank Transfer,984241.89,2024-10-15 19:00:00
PAY02259,ORD00969,Mobile Money,176857.47,2023-11-02 23:00:00
PAY02260,ORD01536,Cash on Delivery,91572.30,2024-10-01 08:00:00
PAY02261,ORD02758,Card,851701.63,2024-03-23 01:00:00
PAY02262,ORD01723,Cash on Delivery,994838.80,2024-02-13 11:00:00
PAY00001,ORD00002,Mobile Money,5416.29,2024-09-10 16:00:00
PAY00016,ORD00018,Mobile Money,,2024-04-19 16:00:00
PAY00044,ORD00059,Mobile Money,,2024-10-05 07:00:00
PAY00075,ORD00101,Card,,2024-11-27 00:00:00
PAY00081,ORD00110,Cash on Delivery,,2023-09-21 20:00:00
PAY00087,ORD00119,Cash on Delivery,30282.75,2024-02-07 20:00:00
PAY00119,ORD00163,Card,,2024-07-01 01:00:00
PAY00120,ORD00164,Card,,2024-07-14 13:00:00
PAY00125,ORD00170,Bank Transfer,,2024-08-11 16:00:00
PAY00131,ORD00179,Mobile Money,,2024-04-04 07:00:00
PAY00132,ORD00181,Mobile Money,,2024-04-30 14:00:00
PAY00177,ORD00240,Cash on Delivery,210685.32,2024-09-25 06:00:00
PAY00182,ORD00246,Mobile Money,,2024-02-09 11:00:00
PAY00183,ORD00247,Mobile Money,125704.93,2023-06-29 09:00:00
PAY00220,ORD00300,Cash on Delivery,60582.65,2024-06-21 05:00:00
PAY00238,ORD00331,Mobile Money,,2024-07-05 14:00:00
PAY00247,ORD00341,Cash on Delivery,,2024-11-15 20:00:00
PAY00261,ORD00368,Card,,2024-06-15 09:00:00
PAY00330,ORD00476,Mobile Money,,2024-05-01 17:00:00
PAY00333,ORD00479,Mobile Money,,2024-06-29 05:00:00
PAY00347,ORD00496,Bank Transfer,,2024-09-08 01:00:00
PAY00392,ORD00558,Mobile Money,,2024-04-26 14:00:00
PAY00398,ORD00571,Card,,2024-09-20 06:00:00
PAY00426,ORD00607,Card,327507.66,2024-11-30 09:00:00
PAY00453,ORD00638,Mobile Money,439020.25,2023-05-26 16:00:00
PAY00476,ORD00667,Card,,2024-04-10 16:00:00
PAY00521,ORD00734,Card,,2024-01-22 00:00:00
PAY00526,ORD00740,Card,,2024-01-14 20:00:00
PAY00531,ORD00745,Card,,2023-09-27 23:00:00
PAY00560,ORD00787,Bank Transfer,44449.74,2024-06-29 16:00:00
PAY00577,ORD00809,Card,17694.90,2024-12-17 12:00:00
PAY00591,ORD00825,Cash on Delivery,,2024-06-10 04:00:00
PAY00605,ORD00844,Bank Transfer,,2024-11-01 13:00:00
PAY00628,ORD00870,Card,,2024-12-15 19:00:00
PAY00635,ORD00878,Card,354205.42,2024-11-23 16:00:00
PAY00667,ORD00917,Bank Transfer,478987.84,2024-10-15 04:00:00
PAY00669,ORD00919,Card,,2024-04-14 11:00:00
PAY00690,ORD00948,Bank Transfer,,2023-05-09 07:00:00
PAY00730,ORD01000,Card,332153.37,2023-07-02 23:00:00
PAY00733,ORD01003,Cash on Delivery,,2024-02-27 00:00:00
PAY00739,ORD01010,Bank Transfer,,2024-08-31 22:00:00
PAY00785,ORD01067,Mobile Money,,2025-01-01 21:00:00
PAY00807,ORD01099,Bank Transfer,,2024-10-11 17:00:00
PAY00829,ORD01126,Cash on Delivery,445519.58,2024-05-08 09:00:00
PAY00843,ORD01144,Card,,2024-06-04 09:00:00
PAY00844,ORD01146,Cash on Delivery,,2024-10-06 02:00:00
PAY00859,ORD01163,Mobile Money,,2023-10-05 22:00:00
PAY00873,ORD01184,Card,,2024-11-19 12:00:00
PAY00884,ORD01197,Cash on Delivery,28419.53,2024-03-10 17:00:00
PAY00901,ORD01222,Bank Transfer,521312.75,2023-05-31 05:00:00
PAY00917,ORD01242,Bank Transfer,,2024-12-20 00:00:00
PAY00923,ORD01248,Card,,2024-08-29 03:00:00
PAY00946,ORD01277,Bank Transfer,,2023-03-27 13:00:00
PAY00948,ORD01280,Bank Transfer,,2024-07-31 13:00:00
PAY00954,ORD01288,Card,,2024-06-13 14:00:00
PAY00970,ORD01309,Card,,2024-07-30 11:00:00
PAY00975,ORD01316,Card,,2024-04-27 19:00:00
PAY00985,ORD01330,Cash on Delivery,,2024-05-09 19:00:00
PAY00989,ORD01335,Cash on Delivery,,2024-11-15 03:00:00
PAY00994,ORD01344,Card,,2024-11-30 05:00:00
PAY01036,ORD01400,Mobile Money,4535.45,2024-09-14 00:00:00
PAY01039,ORD01404,Mobile Money,,2024-04-10 21:00:00
PAY01041,ORD01406,Cash on Delivery,,2024-09-25 05:00:00
PAY01049,ORD01416,Mobile Money,15970.44,2024-07-18 06:00:00
PAY01113,ORD01502,Cash on Delivery,1001521.90,2024-05-27 00:00:00
PAY01122,ORD01515,Cash on Delivery,57376.80,2024-02-09 02:00:00
PAY01134,ORD01528,Card,,2023-12-09 09:00:00
PAY01140,ORD01538,Bank Transfer,,2024-12-14 23:00:00
PAY01153,ORD01558,Mobile Money,,2024-05-14 02:00:00
PAY01158,ORD01564,Card,43789.85,2023-11-13 08:00:00
PAY01163,ORD01569,Card,103389.13,2023-07-19 23:00:00
PAY01173,ORD01582,Card,260280.99,2023-07-04 14:00:00
PAY01183,ORD01597,Mobile Money,,2024-07-22 19:00:00
PAY01186,ORD01600,Mobile Money,140237.76,2024-12-13 10:00:00
PAY01197,ORD01615,Card,,2023-12-19 11:00:00
PAY01207,ORD01629,Mobile Money,,2023-06-06 18:00:00
PAY01214,ORD01639,Card,,2024-10-12 11:00:00
PAY01228,ORD01656,Card,,2024-10-23 02:00:00
PAY01237,ORD01667,Card,102447.74,2024-04-24 07:00:00
PAY01264,ORD01699,Card,,2024-09-30 20:00:00
PAY01267,ORD01704,Card,,2024-05-18 10:00:00
PAY01294,ORD01736,Card,,2024-07-13 10:00:00
PAY01318,ORD01774,Cash on Delivery,,2024-08-25 12:00:00
PAY01322,ORD01779,Cash on Delivery,,2024-06-07 21:00:00
PAY01328,ORD01786,Card,,2024-05-02 06:00:00
PAY01339,ORD01799,Card,1313271.46,2023-08-09 01:00:00
PAY01341,ORD01802,Cash on Delivery,,2024-05-20 10:00:00
PAY01389,ORD01861,Card,,2024-12-06 20:00:00
PAY01412,ORD01891,Mobile Money,,2023-08-08 02:00:00
PAY01435,ORD01921,Bank Transfer,,2024-06-06 23:00:00
PAY01461,ORD01954,Bank Transfer,,2024-07-17 12:00:00
PAY01477,ORD01977,Bank Transfer,,2024-11-14 04:00:00
PAY01493,ORD02000,Card,,2024-04-24 06:00:00
PAY01500,ORD02008,Cash on Delivery,,2024-09-01 01:00:00
PAY01532,ORD02052,Mobile Money,,2024-07-10 01:00:00
PAY01536,ORD02057,Card,57109.46,2024-06-28 19:00:00
PAY01545,ORD02068,Mobile Money,578743.00,2024-12-29 09:00:00
PAY01548,ORD02071,Bank Transfer,,2024-07-18 21:00:00
PAY01551,ORD02075,Card,104228.31,2024-10-26 04:00:00
PAY01570,ORD02097,Bank Transfer,340110.70,2024-12-27 17:00:00
PAY01574,ORD02101,Card,,2023-12-26 00:00:00
PAY01586,ORD02121,Card,,2024-07-25 20:00:00
PAY01594,ORD02131,Mobile Money,31498.10,2024-01-30 15:00:00
PAY01600,ORD02139,Bank Transfer,,2024-11-24 19:00:00
PAY01614,ORD02156,Card,171216.94,2024-06-20 12:00:00
PAY01635,ORD02184,Mobile Money,670530.77,2024-11-22 17:00:00
PAY01640,ORD02190,Card,,2024-04-17 11:00:00
PAY01679,ORD02244,Mobile Money,,2024-08-04 17:00:00
PAY01683,ORD02249,Card,,2024-12-17 06:00:00
PAY01689,ORD02256,Card,34106.30,2024-07-18 02:00:00
PAY01710,ORD02280,Card,226321.39,2024-04-13 06:00:00
PAY01711,ORD02281,Card,,2024-10-26 06:00:00
PAY01716,ORD02287,Card,269629.27,2024-12-16 04:00:00
PAY01765,ORD02348,Cash on Delivery,,2024-09-29 22:00:00
PAY01774,ORD02360,Card,768841.50,2024-05-12 17:00:00
PAY01795,ORD02386,Cash on Delivery,,2024-12-21 18:00:00
PAY01803,ORD02397,Card,,2024-12-01 05:00:00
PAY01808,ORD02402,Mobile Money,1457210.64,2024-07-04 21:00:00
PAY01815,ORD02414,Card,247264.61,2024-10-17 16:00:00
PAY01825,ORD02427,Bank Transfer,176964.02,2024-10-22 09:00:00
PAY01865,ORD02484,Mobile Money,,2024-12-26 18:00:00
PAY01891,ORD02528,Mobile Money,626693.80,2024-10-22 22:00:00
PAY01896,ORD02540,Card,288317.26,2024-02-16 02:00:00
PAY01910,ORD02557,Mobile Money,79945.84,2024-05-04 08:00:00
PAY01912,ORD02559,Card,445358.44,2024-10-30 12:00:00
PAY01965,ORD02635,Cash on Delivery,111030.12,2024-11-19 02:00:00
PAY01969,ORD02639,Mobile Money,,2024-12-27 10:00:00
PAY01982,ORD02658,Bank Transfer,,2024-09-03 11:00:00
PAY01988,ORD02665,Bank Transfer,,2023-10-29 08:00:00
PAY01989,ORD02666,Cash on Delivery,263416.03,2024-03-08 00:00:00
PAY01992,ORD02672,Card,249096.11,2024-09-21 02:00:00
PAY01995,ORD02676,Card,,2024-11-27 04:00:00
PAY01997,ORD02681,Mobile Money,,2024-12-03 07:00:00
PAY02003,ORD02690,Card,,2024-06-23 02:00:00
PAY02012,ORD02706,Bank Transfer,240879.20,2024-05-20 15:00:00
PAY02019,ORD02716,Card,,2024-10-31 13:00:00
PAY02021,ORD02718,Bank Transfer,,2024-12-27 15:00:00
PAY02026,ORD02725,Cash on Delivery,,2024-06-01 15:00:00
PAY02034,ORD02740,Bank Transfer,,2024-09-11 02:00:00
PAY02069,ORD02788,Cash on Delivery,363996.06,2024-12-07 17:00:00
PAY02098,ORD02822,Card,,2024-03-22 10:00:00
PAY02122,ORD02854,Bank Transfer,61048.20,2024-11-11 18:00:00
PAY02139,ORD02875,Card,,2024-11-27 14:00:00
PAY02149,ORD02886,Bank Transfer,,2024-03-24 01:00:00
PAY02165,ORD02905,Card,,2024-09-27 12:00:00
PAY02167,ORD02908,Card,,2024-07-04 01:00:00
PAY02176,ORD02920,Cash on Delivery,,2024-06-20 03:00:00
PAY02188,ORD02935,Card,,2024-07-17 01:00:00
PAY02189,ORD02936,Bank Transfer,81118.15,2024-12-10 20:00:00
PAY02197,ORD02945,Card,,2024-07-28 01:00:00
PAY02207,ORD02958,Mobile Money,,2024-01-14 08:00:00
PAY02212,ORD02965,Card,,2024-09-16 13:00:00
PAY02214,ORD02968,Card,,2024-08-31 12:00:00
PAY02229,ORD02988,Mobile Money,,2023-12-24 05:00:00
